,Neutrophils,Monocytes,CD4
10:100232436:-,19.02780039030904,27.570798951735718,40.59589755186453
10:100232925:-,19.02780039030904,27.570798951735718,40.59589755186453
10:100232926:-,19.02780039030904,27.570798951735718,40.59589755186453
10:100233035:-,19.02780039030904,27.570798951735718,40.59589755186453
10:100233052:-,19.02780039030904,27.570798951735718,40.59589755186453
10:100233090:-,19.02780039030904,27.570798951735718,40.59589755186453
10:12831014:+,143.7074056982252,49.71090111267252,76.92602446519449
10:12833566:+,143.7074056982252,49.71090111267252,76.92602446519449
10:14907006:-,17.446317909151773,31.57768799608897,31.360321317819874
10:20284377:+,174.67911863278638,234.68058765617695,0.1211272650556567
10:3778225:-,995.642731331231,3434.4126405115157,1164.5669237702173
10:49988823:+,0.1014118174556896,0.8342553435027643,2.469030390191195
10:70404397:+,227.58067624745425,278.57619778577526,221.8120957904891
10:70422696:+,227.58067624745425,278.57619778577526,221.8120957904891
10:72234070:+,35.115163113926414,81.4486068410915,200.1147027024072
10:72234878:+,35.115163113926414,81.4486068410915,200.1147027024072
10:72234933:+,35.115163113926414,81.4486068410915,200.1147027024072
10:72234948:+,35.115163113926414,81.4486068410915,200.1147027024072
10:72234954:+,35.115163113926414,81.4486068410915,200.1147027024072
10:72235003:+,35.115163113926414,81.4486068410915,200.1147027024072
10:72235379:+,35.115163113926414,81.4486068410915,200.1147027024072
10:73249117:-,7.27316314581336,30.797766819722863,44.40259995100087
10:73250083:-,7.27316314581336,30.797766819722863,44.40259995100087
10:73250156:-,7.27316314581336,30.797766819722863,44.40259995100087
10:97664917:+,5.584216157895131,47.96015939552122,18.91853095047361
11:102396871:-,419.76178970706377,442.3375376969856,916.7711909406548
11:108365741:+,63.57217071853885,70.32380408489531,526.5732681962021
11:108365793:+,63.57217071853885,70.32380408489531,526.5732681962021
11:108365977:+,63.57217071853885,70.32380408489531,526.5732681962021
11:108367126:+,63.57217071853885,70.32380408489531,526.5732681962021
11:108367193:+,63.57217071853885,70.32380408489531,526.5732681962021
11:108367225:+,63.57217071853885,70.32380408489531,526.5732681962021
11:108367229:+,63.57217071853885,70.32380408489531,526.5732681962021
11:108367260:+,63.57217071853885,70.32380408489531,526.5732681962021
11:118748642:-,223.27412266490657,92.71234201366812,328.4741124446452
11:118898246:-,5.499662693749008,44.76561612025213,453.7391548944843
11:44934804:-,138.28682072614242,40.61981001303042,6.525890238507087
11:46678959:-,95.71828044977586,120.92316814626923,91.57475504928944
11:61007594:+,0.1986879156309466,0.154882940974604,662.0039403474954
11:64219582:+,265.8117140749245,411.87662746882927,162.32990503326795
11:64307330:+,28.269625809609742,45.20038049213252,16.629703184167877
11:65321908:+,1.2234829516834926,0.2693664618468457,0.001
11:65375817:-,6.938308454414891,12.080483415402336,85.29706871587902
11:65375897:-,6.938308454414891,12.080483415402336,85.29706871587902
11:65375978:-,6.938308454414891,12.080483415402336,85.29706871587902
11:65581686:+,733.092312606551,720.4063496895754,264.11877617098435
11:65774507:-,676.4284762978798,388.95562304307657,58.25276750615875
11:65774548:-,676.4284762978798,388.95562304307657,58.25276750615875
11:65774680:-,676.4284762978798,388.95562304307657,58.25276750615875
11:65774681:-,676.4284762978798,388.95562304307657,58.25276750615875
11:65775818:-,676.4284762978798,388.95562304307657,58.25276750615875
11:65775919:-,676.4284762978798,388.95562304307657,58.25276750615875
11:65775920:-,676.4284762978798,388.95562304307657,58.25276750615875
11:65775966:-,676.4284762978798,388.95562304307657,58.25276750615875
11:65775986:-,676.4284762978798,388.95562304307657,58.25276750615875
11:65776157:-,676.4284762978798,388.95562304307657,58.25276750615875
11:65776162:-,676.4284762978798,388.95562304307657,58.25276750615875
11:65776696:-,676.4284762978798,388.95562304307657,58.25276750615875
11:65776882:-,676.4284762978798,388.95562304307657,58.25276750615875
11:65776893:-,676.4284762978798,388.95562304307657,58.25276750615875
11:65776909:-,676.4284762978798,388.95562304307657,58.25276750615875
11:65776910:-,676.4284762978798,388.95562304307657,58.25276750615875
11:65776954:-,676.4284762978798,388.95562304307657,58.25276750615875
11:65776988:-,676.4284762978798,388.95562304307657,58.25276750615875
11:65776998:-,676.4284762978798,388.95562304307657,58.25276750615875
11:65777013:-,676.4284762978798,388.95562304307657,58.25276750615875
11:65777018:-,676.4284762978798,388.95562304307657,58.25276750615875
11:65777031:-,676.4284762978798,388.95562304307657,58.25276750615875
11:65777051:-,676.4284762978798,388.95562304307657,58.25276750615875
11:65777103:-,676.4284762978798,388.95562304307657,58.25276750615875
11:74455756:-,51.13806718465359,67.76979001862033,0.0992795704381054
11:74455855:-,51.13806718465359,67.76979001862033,0.0992795704381054
11:74455865:-,51.13806718465359,67.76979001862033,0.0992795704381054
11:74456110:-,51.13806718465359,67.76979001862033,0.0992795704381054
11:74456209:-,51.13806718465359,67.76979001862033,0.0992795704381054
11:769402:-,4.021735445779533,31.77512954418007,62.19272154912835
11:769448:-,4.021735445779533,31.77512954418007,62.19272154912835
11:769458:-,4.021735445779533,31.77512954418007,62.19272154912835
11:769894:-,4.021735445779533,31.77512954418007,62.19272154912835
11:83157398:+,203.7575460060099,150.46910460785438,189.0495501469119
11:8686359:+,63.72060336219458,528.6056824964844,1461.2803907702864
11:8686369:+,63.72060336219458,528.6056824964844,1461.2803907702864
11:8686404:+,63.72060336219458,528.6056824964844,1461.2803907702864
11:8687341:+,63.72060336219458,528.6056824964844,1461.2803907702864
11:93735604:-,18.828409392972976,30.49466407713125,98.3128469427848
11:93735629:-,18.828409392972976,30.49466407713125,98.3128469427848
12:10315185:+,0.56213531400023,0.1178134064208862,3.67691173355894
12:10315251:+,0.56213531400023,0.1178134064208862,3.67691173355894
12:10315315:+,0.56213531400023,0.1178134064208862,3.67691173355894
12:10315360:+,0.56213531400023,0.1178134064208862,3.67691173355894
12:10315372:+,0.56213531400023,0.1178134064208862,3.67691173355894
12:10315387:+,0.56213531400023,0.1178134064208862,3.67691173355894
12:10315861:+,0.56213531400023,0.1178134064208862,3.67691173355894
12:10315862:+,0.56213531400023,0.1178134064208862,3.67691173355894
12:10315884:+,0.56213531400023,0.1178134064208862,3.67691173355894
12:10316458:+,0.56213531400023,0.1178134064208862,3.67691173355894
12:10316476:+,0.56213531400023,0.1178134064208862,3.67691173355894
12:10316495:+,0.56213531400023,0.1178134064208862,3.67691173355894
12:10316549:+,0.56213531400023,0.1178134064208862,3.67691173355894
12:10316588:+,0.56213531400023,0.1178134064208862,3.67691173355894
12:10316637:+,0.56213531400023,0.1178134064208862,3.67691173355894
12:10316663:+,0.56213531400023,0.1178134064208862,3.67691173355894
12:10316676:+,0.56213531400023,0.1178134064208862,3.67691173355894
12:10318784:+,0.56213531400023,0.1178134064208862,3.67691173355894
12:108591202:-,12.092012737911418,3.073338573917808,8.055713099020483
12:112971005:+,483.75015198136936,353.66518871619763,139.7226512010161
12:113390110:+,1.7332338606874858,108.96723615698448,36.67004869923238
12:113390120:+,1.7332338606874858,108.96723615698448,36.67004869923238
12:113391119:+,1.7332338606874858,108.96723615698448,36.67004869923238
12:120093527:+,0.4261893745646011,0.1001700852764515,140.68228579404698
12:120461139:+,9.256043343116286,22.832511277461805,42.46970331344133
12:122769109:+,28.411996113327405,45.81655460713606,75.69211808790561
12:122769131:+,28.411996113327405,45.81655460713606,75.69211808790561
12:122981653:+,24.5781030653828,128.81396660036194,180.31006744381472
12:123661824:+,0.3647128256577084,12.845858386312424,27.109839417915644
12:124911941:-,1497.3569927752983,1646.7838846210543,870.1607192702704
12:131922591:+,258.8860066179475,161.91701476083688,72.89799188333171
12:132721369:+,0.3853621599495194,16.22546574565899,26.99247778783007
12:132721508:+,0.3853621599495194,16.22546574565899,26.99247778783007
12:132721836:+,0.3853621599495194,16.22546574565899,26.99247778783007
12:132769999:-,23.9645813117979,48.23511787572035,103.81108385261342
12:2825793:+,0.8021763626792853,8.509558698303213,23.899277528849584
12:43787631:+,77.87701820824603,52.80130242710472,101.45034788421243
12:43787801:+,77.87701820824603,52.80130242710472,101.45034788421243
12:48342785:-,93.67849857459392,56.25455918610928,58.91835782170183
12:48342826:-,93.67849857459392,56.25455918610928,58.91835782170183
12:48937441:-,177.60683067850232,218.5224381689228,93.37814300772315
12:48938460:-,177.60683067850232,218.5224381689228,93.37814300772315
12:49763964:+,879.1484210585343,791.521526531755,499.9878899442963
12:49763989:+,879.1484210585343,791.521526531755,499.9878899442963
12:50930379:+,0.001,0.001,0.001
12:50930408:+,0.001,0.001,0.001
12:50930474:+,0.001,0.001,0.001
12:50930529:+,0.001,0.001,0.001
12:50930539:+,0.001,0.001,0.001
12:50930652:+,0.001,0.001,0.001
12:50930712:+,0.001,0.001,0.001
12:50930722:+,0.001,0.001,0.001
12:50930855:+,0.001,0.001,0.001
12:50931454:+,0.001,0.001,0.001
12:50931522:+,0.001,0.001,0.001
12:50931589:+,0.001,0.001,0.001
12:50931606:+,0.001,0.001,0.001
12:50931635:+,0.001,0.001,0.001
12:50931656:+,0.001,0.001,0.001
12:68843232:+,143.4576063761204,77.5510247060603,54.90247379095302
12:68843262:+,143.4576063761204,77.5510247060603,54.90247379095302
12:68843275:+,143.4576063761204,77.5510247060603,54.90247379095302
12:68843292:+,143.4576063761204,77.5510247060603,54.90247379095302
12:68843296:+,143.4576063761204,77.5510247060603,54.90247379095302
12:68843753:+,143.4576063761204,77.5510247060603,54.90247379095302
12:68843777:+,143.4576063761204,77.5510247060603,54.90247379095302
12:68843947:+,143.4576063761204,77.5510247060603,54.90247379095302
12:7094837:-,178.41741432782587,41.40282622911367,30.89891344720361
12:71702798:+,0.3864951553338412,12.51306245924927,17.229341979313027
12:98548842:+,1.771807532416144,99.14632894959855,136.59835096107977
12:98548864:+,1.771807532416144,99.14632894959855,136.59835096107977
12:98549026:+,1.771807532416144,99.14632894959855,136.59835096107977
12:98549061:+,1.771807532416144,99.14632894959855,136.59835096107977
12:98549106:+,1.771807532416144,99.14632894959855,136.59835096107977
12:98549232:+,1.771807532416144,99.14632894959855,136.59835096107977
12:98549317:+,1.771807532416144,99.14632894959855,136.59835096107977
12:98549324:+,1.771807532416144,99.14632894959855,136.59835096107977
12:98549370:+,1.771807532416144,99.14632894959855,136.59835096107977
12:98549422:+,1.771807532416144,99.14632894959855,136.59835096107977
12:98733532:+,257.368283709966,108.41134802634028,40.406493913650806
12:98733667:+,257.368283709966,108.41134802634028,40.406493913650806
12:98733685:+,257.368283709966,108.41134802634028,40.406493913650806
12:98733695:+,257.368283709966,108.41134802634028,40.406493913650806
12:98734992:+,257.368283709966,108.41134802634028,40.406493913650806
12:98734997:+,257.368283709966,108.41134802634028,40.406493913650806
12:98735013:+,257.368283709966,108.41134802634028,40.406493913650806
13:19672218:+,81.62421502253459,34.30856021261479,200.9450321121511
13:19672261:+,81.62421502253459,34.30856021261479,200.9450321121511
13:19672882:+,81.62421502253459,34.30856021261479,200.9450321121511
13:19672883:+,81.62421502253459,34.30856021261479,200.9450321121511
13:19672934:+,81.62421502253459,34.30856021261479,200.9450321121511
13:21374316:-,27.763697739654347,188.3455894007057,128.1301043579117
13:21374320:-,27.763697739654347,188.3455894007057,128.1301043579117
13:21374436:-,27.763697739654347,188.3455894007057,128.1301043579117
13:21374437:-,27.763697739654347,188.3455894007057,128.1301043579117
13:21374484:-,27.763697739654347,188.3455894007057,128.1301043579117
13:21374507:-,27.763697739654347,188.3455894007057,128.1301043579117
13:21374515:-,27.763697739654347,188.3455894007057,128.1301043579117
13:21374876:-,27.763697739654347,188.3455894007057,128.1301043579117
13:21374915:-,27.763697739654347,188.3455894007057,128.1301043579117
13:21374953:-,27.763697739654347,188.3455894007057,128.1301043579117
13:21375011:-,27.763697739654347,188.3455894007057,128.1301043579117
13:21375051:-,27.763697739654347,188.3455894007057,128.1301043579117
13:21375057:-,27.763697739654347,188.3455894007057,128.1301043579117
13:21375071:-,27.763697739654347,188.3455894007057,128.1301043579117
13:95793723:+,165.68356533577406,96.34978313066809,40.61433634216814
14:105049499:-,17.13911464537314,37.30250583223492,56.893396990226094
14:105049512:-,17.13911464537314,37.30250583223492,56.893396990226094
14:105049679:-,17.13911464537314,37.30250583223492,56.893396990226094
14:105049696:-,17.13911464537314,37.30250583223492,56.893396990226094
14:20366227:-,105.99228487925204,138.0266076684436,83.1807816038093
14:20366228:-,105.99228487925204,138.0266076684436,83.1807816038093
14:20366332:-,105.99228487925204,138.0266076684436,83.1807816038093
14:20366333:-,105.99228487925204,138.0266076684436,83.1807816038093
14:20366932:-,105.99228487925204,138.0266076684436,83.1807816038093
14:20366936:-,105.99228487925204,138.0266076684436,83.1807816038093
14:20366961:-,105.99228487925204,138.0266076684436,83.1807816038093
14:20366979:-,105.99228487925204,138.0266076684436,83.1807816038093
14:20367026:-,105.99228487925204,138.0266076684436,83.1807816038093
14:20367030:-,105.99228487925204,138.0266076684436,83.1807816038093
14:20367118:-,105.99228487925204,138.0266076684436,83.1807816038093
14:23296548:-,2.5525555605210544,6.503012043185693,75.75436521749538
14:52642958:-,149.92189589868195,82.59339267520683,119.8609561920715
14:52642959:-,149.92189589868195,82.59339267520683,119.8609561920715
14:52643091:-,149.92189589868195,82.59339267520683,119.8609561920715
14:52643106:-,149.92189589868195,82.59339267520683,119.8609561920715
14:58372551:+,136.1382784499254,54.60105841951847,86.24937941400492
14:64483589:-,1.1099050257045426,7.315118784294868,121.71053028350887
14:64484498:-,1.1099050257045426,7.315118784294868,121.71053028350887
14:74735608:+,14.793249766052304,28.621089076334563,43.291122550921706
14:74736152:+,14.793249766052304,28.621089076334563,43.291122550921706
14:76205038:+,47.91975074592042,65.44658776996431,90.14678149994712
14:89160383:-,190.72717901060187,222.4219053774333,245.21715657339425
14:89160386:-,190.72717901060187,222.4219053774333,245.21715657339425
14:95185096:-,47.31284022555471,104.95002373306887,0.5210193608773477
14:95186642:-,47.31284022555471,104.95002373306887,0.5210193608773477
14:95415466:-,18.536012795916005,120.3216204147934,188.9917911486066
15:34231141:-,437.97123327170334,153.77425300444497,146.62230465942872
15:34231314:-,437.97123327170334,153.77425300444497,146.62230465942872
15:34231354:-,437.97123327170334,153.77425300444497,146.62230465942872
15:34231360:-,437.97123327170334,153.77425300444497,146.62230465942872
15:34231407:-,437.97123327170334,153.77425300444497,146.62230465942872
15:34231474:-,437.97123327170334,153.77425300444497,146.62230465942872
15:34231649:-,437.97123327170334,153.77425300444497,146.62230465942872
15:34231665:-,437.97123327170334,153.77425300444497,146.62230465942872
15:34231694:-,437.97123327170334,153.77425300444497,146.62230465942872
15:34231727:-,437.97123327170334,153.77425300444497,146.62230465942872
15:34231753:-,437.97123327170334,153.77425300444497,146.62230465942872
15:34231975:-,437.97123327170334,153.77425300444497,146.62230465942872
15:34232287:-,437.97123327170334,153.77425300444497,146.62230465942872
15:34232343:-,437.97123327170334,153.77425300444497,146.62230465942872
15:34232454:-,437.97123327170334,153.77425300444497,146.62230465942872
15:34232506:-,437.97123327170334,153.77425300444497,146.62230465942872
15:41900146:-,8.50955997619975,68.3619992930243,51.61992845137362
15:42531589:+,266.3831778690165,164.19667887516795,76.44394925908357
15:42532147:+,266.3831778690165,164.19667887516795,76.44394925908357
15:42532296:+,266.3831778690165,164.19667887516795,76.44394925908357
15:43794609:+,2.355523886815205,9.655772504237571,8.00379501194044
15:45482003:-,0.0320839067349563,0.4107914313319304,7.808001181722211
15:49126658:-,18.92644344774321,69.69338376905671,100.1529550988932
15:49126926:-,18.92644344774321,69.69338376905671,100.1529550988932
15:58184800:+,2310.1691052847,135.82620722837098,0.4955190362103704
15:64154841:+,2.110217210714367,2.877352374292114,3.025396180767218
15:64154928:+,2.110217210714367,2.877352374292114,3.025396180767218
15:64154936:+,2.110217210714367,2.877352374292114,3.025396180767218
15:64155080:+,2.110217210714367,2.877352374292114,3.025396180767218
15:64155171:+,2.110217210714367,2.877352374292114,3.025396180767218
15:64155184:+,2.110217210714367,2.877352374292114,3.025396180767218
15:64155196:+,2.110217210714367,2.877352374292114,3.025396180767218
15:64155224:+,2.110217210714367,2.877352374292114,3.025396180767218
15:64155236:+,2.110217210714367,2.877352374292114,3.025396180767218
15:64155268:+,2.110217210714367,2.877352374292114,3.025396180767218
15:64155432:+,2.110217210714367,2.877352374292114,3.025396180767218
15:64155441:+,2.110217210714367,2.877352374292114,3.025396180767218
15:84641813:-,13.716038872219196,24.9406161454995,63.66978457576944
15:84641973:-,13.716038872219196,24.9406161454995,63.66978457576944
15:84642182:-,13.716038872219196,24.9406161454995,63.66978457576944
15:84642201:-,13.716038872219196,24.9406161454995,63.66978457576944
15:84642217:-,13.716038872219196,24.9406161454995,63.66978457576944
15:89196030:+,494.8400795301258,185.99431329561983,63.42254387773724
15:89196098:+,494.8400795301258,185.99431329561983,63.42254387773724
15:89196116:+,494.8400795301258,185.99431329561983,63.42254387773724
15:93027251:+,306.1699060688095,176.47541337404704,507.8039296534975
16:10924260:+,16.41771309512824,332.70388841208944,8.786782891652017
16:10925418:+,16.41771309512824,332.70388841208944,8.786782891652017
16:10926740:+,16.41771309512824,332.70388841208944,8.786782891652017
16:10928388:+,16.41771309512824,332.70388841208944,8.786782891652017
16:10928417:+,16.41771309512824,332.70388841208944,8.786782891652017
16:10928470:+,16.41771309512824,332.70388841208944,8.786782891652017
16:10931042:+,0.001,0.001,0.001
16:10931068:+,0.001,0.001,0.001
16:10931069:+,0.001,0.001,0.001
16:10931085:+,0.001,0.001,0.001
16:10931104:+,0.001,0.001,0.001
16:10931114:+,0.001,0.001,0.001
16:10931207:+,0.001,0.001,0.001
16:10931213:+,0.001,0.001,0.001
16:10931217:+,0.001,0.001,0.001
16:10931231:+,0.001,0.001,0.001
16:10931236:+,0.001,0.001,0.001
16:10931257:+,0.001,0.001,0.001
16:10931609:+,0.001,0.001,0.001
16:10931633:+,0.001,0.001,0.001
16:10931691:+,0.001,0.001,0.001
16:10931699:+,0.001,0.001,0.001
16:10931735:+,0.001,0.001,0.001
16:10931759:+,0.001,0.001,0.001
16:10931768:+,0.001,0.001,0.001
16:10931779:+,0.001,0.001,0.001
16:10931796:+,0.001,0.001,0.001
16:10931799:+,0.001,0.001,0.001
16:10931822:+,0.001,0.001,0.001
16:10931865:+,0.001,0.001,0.001
16:10932756:+,0.001,0.001,0.001
16:10932790:+,0.001,0.001,0.001
16:10932804:+,0.001,0.001,0.001
16:10932816:+,0.001,0.001,0.001
16:10932871:+,0.001,0.001,0.001
16:10932885:+,0.001,0.001,0.001
16:10936195:+,0.001,0.001,0.001
16:12660855:-,1171.863375169872,338.5947668600959,7.25037121478734
16:12660894:-,1171.863375169872,338.5947668600959,7.25037121478734
16:12660924:-,1171.863375169872,338.5947668600959,7.25037121478734
16:12661027:-,1171.863375169872,338.5947668600959,7.25037121478734
16:12661105:-,1171.863375169872,338.5947668600959,7.25037121478734
16:21640034:-,392.0050434020933,107.6531716924809,0.848586218735767
16:21640137:-,392.0050434020933,107.6531716924809,0.848586218735767
16:21640166:-,392.0050434020933,107.6531716924809,0.848586218735767
16:21640183:-,392.0050434020933,107.6531716924809,0.848586218735767
16:21640210:-,392.0050434020933,107.6531716924809,0.848586218735767
16:21640237:-,392.0050434020933,107.6531716924809,0.848586218735767
16:21640484:-,392.0050434020933,107.6531716924809,0.848586218735767
16:21640666:-,392.0050434020933,107.6531716924809,0.848586218735767
16:21640719:-,392.0050434020933,107.6531716924809,0.848586218735767
16:21640720:-,392.0050434020933,107.6531716924809,0.848586218735767
16:21640733:-,392.0050434020933,107.6531716924809,0.848586218735767
16:21640740:-,392.0050434020933,107.6531716924809,0.848586218735767
16:21640764:-,392.0050434020933,107.6531716924809,0.848586218735767
16:21641222:-,392.0050434020933,107.6531716924809,0.848586218735767
16:23463780:-,1.9105236763676552,105.95399073575608,137.13880434787208
16:23463960:-,1.9105236763676552,105.95399073575608,137.13880434787208
16:23465152:-,1.9105236763676552,105.95399073575608,137.13880434787208
16:23465256:-,1.9105236763676552,105.95399073575608,137.13880434787208
16:27450664:+,0.1191022476483424,3.094984481094808,53.18302337506185
16:29665078:+,5.571424053313407,126.84262184472868,120.15197867136108
16:29667654:+,5.571424053313407,126.84262184472868,120.15197867136108
16:29667730:+,5.571424053313407,126.84262184472868,120.15197867136108
16:29668040:+,5.571424053313407,126.84262184472868,120.15197867136108
16:29668110:+,5.571424053313407,126.84262184472868,120.15197867136108
16:29668200:+,5.571424053313407,126.84262184472868,120.15197867136108
16:29668228:+,5.571424053313407,126.84262184472868,120.15197867136108
16:29668306:+,5.571424053313407,126.84262184472868,120.15197867136108
16:29668480:+,5.571424053313407,126.84262184472868,120.15197867136108
16:29668509:+,5.571424053313407,126.84262184472868,120.15197867136108
16:29668636:+,5.571424053313407,126.84262184472868,120.15197867136108
16:29668699:+,5.571424053313407,126.84262184472868,120.15197867136108
16:29668712:+,5.571424053313407,126.84262184472868,120.15197867136108
16:29668883:+,5.571424053313407,126.84262184472868,120.15197867136108
16:29668892:+,5.571424053313407,126.84262184472868,120.15197867136108
16:29668965:+,5.571424053313407,126.84262184472868,120.15197867136108
16:29669100:+,5.571424053313407,126.84262184472868,120.15197867136108
16:29669600:+,5.571424053313407,126.84262184472868,120.15197867136108
16:29669949:+,5.571424053313407,126.84262184472868,120.15197867136108
16:29669981:+,5.571424053313407,126.84262184472868,120.15197867136108
16:29670009:+,5.571424053313407,126.84262184472868,120.15197867136108
16:29670049:+,5.571424053313407,126.84262184472868,120.15197867136108
16:29670138:+,5.571424053313407,126.84262184472868,120.15197867136108
16:29670200:+,5.571424053313407,126.84262184472868,120.15197867136108
16:29670367:+,5.571424053313407,126.84262184472868,120.15197867136108
16:29670438:+,5.571424053313407,126.84262184472868,120.15197867136108
16:3242105:-,543.4978404549947,137.70692376155392,0.2421770600013772
16:3242117:-,543.4978404549947,137.70692376155392,0.2421770600013772
16:3242132:-,543.4978404549947,137.70692376155392,0.2421770600013772
16:3242199:-,543.4978404549947,137.70692376155392,0.2421770600013772
16:3242489:-,543.4978404549947,137.70692376155392,0.2421770600013772
16:48352383:+,14.474738111304442,61.602818386497965,149.76987320826976
16:48352442:+,14.474738111304442,61.602818386497965,149.76987320826976
16:48352443:+,14.474738111304442,61.602818386497965,149.76987320826976
16:48352578:+,14.474738111304442,61.602818386497965,149.76987320826976
16:48353398:+,14.474738111304442,61.602818386497965,149.76987320826976
16:48354482:+,14.474738111304442,61.602818386497965,149.76987320826976
16:50105571:+,3.448837330068754,49.44093888757367,31.50106639262087
16:50673292:-,94.56575560004588,62.249516506092846,80.4872858273111
16:57683958:+,606.3722466047523,0.7206222850307605,0.1414071591619036
16:67546369:+,112.99916039845095,149.6916050750192,40.35668179805813
16:69702643:+,159.27121322729727,39.18798213118998,81.4447744193429
16:70379917:-,221.71696566262597,65.68395903861946,51.54379006428289
16:75445495:-,17.38026334034523,34.15268688012061,45.15919972155383
16:75445992:-,17.38026334034523,34.15268688012061,45.15919972155383
16:75446008:-,17.38026334034523,34.15268688012061,45.15919972155383
16:75446074:-,17.38026334034523,34.15268688012061,45.15919972155383
16:89563497:+,28.585407310568076,847.6710567241506,3440.4541971810186
16:89563617:+,28.585407310568076,847.6710567241506,3440.4541971810186
17:1005526:-,214.9011596623097,224.6616119823136,135.78808943145282
17:1572942:-,567.5859128747412,382.5466744963882,5.53107189263137
17:1573050:-,567.5859128747412,382.5466744963882,5.53107189263137
17:1573080:-,567.5859128747412,382.5466744963882,5.53107189263137
17:17186597:+,25.382440661465694,100.39349909250348,443.2069971356999
17:17186611:+,25.382440661465694,100.39349909250348,443.2069971356999
17:17186660:+,25.382440661465694,100.39349909250348,443.2069971356999
17:29551047:+,134.16346685533358,111.8386997936675,158.6851178130375
17:3035658:+,178.3836899706667,156.99201169714158,101.26097800385836
17:30958767:+,1.7712359909714783,84.21763603686027,0.0145393063750554
17:31534384:+,162.23677781380175,61.55428292141504,114.12263977447807
17:31534509:+,162.23677781380175,61.55428292141504,114.12263977447807
17:35010639:-,77.30550082408196,23.93133597280009,58.09897655639537
17:35010995:-,77.30550082408196,23.93133597280009,58.09897655639537
17:35271156:+,7.876402066576021,22.999434080022297,317.2820367737972
17:35439591:-,3.1023941373086066,1.4032720683469446,52.69495479608753
17:35468033:-,0.9453414884590052,2.1357178894327395,268.45022690088723
17:35468168:-,0.9453414884590052,2.1357178894327395,268.45022690088723
17:35468774:-,0.9453414884590052,2.1357178894327395,268.45022690088723
17:35468784:-,0.9453414884590052,2.1357178894327395,268.45022690088723
17:35468795:-,0.9453414884590052,2.1357178894327395,268.45022690088723
17:35468880:-,0.9453414884590052,2.1357178894327395,268.45022690088723
17:35468891:-,0.9453414884590052,2.1357178894327395,268.45022690088723
17:35468903:-,0.9453414884590052,2.1357178894327395,268.45022690088723
17:35468906:-,0.9453414884590052,2.1357178894327395,268.45022690088723
17:35473996:-,0.9453414884590052,2.1357178894327395,268.45022690088723
17:35474731:-,0.9453414884590052,2.1357178894327395,268.45022690088723
17:35474922:-,0.9453414884590052,2.1357178894327395,268.45022690088723
17:37515695:-,53.754462579935705,35.175613866910844,214.6435125153764
17:38919642:+,746.4524163215412,371.3747420782182,168.08166447069704
17:3897601:-,87.83068857429909,111.91258832329558,0.1095900598505401
17:39759158:-,0.2503519863771278,0.2373977110979031,200.6604489192403
17:39759180:-,0.2503519863771278,0.2373977110979031,200.6604489192403
17:39759293:-,0.2503519863771278,0.2373977110979031,200.6604489192403
17:39759298:-,0.2503519863771278,0.2373977110979031,200.6604489192403
17:39759353:-,0.2503519863771278,0.2373977110979031,200.6604489192403
17:39759377:-,0.2503519863771278,0.2373977110979031,200.6604489192403
17:39759379:-,0.2503519863771278,0.2373977110979031,200.6604489192403
17:39760207:-,0.2503519863771278,0.2373977110979031,200.6604489192403
17:39760536:-,0.2503519863771278,0.2373977110979031,200.6604489192403
17:39760560:-,0.2503519863771278,0.2373977110979031,200.6604489192403
17:39760595:-,0.2503519863771278,0.2373977110979031,200.6604489192403
17:39760596:-,0.2503519863771278,0.2373977110979031,200.6604489192403
17:39760920:-,0.2503519863771278,0.2373977110979031,200.6604489192403
17:39760965:-,0.2503519863771278,0.2373977110979031,200.6604489192403
17:39761010:-,0.2503519863771278,0.2373977110979031,200.6604489192403
17:39761057:-,0.2503519863771278,0.2373977110979031,200.6604489192403
17:39761068:-,0.2503519863771278,0.2373977110979031,200.6604489192403
17:39761076:-,0.2503519863771278,0.2373977110979031,200.6604489192403
17:39761469:-,0.2503519863771278,0.2373977110979031,200.6604489192403
17:39761473:-,0.2503519863771278,0.2373977110979031,200.6604489192403
17:39761481:-,0.2503519863771278,0.2373977110979031,200.6604489192403
17:39761495:-,0.2503519863771278,0.2373977110979031,200.6604489192403
17:39761516:-,0.2503519863771278,0.2373977110979031,200.6604489192403
17:39761549:-,0.2503519863771278,0.2373977110979031,200.6604489192403
17:39761885:-,0.2503519863771278,0.2373977110979031,200.6604489192403
17:39761941:-,0.2503519863771278,0.2373977110979031,200.6604489192403
17:39761977:-,0.2503519863771278,0.2373977110979031,200.6604489192403
17:39762027:-,0.2503519863771278,0.2373977110979031,200.6604489192403
17:39762629:-,0.2503519863771278,0.2373977110979031,200.6604489192403
17:39763882:-,0.2503519863771278,0.2373977110979031,200.6604489192403
17:39763950:-,0.2503519863771278,0.2373977110979031,200.6604489192403
17:39763964:-,0.2503519863771278,0.2373977110979031,200.6604489192403
17:39763990:-,0.2503519863771278,0.2373977110979031,200.6604489192403
17:39764007:-,0.2503519863771278,0.2373977110979031,200.6604489192403
17:39764206:-,0.2503519863771278,0.2373977110979031,200.6604489192403
17:39764280:-,0.2503519863771278,0.2373977110979031,200.6604489192403
17:39764368:-,0.2503519863771278,0.2373977110979031,200.6604489192403
17:39764402:-,0.2503519863771278,0.2373977110979031,200.6604489192403
17:39764407:-,0.2503519863771278,0.2373977110979031,200.6604489192403
17:39764418:-,0.2503519863771278,0.2373977110979031,200.6604489192403
17:42702335:-,101.48425115593996,70.10974364010094,146.55119526650975
17:43218105:+,1.7880880708847684,19.65502839987384,5.881590375143928
17:440932:-,248.6176928698491,134.3476397316211,135.32700781106556
17:441919:-,248.6176928698491,134.3476397316211,135.32700781106556
17:441981:-,248.6176928698491,134.3476397316211,135.32700781106556
17:441991:-,248.6176928698491,134.3476397316211,135.32700781106556
17:48121400:+,78.96815591945693,40.21821196769592,22.37729851904273
17:49831007:+,63.80978586199936,94.417698098212,116.14219512169826
17:56891473:-,569.5538089698973,166.98046415124523,78.00821254454017
17:63694744:+,339.21639863633754,423.49217104933336,142.9065932219692
17:64321539:-,1210.5675596162907,827.9967939418625,41.38680762814645
17:64321638:-,1210.5675596162907,827.9967939418625,41.38680762814645
17:64321677:-,1210.5675596162907,827.9967939418625,41.38680762814645
17:64322853:-,1210.5675596162907,827.9967939418625,41.38680762814645
17:64322879:-,1210.5675596162907,827.9967939418625,41.38680762814645
17:64322885:-,1210.5675596162907,827.9967939418625,41.38680762814645
17:64322886:-,1210.5675596162907,827.9967939418625,41.38680762814645
17:64322996:-,1210.5675596162907,827.9967939418625,41.38680762814645
17:64468388:+,7.792757871850018,33.50426213628024,0.0496221214650443
17:6774884:+,252.09247882303504,176.61289373027705,184.81137055471265
17:7246055:-,86.14085275989774,152.29537950221578,107.96986212473573
17:75889325:-,0.9546359171262926,18.36042265586764,41.02168957612634
17:75889857:-,0.9546359171262926,18.36042265586764,41.02168957612634
17:75890130:-,0.9546359171262926,18.36042265586764,41.02168957612634
17:75943360:-,191.3020215004429,43.06327971060289,23.411852871808023
17:75943521:-,191.3020215004429,43.06327971060289,23.411852871808023
17:75943995:-,191.3020215004429,43.06327971060289,23.411852871808023
17:75944038:-,191.3020215004429,43.06327971060289,23.411852871808023
17:75944149:-,191.3020215004429,43.06327971060289,23.411852871808023
17:75944151:-,191.3020215004429,43.06327971060289,23.411852871808023
17:75944358:-,191.3020215004429,43.06327971060289,23.411852871808023
17:75944793:-,191.3020215004429,43.06327971060289,23.411852871808023
17:75944836:-,191.3020215004429,43.06327971060289,23.411852871808023
17:75944850:-,191.3020215004429,43.06327971060289,23.411852871808023
17:75944877:-,191.3020215004429,43.06327971060289,23.411852871808023
17:75945012:-,191.3020215004429,43.06327971060289,23.411852871808023
17:75945017:-,191.3020215004429,43.06327971060289,23.411852871808023
17:75945026:-,191.3020215004429,43.06327971060289,23.411852871808023
17:78109578:-,94.22427294676046,174.2798420692281,933.5249346777364
17:78110521:-,94.22427294676046,174.2798420692281,933.5249346777364
17:7911910:+,88.38126102902663,176.784393199598,970.0644001669588
17:81681339:-,6.488017786640671,15.796220726171804,36.31893587368183
17:81681365:-,6.488017786640671,15.796220726171804,36.31893587368183
17:8224975:-,65.03626703412858,47.56870942409837,432.8014155055212
18:32068939:+,3.4696364296792,38.13306792147,168.4098595194992
18:32068940:+,3.4696364296792,38.13306792147,168.4098595194992
18:32068983:+,3.4696364296792,38.13306792147,168.4098595194992
18:32069035:+,3.4696364296792,38.13306792147,168.4098595194992
18:32069053:+,3.4696364296792,38.13306792147,168.4098595194992
18:32069157:+,3.4696364296792,38.13306792147,168.4098595194992
18:32070101:+,3.4696364296792,38.13306792147,168.4098595194992
18:32070140:+,3.4696364296792,38.13306792147,168.4098595194992
18:32070205:+,3.4696364296792,38.13306792147,168.4098595194992
18:32071299:+,3.4696364296792,38.13306792147,168.4098595194992
18:32071398:+,3.4696364296792,38.13306792147,168.4098595194992
18:32071973:+,3.4696364296792,38.13306792147,168.4098595194992
18:32072115:+,3.4696364296792,38.13306792147,168.4098595194992
18:32072155:+,3.4696364296792,38.13306792147,168.4098595194992
18:58753332:+,14.1963625331564,75.66670999284514,218.0684191132806
19:10930129:+,2.538910849637717,7.171576351623887,15.510220346580772
19:12079390:+,0.001,0.001,0.001
19:12080806:+,0.001,0.001,0.001
19:12670968:-,0.001,0.001,0.001
19:12672568:-,0.001,0.001,0.001
19:13772619:+,3.122888154825919,32.53934403280175,90.01408188474677
19:13773028:+,3.122888154825919,32.53934403280175,90.01408188474677
19:13773040:+,3.122888154825919,32.53934403280175,90.01408188474677
19:13773047:+,3.122888154825919,32.53934403280175,90.01408188474677
19:13773059:+,3.122888154825919,32.53934403280175,90.01408188474677
19:13773147:+,3.122888154825919,32.53934403280175,90.01408188474677
19:13773191:+,3.122888154825919,32.53934403280175,90.01408188474677
19:13773205:+,3.122888154825919,32.53934403280175,90.01408188474677
19:13773361:+,3.122888154825919,32.53934403280175,90.01408188474677
19:13773384:+,3.122888154825919,32.53934403280175,90.01408188474677
19:13773416:+,3.122888154825919,32.53934403280175,90.01408188474677
19:13773757:+,3.122888154825919,32.53934403280175,90.01408188474677
19:13773912:+,3.122888154825919,32.53934403280175,90.01408188474677
19:13773924:+,3.122888154825919,32.53934403280175,90.01408188474677
19:13773927:+,3.122888154825919,32.53934403280175,90.01408188474677
19:14610598:+,10.519097258060407,0.8576959793355322,0.0754703459445466
19:14610605:+,10.519097258060407,0.8576959793355322,0.0754703459445466
19:14610618:+,10.519097258060407,0.8576959793355322,0.0754703459445466
19:14610684:+,10.519097258060407,0.8576959793355322,0.0754703459445466
19:14610685:+,10.519097258060407,0.8576959793355322,0.0754703459445466
19:14610717:+,10.519097258060407,0.8576959793355322,0.0754703459445466
19:14610740:+,10.519097258060407,0.8576959793355322,0.0754703459445466
19:14610781:+,10.519097258060407,0.8576959793355322,0.0754703459445466
19:14610788:+,10.519097258060407,0.8576959793355322,0.0754703459445466
19:14610794:+,10.519097258060407,0.8576959793355322,0.0754703459445466
19:14611400:+,10.519097258060407,0.8576959793355322,0.0754703459445466
19:14611690:+,10.519097258060407,0.8576959793355322,0.0754703459445466
19:14611729:+,10.519097258060407,0.8576959793355322,0.0754703459445466
19:14611737:+,10.519097258060407,0.8576959793355322,0.0754703459445466
19:14611746:+,10.519097258060407,0.8576959793355322,0.0754703459445466
19:14611791:+,10.519097258060407,0.8576959793355322,0.0754703459445466
19:14611805:+,10.519097258060407,0.8576959793355322,0.0754703459445466
19:14734291:-,488.264779753237,167.7642273606116,3.989684813714314
19:14734323:-,488.264779753237,167.7642273606116,3.989684813714314
19:14734348:-,488.264779753237,167.7642273606116,3.989684813714314
19:14734350:-,488.264779753237,167.7642273606116,3.989684813714314
19:14734437:-,488.264779753237,167.7642273606116,3.989684813714314
19:14734608:-,488.264779753237,167.7642273606116,3.989684813714314
19:14734644:-,488.264779753237,167.7642273606116,3.989684813714314
19:14734650:-,488.264779753237,167.7642273606116,3.989684813714314
19:14734663:-,488.264779753237,167.7642273606116,3.989684813714314
19:14734668:-,488.264779753237,167.7642273606116,3.989684813714314
19:14734701:-,488.264779753237,167.7642273606116,3.989684813714314
19:14734717:-,488.264779753237,167.7642273606116,3.989684813714314
19:15661100:+,537.0456305736229,2.6207513342445328,0.1657082853648184
19:15661101:+,537.0456305736229,2.6207513342445328,0.1657082853648184
19:15661114:+,537.0456305736229,2.6207513342445328,0.1657082853648184
19:15661150:+,537.0456305736229,2.6207513342445328,0.1657082853648184
19:15661157:+,537.0456305736229,2.6207513342445328,0.1657082853648184
19:15661206:+,537.0456305736229,2.6207513342445328,0.1657082853648184
19:15661211:+,537.0456305736229,2.6207513342445328,0.1657082853648184
19:15661251:+,537.0456305736229,2.6207513342445328,0.1657082853648184
19:15662215:+,537.0456305736229,2.6207513342445328,0.1657082853648184
19:17552139:+,2.4899991966660413,1.2619695770781356,0.7058436693923675
19:17552177:+,2.4899991966660413,1.2619695770781356,0.7058436693923675
19:17552178:+,2.4899991966660413,1.2619695770781356,0.7058436693923675
19:17552212:+,2.4899991966660413,1.2619695770781356,0.7058436693923675
19:17552261:+,2.4899991966660413,1.2619695770781356,0.7058436693923675
19:17552278:+,2.4899991966660413,1.2619695770781356,0.7058436693923675
19:17552352:+,2.4899991966660413,1.2619695770781356,0.7058436693923675
19:17552370:+,2.4899991966660413,1.2619695770781356,0.7058436693923675
19:17552400:+,2.4899991966660413,1.2619695770781356,0.7058436693923675
19:17552437:+,2.4899991966660413,1.2619695770781356,0.7058436693923675
19:17552438:+,2.4899991966660413,1.2619695770781356,0.7058436693923675
19:17552485:+,2.4899991966660413,1.2619695770781356,0.7058436693923675
19:17552652:+,2.4899991966660413,1.2619695770781356,0.7058436693923675
19:17552661:+,2.4899991966660413,1.2619695770781356,0.7058436693923675
19:17552674:+,2.4899991966660413,1.2619695770781356,0.7058436693923675
19:17552675:+,2.4899991966660413,1.2619695770781356,0.7058436693923675
19:17552680:+,2.4899991966660413,1.2619695770781356,0.7058436693923675
19:17552683:+,2.4899991966660413,1.2619695770781356,0.7058436693923675
19:17552777:+,2.4899991966660413,1.2619695770781356,0.7058436693923675
19:17552817:+,2.4899991966660413,1.2619695770781356,0.7058436693923675
19:17552828:+,2.4899991966660413,1.2619695770781356,0.7058436693923675
19:17552838:+,2.4899991966660413,1.2619695770781356,0.7058436693923675
19:17553031:+,2.4899991966660413,1.2619695770781356,0.7058436693923675
19:17825711:-,479.9127465674949,80.13916847365141,422.3236883616942
19:17826308:-,479.9127465674949,80.13916847365141,422.3236883616942
19:17826378:-,479.9127465674949,80.13916847365141,422.3236883616942
19:18149698:+,357.3764383535367,98.83829795799711,104.16767011652976
19:18173936:+,0.0868845211453171,2.7992494210485184,0.001
19:18177740:+,0.0868845211453171,2.7992494210485184,0.001
19:18365365:+,12.637994632484755,59.20219338406345,46.79742522395957
19:18366898:+,12.637994632484755,59.20219338406345,46.79742522395957
19:18368011:+,12.637994632484755,59.20219338406345,46.79742522395957
19:18368074:+,12.637994632484755,59.20219338406345,46.79742522395957
19:19177384:-,24.20099560055891,18.721114905503867,14.355520762521842
19:19177394:-,24.20099560055891,18.721114905503867,14.355520762521842
19:19681494:+,11.37860573268437,5.292158009423448,124.12567088372276
19:19681646:+,11.37860573268437,5.292158009423448,124.12567088372276
19:19682267:+,11.37860573268437,5.292158009423448,124.12567088372276
19:19682923:+,11.37860573268437,5.292158009423448,124.12567088372276
19:20198687:+,28.18402404894138,1.5404242460264248,7.888511890690156
19:20198783:+,28.18402404894138,1.5404242460264248,7.888511890690156
19:20199510:+,28.18402404894138,1.5404242460264248,7.888511890690156
19:2072922:-,743.2892393804856,338.6064937534507,112.3459835170963
19:2072971:-,743.2892393804856,338.6064937534507,112.3459835170963
19:21184264:+,11.096981480787829,15.498386898011894,43.51124901243778
19:2512165:-,27.96541747180653,6.504632518138164,12.508065972220098
19:3466357:+,54.92000947476231,53.71928889385804,44.634577426455365
19:35746747:+,25.934266260845927,18.776507918455437,7.777060944658725
19:38868138:-,35.03661353977131,10.417987428735074,50.68254095722461
19:38868225:-,35.03661353977131,10.417987428735074,50.68254095722461
19:38868387:-,35.03661353977131,10.417987428735074,50.68254095722461
19:38868429:-,35.03661353977131,10.417987428735074,50.68254095722461
19:38868459:-,35.03661353977131,10.417987428735074,50.68254095722461
19:38868509:-,35.03661353977131,10.417987428735074,50.68254095722461
19:38868521:-,35.03661353977131,10.417987428735074,50.68254095722461
19:38868549:-,35.03661353977131,10.417987428735074,50.68254095722461
19:38868588:-,35.03661353977131,10.417987428735074,50.68254095722461
19:38869066:-,35.03661353977131,10.417987428735074,50.68254095722461
19:39426983:+,6.032401614305425,287.1507764091033,70.04986348302535
19:39427166:+,6.032401614305425,287.1507764091033,70.04986348302535
19:39427504:+,6.032401614305425,287.1507764091033,70.04986348302535
19:39427589:+,6.032401614305425,287.1507764091033,70.04986348302535
19:39427968:+,6.032401614305425,287.1507764091033,70.04986348302535
19:41323065:+,55.575425784917456,35.16455986824567,58.054915609519256
19:41871485:+,20.90815794778663,448.8906218705673,1555.2990155578614
19:41872625:+,20.90815794778663,448.8906218705673,1555.2990155578614
19:41872633:+,20.90815794778663,448.8906218705673,1555.2990155578614
19:41872642:+,20.90815794778663,448.8906218705673,1555.2990155578614
19:41872774:+,20.90815794778663,448.8906218705673,1555.2990155578614
19:4511817:+,98.0524947399704,1.331648404414069,2.5609428507793064
19:4522774:-,63.48320022747909,1.658384591661306,0.6869912608508526
19:4522826:-,63.48320022747909,1.658384591661306,0.6869912608508526
19:4523012:-,63.48320022747909,1.658384591661306,0.6869912608508526
19:4523035:-,63.48320022747909,1.658384591661306,0.6869912608508526
19:47321816:+,1819.1832337669732,778.5481936420138,1.2593769242916235
19:47342090:+,258.4331821846347,34.23947260210115,1.2299365245881733
19:47342098:+,258.4331821846347,34.23947260210115,1.2299365245881733
19:47342099:+,258.4331821846347,34.23947260210115,1.2299365245881733
19:47342104:+,258.4331821846347,34.23947260210115,1.2299365245881733
19:47342619:+,258.4331821846347,34.23947260210115,1.2299365245881733
19:47343547:+,258.4331821846347,34.23947260210115,1.2299365245881733
19:47344199:+,258.4331821846347,34.23947260210115,1.2299365245881733
19:48249812:-,409.2511545133263,114.2347617209018,206.80690824353272
19:48249840:-,409.2511545133263,114.2347617209018,206.80690824353272
19:48255828:-,409.2511545133263,114.2347617209018,206.80690824353272
19:48255860:-,409.2511545133263,114.2347617209018,206.80690824353272
19:5151479:+,274.8799073156161,74.98877822066612,51.53543047171267
19:51518411:-,0.001,0.001,0.1053612428879194
19:51612339:-,296.916173016135,51.10639789285561,0.0754703459445466
19:51643652:-,188.66311856364575,202.10209857070657,0.1243155107243459
19:52839309:-,8.239145046241735,8.905765211460269,15.150581804293662
19:55389284:+,136.1611269622115,719.2607437909435,1635.4320665073574
19:55390413:+,136.1611269622115,719.2607437909435,1635.4320665073574
19:57757103:+,58.902158019904704,13.28474712811386,37.57909428774352
19:57843026:+,9.509075992290368,15.026504916867404,50.07285676222662
19:57843226:+,9.509075992290368,15.026504916867404,50.07285676222662
19:57843243:+,9.509075992290368,15.026504916867404,50.07285676222662
19:57844421:+,9.509075992290368,15.026504916867404,50.07285676222662
19:57844442:+,9.509075992290368,15.026504916867404,50.07285676222662
19:57845109:+,9.509075992290368,15.026504916867404,50.07285676222662
19:57845789:+,9.509075992290368,15.026504916867404,50.07285676222662
19:57860468:+,31.966977430464777,22.80774281654522,42.97544368403678
19:57861973:+,31.966977430464777,22.80774281654522,42.97544368403678
19:5909552:+,3.774239193707812,13.52853412411934,42.338366900649966
19:5909553:+,3.774239193707812,13.52853412411934,42.338366900649966
19:5909608:+,3.774239193707812,13.52853412411934,42.338366900649966
19:5909618:+,3.774239193707812,13.52853412411934,42.338366900649966
19:5909628:+,3.774239193707812,13.52853412411934,42.338366900649966
19:5909649:+,3.774239193707812,13.52853412411934,42.338366900649966
19:5910413:+,3.774239193707812,13.52853412411934,42.338366900649966
19:5910657:+,3.774239193707812,13.52853412411934,42.338366900649966
19:5910723:+,3.774239193707812,13.52853412411934,42.338366900649966
19:9562242:-,0.8299389377935042,37.38395657091404,72.19471319364882
19:9562833:-,0.8299389377935042,37.38395657091404,72.19471319364882
19:9562853:-,0.8299389377935042,37.38395657091404,72.19471319364882
19:9562995:-,0.8299389377935042,37.38395657091404,72.19471319364882
19:9563661:-,0.8299389377935042,37.38395657091404,72.19471319364882
19:9563674:-,0.8299389377935042,37.38395657091404,72.19471319364882
1:10457994:-,1.4483883430725952,22.41750669352238,33.79221292730098
1:148102826:-,1.3346876573438309,12.88816016578653,22.603799180909142
1:149887303:-,10.13567357522685,1.8260999913336116,1.1149917961917473
1:149887583:+,1.7811142622285017,0.4310101276945143,0.0900096523196021
1:150731017:-,3160.0056241829,5196.464174204635,145.27318009539087
1:150731108:-,3160.0056241829,5196.464174204635,145.27318009539087
1:150731136:-,3160.0056241829,5196.464174204635,145.27318009539087
1:150731142:-,3160.0056241829,5196.464174204635,145.27318009539087
1:150731170:-,3160.0056241829,5196.464174204635,145.27318009539087
1:150731195:-,3160.0056241829,5196.464174204635,145.27318009539087
1:150731202:-,3160.0056241829,5196.464174204635,145.27318009539087
1:150731221:-,3160.0056241829,5196.464174204635,145.27318009539087
1:150731238:-,3160.0056241829,5196.464174204635,145.27318009539087
1:150731239:-,3160.0056241829,5196.464174204635,145.27318009539087
1:150731243:-,3160.0056241829,5196.464174204635,145.27318009539087
1:150731265:-,3160.0056241829,5196.464174204635,145.27318009539087
1:150731268:-,3160.0056241829,5196.464174204635,145.27318009539087
1:150731275:-,3160.0056241829,5196.464174204635,145.27318009539087
1:150731287:-,3160.0056241829,5196.464174204635,145.27318009539087
1:150731300:-,3160.0056241829,5196.464174204635,145.27318009539087
1:150731304:-,3160.0056241829,5196.464174204635,145.27318009539087
1:150731305:-,3160.0056241829,5196.464174204635,145.27318009539087
1:150731310:-,3160.0056241829,5196.464174204635,145.27318009539087
1:150731335:-,3160.0056241829,5196.464174204635,145.27318009539087
1:150731343:-,3160.0056241829,5196.464174204635,145.27318009539087
1:150731361:-,3160.0056241829,5196.464174204635,145.27318009539087
1:150731383:-,3160.0056241829,5196.464174204635,145.27318009539087
1:150731385:-,3160.0056241829,5196.464174204635,145.27318009539087
1:150731936:-,3160.0056241829,5196.464174204635,145.27318009539087
1:150731941:-,3160.0056241829,5196.464174204635,145.27318009539087
1:150731966:-,3160.0056241829,5196.464174204635,145.27318009539087
1:150731971:-,3160.0056241829,5196.464174204635,145.27318009539087
1:150731999:-,3160.0056241829,5196.464174204635,145.27318009539087
1:150732006:-,3160.0056241829,5196.464174204635,145.27318009539087
1:150732009:-,3160.0056241829,5196.464174204635,145.27318009539087
1:150732023:-,3160.0056241829,5196.464174204635,145.27318009539087
1:150732031:-,3160.0056241829,5196.464174204635,145.27318009539087
1:150732067:-,3160.0056241829,5196.464174204635,145.27318009539087
1:150732071:-,3160.0056241829,5196.464174204635,145.27318009539087
1:150732108:-,3160.0056241829,5196.464174204635,145.27318009539087
1:150732128:-,3160.0056241829,5196.464174204635,145.27318009539087
1:150732136:-,3160.0056241829,5196.464174204635,145.27318009539087
1:150732177:-,3160.0056241829,5196.464174204635,145.27318009539087
1:150732182:-,3160.0056241829,5196.464174204635,145.27318009539087
1:150732735:-,3160.0056241829,5196.464174204635,145.27318009539087
1:150732739:-,3160.0056241829,5196.464174204635,145.27318009539087
1:150732771:-,3160.0056241829,5196.464174204635,145.27318009539087
1:150732801:-,3160.0056241829,5196.464174204635,145.27318009539087
1:150732809:-,3160.0056241829,5196.464174204635,145.27318009539087
1:150732828:-,3160.0056241829,5196.464174204635,145.27318009539087
1:150732855:-,3160.0056241829,5196.464174204635,145.27318009539087
1:151121699:+,3.66319912256775,16.652394221467972,66.3134144739311
1:151124328:+,3.66319912256775,16.652394221467972,66.3134144739311
1:151871158:-,0.2214946232774674,2.840974368915921,108.83551748518444
1:15934353:+,264.4061622811578,213.7918000643457,221.52604292384845
1:160332453:-,87.05284448564923,192.0057803671503,101.2194264380086
1:160350196:+,183.6930470566823,237.13344784116248,83.01585413378844
1:160996510:-,143.6588109938836,37.98665389655692,14.91147290081936
1:160996560:-,143.6588109938836,37.98665389655692,14.91147290081936
1:160996561:-,143.6588109938836,37.98665389655692,14.91147290081936
1:160996582:-,143.6588109938836,37.98665389655692,14.91147290081936
1:160996682:-,143.6588109938836,37.98665389655692,14.91147290081936
1:160998025:-,0.4142381404919972,0.0967582322634342,0.6281440557339881
1:160998147:-,0.4142381404919972,0.0967582322634342,0.6281440557339881
1:161047799:-,844.4359387744504,495.80274625387926,488.2935327866329
1:1663537:-,42.71067534191896,48.08021115956233,140.88953919710485
1:1663567:-,42.71067534191896,48.08021115956233,140.88953919710485
1:1663581:-,42.71067534191896,48.08021115956233,140.88953919710485
1:1663585:-,42.71067534191896,48.08021115956233,140.88953919710485
1:1663591:-,42.71067534191896,48.08021115956233,140.88953919710485
1:1663608:-,42.71067534191896,48.08021115956233,140.88953919710485
1:1663634:-,42.71067534191896,48.08021115956233,140.88953919710485
1:1663740:-,42.71067534191896,48.08021115956233,140.88953919710485
1:17069157:-,704.5591696574855,120.96913984672524,0.0756986330452163
1:184791988:-,1834.4632469049648,74.72267336077638,62.492531256798046
1:184791994:-,1834.4632469049648,74.72267336077638,62.492531256798046
1:184792044:-,1834.4632469049648,74.72267336077638,62.492531256798046
1:184792053:-,1834.4632469049648,74.72267336077638,62.492531256798046
1:184792094:-,1834.4632469049648,74.72267336077638,62.492531256798046
1:184792139:-,1834.4632469049648,74.72267336077638,62.492531256798046
1:184792177:-,1834.4632469049648,74.72267336077638,62.492531256798046
1:184792215:-,1834.4632469049648,74.72267336077638,62.492531256798046
1:184792226:-,1834.4632469049648,74.72267336077638,62.492531256798046
1:184793337:-,1834.4632469049648,74.72267336077638,62.492531256798046
1:184793352:-,1834.4632469049648,74.72267336077638,62.492531256798046
1:184793389:-,1834.4632469049648,74.72267336077638,62.492531256798046
1:184793446:-,1834.4632469049648,74.72267336077638,62.492531256798046
1:184793455:-,1834.4632469049648,74.72267336077638,62.492531256798046
1:184793541:-,1834.4632469049648,74.72267336077638,62.492531256798046
1:204550605:+,67.44854056012994,122.81544114515398,184.5012641317584
1:204550649:+,67.44854056012994,122.81544114515398,184.5012641317584
1:204550768:+,67.44854056012994,122.81544114515398,184.5012641317584
1:204552031:+,67.44854056012994,122.81544114515398,184.5012641317584
1:204552193:+,67.44854056012994,122.81544114515398,184.5012641317584
1:204552583:+,67.44854056012994,122.81544114515398,184.5012641317584
1:204552595:+,67.44854056012994,122.81544114515398,184.5012641317584
1:204555617:+,67.44854056012994,122.81544114515398,184.5012641317584
1:204555677:+,67.44854056012994,122.81544114515398,184.5012641317584
1:204555717:+,67.44854056012994,122.81544114515398,184.5012641317584
1:204555821:+,67.44854056012994,122.81544114515398,184.5012641317584
1:204556404:+,67.44854056012994,122.81544114515398,184.5012641317584
1:204556419:+,67.44854056012994,122.81544114515398,184.5012641317584
1:204556450:+,67.44854056012994,122.81544114515398,184.5012641317584
1:204556462:+,67.44854056012994,122.81544114515398,184.5012641317584
1:204556471:+,67.44854056012994,122.81544114515398,184.5012641317584
1:204556512:+,67.44854056012994,122.81544114515398,184.5012641317584
1:204556519:+,67.44854056012994,122.81544114515398,184.5012641317584
1:204556558:+,67.44854056012994,122.81544114515398,184.5012641317584
1:204556584:+,67.44854056012994,122.81544114515398,184.5012641317584
1:204556652:+,67.44854056012994,122.81544114515398,184.5012641317584
1:204556661:+,67.44854056012994,122.81544114515398,184.5012641317584
1:204557425:+,67.44854056012994,122.81544114515398,184.5012641317584
1:204557466:+,67.44854056012994,122.81544114515398,184.5012641317584
1:204557502:+,67.44854056012994,122.81544114515398,184.5012641317584
1:204557531:+,67.44854056012994,122.81544114515398,184.5012641317584
1:204557623:+,67.44854056012994,122.81544114515398,184.5012641317584
1:204557666:+,67.44854056012994,122.81544114515398,184.5012641317584
1:212816222:+,25.050913882152237,13.861628813305073,10.47509004225408
1:225846244:-,44.91068230637264,48.03091196323081,510.7695249097982
1:225983638:-,59.89569679220727,48.89378041697627,70.46069815556285
1:225983698:-,59.89569679220727,48.89378041697627,70.46069815556285
1:225984620:-,59.89569679220727,48.89378041697627,70.46069815556285
1:24537642:+,0.5628216424194267,18.138570682389343,534.7720008141346
1:24537828:+,0.5628216424194267,18.138570682389343,534.7720008141346
1:24538468:+,0.5628216424194267,18.138570682389343,534.7720008141346
1:24538697:+,0.5628216424194267,18.138570682389343,534.7720008141346
1:24538857:+,0.5628216424194267,18.138570682389343,534.7720008141346
1:26879110:-,11.378691984414306,20.527919671563524,44.8568435577992
1:28498857:+,3.9412767606885017,36.77246651727971,38.95166211423708
1:28499572:+,3.9412767606885017,36.77246651727971,38.95166211423708
1:35602075:-,17.55339685130958,97.18533194112806,61.69205266717048
1:35602147:-,17.55339685130958,97.18533194112806,61.69205266717048
1:35602150:-,17.55339685130958,97.18533194112806,61.69205266717048
1:35602182:-,17.55339685130958,97.18533194112806,61.69205266717048
1:35602215:-,17.55339685130958,97.18533194112806,61.69205266717048
1:35602564:-,17.55339685130958,97.18533194112806,61.69205266717048
1:35602608:-,17.55339685130958,97.18533194112806,61.69205266717048
1:35602629:-,17.55339685130958,97.18533194112806,61.69205266717048
1:35602723:-,17.55339685130958,97.18533194112806,61.69205266717048
1:35602768:-,17.55339685130958,97.18533194112806,61.69205266717048
1:3780492:-,18.438566152414754,40.71824077447918,61.93863965984328
1:37860921:-,10.58533782666654,27.115792276622702,35.658430131092615
1:37860970:-,10.58533782666654,27.115792276622702,35.658430131092615
1:37861027:-,10.58533782666654,27.115792276622702,35.658430131092615
1:37861055:-,10.58533782666654,27.115792276622702,35.658430131092615
1:37861065:-,10.58533782666654,27.115792276622702,35.658430131092615
1:37861101:-,10.58533782666654,27.115792276622702,35.658430131092615
1:37862027:-,10.58533782666654,27.115792276622702,35.658430131092615
1:52823874:+,43.989026813026165,31.73552300327704,44.443641420372735
1:6522364:-,1.4951071910186124,17.299666845505513,65.23407376419875
1:66985111:+,128.94928733282606,61.8371805860349,115.13888247621524
1:66985165:+,128.94928733282606,61.8371805860349,115.13888247621524
1:89182619:-,107.0652082434521,80.09015165677737,121.17227899078028
1:89182705:-,107.0652082434521,80.09015165677737,121.17227899078028
1:89182751:-,107.0652082434521,80.09015165677737,121.17227899078028
1:89183643:-,107.0652082434521,80.09015165677737,121.17227899078028
1:89183685:-,107.0652082434521,80.09015165677737,121.17227899078028
1:89183695:-,107.0652082434521,80.09015165677737,121.17227899078028
1:89183803:-,107.0652082434521,80.09015165677737,121.17227899078028
1:89183838:-,107.0652082434521,80.09015165677737,121.17227899078028
1:89183865:-,107.0652082434521,80.09015165677737,121.17227899078028
1:9266897:+,27.441900357938927,100.45944177742513,92.0394652775248
20:20390866:-,137.3854087390504,54.91515643657173,71.13906058067982
20:36891631:-,126.28473106214878,760.0748554736676,486.4292972498051
20:36892531:-,126.28473106214878,760.0748554736676,486.4292972498051
20:36892555:-,126.28473106214878,760.0748554736676,486.4292972498051
20:36892573:-,126.28473106214878,760.0748554736676,486.4292972498051
20:37519160:-,21.31733627117325,44.55559140127059,59.91249648641454
20:37519169:-,21.31733627117325,44.55559140127059,59.91249648641454
20:37519232:-,21.31733627117325,44.55559140127059,59.91249648641454
20:3869565:+,43.43535704212279,107.10640715415244,164.68019439920374
20:3869813:+,43.43535704212279,107.10640715415244,164.68019439920374
20:3869839:+,43.43535704212279,107.10640715415244,164.68019439920374
20:3869866:+,43.43535704212279,107.10640715415244,164.68019439920374
20:3872210:+,43.43535704212279,107.10640715415244,164.68019439920374
20:3872213:+,43.43535704212279,107.10640715415244,164.68019439920374
20:3872376:+,43.43535704212279,107.10640715415244,164.68019439920374
20:3872412:+,43.43535704212279,107.10640715415244,164.68019439920374
20:3928531:-,377.3976864693663,57.335568806666544,13.78643547711265
20:3928567:-,377.3976864693663,57.335568806666544,13.78643547711265
20:3928592:-,377.3976864693663,57.335568806666544,13.78643547711265
20:3928618:-,377.3976864693663,57.335568806666544,13.78643547711265
20:3928671:-,377.3976864693663,57.335568806666544,13.78643547711265
20:3928883:-,377.3976864693663,57.335568806666544,13.78643547711265
20:3928930:-,377.3976864693663,57.335568806666544,13.78643547711265
20:3928933:-,377.3976864693663,57.335568806666544,13.78643547711265
20:3928944:-,377.3976864693663,57.335568806666544,13.78643547711265
20:3928953:-,377.3976864693663,57.335568806666544,13.78643547711265
20:3928959:-,377.3976864693663,57.335568806666544,13.78643547711265
20:3928985:-,377.3976864693663,57.335568806666544,13.78643547711265
20:3929065:-,377.3976864693663,57.335568806666544,13.78643547711265
20:3929232:-,377.3976864693663,57.335568806666544,13.78643547711265
20:3929281:-,377.3976864693663,57.335568806666544,13.78643547711265
20:3929291:-,377.3976864693663,57.335568806666544,13.78643547711265
20:3929316:-,377.3976864693663,57.335568806666544,13.78643547711265
20:3929346:-,377.3976864693663,57.335568806666544,13.78643547711265
20:3929376:-,377.3976864693663,57.335568806666544,13.78643547711265
20:45077524:+,388.610652414715,183.03002268287955,488.1823365115724
20:45078228:+,388.610652414715,183.03002268287955,488.1823365115724
20:45078305:+,388.610652414715,183.03002268287955,488.1823365115724
20:45078344:+,388.610652414715,183.03002268287955,488.1823365115724
20:45078346:+,388.610652414715,183.03002268287955,488.1823365115724
20:45079027:+,388.610652414715,183.03002268287955,488.1823365115724
20:45079067:+,388.610652414715,183.03002268287955,488.1823365115724
20:45079094:+,388.610652414715,183.03002268287955,488.1823365115724
20:45079117:+,388.610652414715,183.03002268287955,488.1823365115724
20:45079129:+,388.610652414715,183.03002268287955,488.1823365115724
20:45079143:+,388.610652414715,183.03002268287955,488.1823365115724
20:45079148:+,388.610652414715,183.03002268287955,488.1823365115724
20:45079172:+,388.610652414715,183.03002268287955,488.1823365115724
20:45802003:+,85.13797776522101,27.418043260672103,10.3888784168064
20:50876763:+,0.0163984126861269,0.0572332625787454,16.01679666934575
20:5195165:+,175.3159896942598,76.64642563073924,111.928468976606
20:62813216:+,165.30619906902905,131.87832663082952,67.89524193777311
21:33263910:+,94.7422996939966,46.87686737876044,46.92719957490874
21:33263997:+,94.7422996939966,46.87686737876044,46.92719957490874
21:33264782:+,94.7422996939966,46.87686737876044,46.92719957490874
21:33264843:+,94.7422996939966,46.87686737876044,46.92719957490874
21:33264853:+,94.7422996939966,46.87686737876044,46.92719957490874
21:33265139:+,94.7422996939966,46.87686737876044,46.92719957490874
21:33355908:+,259.3156155474624,82.84082522922367,52.71110686340396
21:33357801:+,259.3156155474624,82.84082522922367,52.71110686340396
21:33358770:+,259.3156155474624,82.84082522922367,52.71110686340396
21:33550441:+,326.7448898433378,402.34858855233927,714.5797547255114
21:33550481:+,326.7448898433378,402.34858855233927,714.5797547255114
21:33550852:+,326.7448898433378,402.34858855233927,714.5797547255114
21:33550949:+,326.7448898433378,402.34858855233927,714.5797547255114
21:33551012:+,326.7448898433378,402.34858855233927,714.5797547255114
21:33551528:+,326.7448898433378,402.34858855233927,714.5797547255114
21:33551798:+,326.7448898433378,402.34858855233927,714.5797547255114
21:38302921:+,593.8524818557473,5.9130285564186735,0.2296414261042485
21:42909822:+,4.041586789896712,28.74551364721978,23.44186099620181
21:44224635:-,0.1014118174556896,6.569006043618605,2.5654555483064505
21:45512814:+,231.6991739552209,46.65934700406056,12.951427123908502
22:17110242:+,853.2036964374324,460.4877001030245,157.15867572735527
22:17110376:+,853.2036964374324,460.4877001030245,157.15867572735527
22:17110777:+,853.2036964374324,460.4877001030245,157.15867572735527
22:17113267:+,853.2036964374324,460.4877001030245,157.15867572735527
22:17113310:+,853.2036964374324,460.4877001030245,157.15867572735527
22:17113448:+,853.2036964374324,460.4877001030245,157.15867572735527
22:17113458:+,853.2036964374324,460.4877001030245,157.15867572735527
22:17113470:+,853.2036964374324,460.4877001030245,157.15867572735527
22:17116946:-,27.1051183860792,14.014722856949904,0.1695226707280192
22:17116947:-,27.1051183860792,14.014722856949904,0.1695226707280192
22:18088707:+,4.967295617872582,42.696349302330894,80.2779926012299
22:20065601:+,69.07694906769625,59.56234856163002,41.67249637541333
22:21922604:-,370.0299034423978,331.21707875277843,66.13585235567872
22:24572666:+,0.001,0.001,0.001
22:24573002:+,0.001,0.001,0.001
22:24573020:+,0.001,0.001,0.001
22:24573082:+,0.001,0.001,0.001
22:24573092:+,0.001,0.001,0.001
22:24573123:+,0.001,0.001,0.001
22:24573190:+,0.001,0.001,0.001
22:24573659:+,0.001,0.001,0.001
22:24573660:+,0.001,0.001,0.001
22:24573786:+,0.001,0.001,0.001
22:24573813:+,0.001,0.001,0.001
22:24574706:+,0.001,0.001,0.001
22:24574751:+,0.001,0.001,0.001
22:25724899:+,11.727595325223254,190.6445403073241,5.690118064414422
22:25725025:+,11.727595325223254,190.6445403073241,5.690118064414422
22:25725030:+,11.727595325223254,190.6445403073241,5.690118064414422
22:25725098:+,11.727595325223254,190.6445403073241,5.690118064414422
22:25725109:+,11.727595325223254,190.6445403073241,5.690118064414422
22:26522822:-,59.096086711173015,63.54526841600212,49.76973019935966
22:26522896:-,59.096086711173015,63.54526841600212,49.76973019935966
22:26523182:-,59.096086711173015,63.54526841600212,49.76973019935966
22:26523800:-,59.096086711173015,63.54526841600212,49.76973019935966
22:26524341:-,59.096086711173015,63.54526841600212,49.76973019935966
22:26524444:-,59.096086711173015,63.54526841600212,49.76973019935966
22:26524475:-,59.096086711173015,63.54526841600212,49.76973019935966
22:26524500:-,59.096086711173015,63.54526841600212,49.76973019935966
22:26524504:-,59.096086711173015,63.54526841600212,49.76973019935966
22:26525284:-,59.096086711173015,63.54526841600212,49.76973019935966
22:26525341:-,59.096086711173015,63.54526841600212,49.76973019935966
22:35659829:+,228.26722042301955,125.4420565472556,165.01449728694638
22:35659868:+,228.26722042301955,125.4420565472556,165.01449728694638
22:35659926:+,228.26722042301955,125.4420565472556,165.01449728694638
22:35659931:+,228.26722042301955,125.4420565472556,165.01449728694638
22:35659975:+,228.26722042301955,125.4420565472556,165.01449728694638
22:35660344:+,228.26722042301955,125.4420565472556,165.01449728694638
22:35660361:+,228.26722042301955,125.4420565472556,165.01449728694638
22:35660445:+,228.26722042301955,125.4420565472556,165.01449728694638
22:35660498:+,228.26722042301955,125.4420565472556,165.01449728694638
22:35660516:+,228.26722042301955,125.4420565472556,165.01449728694638
22:35660582:+,228.26722042301955,125.4420565472556,165.01449728694638
22:35660617:+,228.26722042301955,125.4420565472556,165.01449728694638
22:35660702:+,228.26722042301955,125.4420565472556,165.01449728694638
22:35661307:+,228.26722042301955,125.4420565472556,165.01449728694638
22:36266114:+,123.22290726648708,35.35968967546961,17.92394331575032
22:36266649:+,123.22290726648708,35.35968967546961,17.92394331575032
22:36266650:+,123.22290726648708,35.35968967546961,17.92394331575032
22:36266793:+,123.22290726648708,35.35968967546961,17.92394331575032
22:36266794:+,123.22290726648708,35.35968967546961,17.92394331575032
22:36266854:+,123.22290726648708,35.35968967546961,17.92394331575032
22:36266886:+,123.22290726648708,35.35968967546961,17.92394331575032
22:39018748:+,4.604990821174353,81.21787158986827,47.98204589464032
22:39018894:+,4.604990821174353,81.21787158986827,47.98204589464032
22:39018917:+,4.604990821174353,81.21787158986827,47.98204589464032
22:39019885:+,4.604990821174353,81.21787158986827,47.98204589464032
22:39019975:+,4.604990821174353,81.21787158986827,47.98204589464032
22:39020029:+,4.604990821174353,81.21787158986827,47.98204589464032
22:39020057:+,4.604990821174353,81.21787158986827,47.98204589464032
22:39020075:+,4.604990821174353,81.21787158986827,47.98204589464032
22:39032721:+,0.3562109824463405,0.2188869318384799,3.779643066011345
22:41178990:+,360.7647056502456,234.7863386087633,232.46668530171044
22:41599255:-,13.7873690471915,48.82436345423092,45.92439808644222
22:41599279:-,13.7873690471915,48.82436345423092,45.92439808644222
22:42381237:-,923.0706721901,574.182377816378,0.6024086288724388
22:42381262:-,923.0706721901,574.182377816378,0.6024086288724388
22:42381369:-,923.0706721901,574.182377816378,0.6024086288724388
22:42382830:-,923.0706721901,574.182377816378,0.6024086288724388
22:42382869:-,923.0706721901,574.182377816378,0.6024086288724388
22:42383474:-,923.0706721901,574.182377816378,0.6024086288724388
22:42383480:-,923.0706721901,574.182377816378,0.6024086288724388
22:42383500:-,923.0706721901,574.182377816378,0.6024086288724388
22:42383504:-,923.0706721901,574.182377816378,0.6024086288724388
22:42383532:-,923.0706721901,574.182377816378,0.6024086288724388
22:42383533:-,923.0706721901,574.182377816378,0.6024086288724388
22:42383582:-,923.0706721901,574.182377816378,0.6024086288724388
22:42383646:-,923.0706721901,574.182377816378,0.6024086288724388
22:42383670:-,923.0706721901,574.182377816378,0.6024086288724388
22:50623950:-,172.59517687598165,84.21725250899799,146.73301405607813
22:50624024:-,172.59517687598165,84.21725250899799,146.73301405607813
22:50624361:-,172.59517687598165,84.21725250899799,146.73301405607813
2:128193936:+,91.3480658720796,93.15271077943758,85.24292927714501
2:152120203:-,44.55417322593311,17.000684852941866,16.529524360929795
2:159769457:-,50.0230657733416,91.10785272030974,1.211042932091522
2:159769988:-,50.0230657733416,91.10785272030974,1.211042932091522
2:159770082:-,50.0230657733416,91.10785272030974,1.211042932091522
2:159770173:-,50.0230657733416,91.10785272030974,1.211042932091522
2:200977710:-,280.23173403264843,35.67221736594308,52.34806016579539
2:200977768:-,280.23173403264843,35.67221736594308,52.34806016579539
2:200977820:-,280.23173403264843,35.67221736594308,52.34806016579539
2:200978571:-,280.23173403264843,35.67221736594308,52.34806016579539
2:201164009:+,1179.893780896706,240.13021034817507,293.54709662043035
2:201164040:+,1179.893780896706,240.13021034817507,293.54709662043035
2:201164055:+,1179.893780896706,240.13021034817507,293.54709662043035
2:201164079:+,1179.893780896706,240.13021034817507,293.54709662043035
2:201164087:+,1179.893780896706,240.13021034817507,293.54709662043035
2:201164143:+,1179.893780896706,240.13021034817507,293.54709662043035
2:201165370:+,1179.893780896706,240.13021034817507,293.54709662043035
2:201165387:+,1179.893780896706,240.13021034817507,293.54709662043035
2:201165399:+,1179.893780896706,240.13021034817507,293.54709662043035
2:201165409:+,1179.893780896706,240.13021034817507,293.54709662043035
2:201165444:+,1179.893780896706,240.13021034817507,293.54709662043035
2:201165450:+,1179.893780896706,240.13021034817507,293.54709662043035
2:201165480:+,1179.893780896706,240.13021034817507,293.54709662043035
2:201165514:+,1179.893780896706,240.13021034817507,293.54709662043035
2:201165533:+,1179.893780896706,240.13021034817507,293.54709662043035
2:201165545:+,1179.893780896706,240.13021034817507,293.54709662043035
2:201175413:+,1179.893780896706,240.13021034817507,293.54709662043035
2:201218006:+,13.979487054717197,45.56764092326388,65.49584431021358
2:201219148:+,13.979487054717197,45.56764092326388,65.49584431021358
2:201219251:+,13.979487054717197,45.56764092326388,65.49584431021358
2:201286638:+,233.08001760868703,92.56523486429242,200.72762224856385
2:201286665:+,233.08001760868703,92.56523486429242,200.72762224856385
2:201286714:+,233.08001760868703,92.56523486429242,200.72762224856385
2:201286732:+,233.08001760868703,92.56523486429242,200.72762224856385
2:201287274:+,233.08001760868703,92.56523486429242,200.72762224856385
2:201287277:+,233.08001760868703,92.56523486429242,200.72762224856385
2:201287293:+,233.08001760868703,92.56523486429242,200.72762224856385
2:201287299:+,233.08001760868703,92.56523486429242,200.72762224856385
2:201287323:+,233.08001760868703,92.56523486429242,200.72762224856385
2:201287338:+,233.08001760868703,92.56523486429242,200.72762224856385
2:201287346:+,233.08001760868703,92.56523486429242,200.72762224856385
2:201287354:+,233.08001760868703,92.56523486429242,200.72762224856385
2:201287362:+,233.08001760868703,92.56523486429242,200.72762224856385
2:201287367:+,233.08001760868703,92.56523486429242,200.72762224856385
2:201287384:+,233.08001760868703,92.56523486429242,200.72762224856385
2:216501791:+,20.28368066317177,486.0081497480197,1253.9627379269812
2:219172105:-,65.40663826187328,117.16179579887503,84.44816057425535
2:230167361:-,511.4432492712475,103.35825195638895,131.6104095764264
2:230167390:-,511.4432492712475,103.35825195638895,131.6104095764264
2:230167981:-,511.4432492712475,103.35825195638895,131.6104095764264
2:230168008:-,511.4432492712475,103.35825195638895,131.6104095764264
2:3541907:-,4.1346434422166976,23.442472776591288,59.24271985384844
2:3541930:-,4.1346434422166976,23.442472776591288,59.24271985384844
2:3543850:-,4.1346434422166976,23.442472776591288,59.24271985384844
2:3545011:-,4.1346434422166976,23.442472776591288,59.24271985384844
2:3545046:-,4.1346434422166976,23.442472776591288,59.24271985384844
2:3545047:-,4.1346434422166976,23.442472776591288,59.24271985384844
2:37100425:-,227.68377112358476,95.0457750758236,65.01451941389543
2:37100445:-,227.68377112358476,95.0457750758236,65.01451941389543
2:37100446:-,227.68377112358476,95.0457750758236,65.01451941389543
2:37100872:-,227.68377112358476,95.0457750758236,65.01451941389543
2:37100938:-,227.68377112358476,95.0457750758236,65.01451941389543
2:37100988:-,227.68377112358476,95.0457750758236,65.01451941389543
2:37101247:-,227.68377112358476,95.0457750758236,65.01451941389543
2:37101539:-,227.68377112358476,95.0457750758236,65.01451941389543
2:37101620:-,227.68377112358476,95.0457750758236,65.01451941389543
2:37101656:-,227.68377112358476,95.0457750758236,65.01451941389543
2:37101910:-,227.68377112358476,95.0457750758236,65.01451941389543
2:37102036:-,227.68377112358476,95.0457750758236,65.01451941389543
2:37102070:-,227.68377112358476,95.0457750758236,65.01451941389543
2:37102094:-,227.68377112358476,95.0457750758236,65.01451941389543
2:37102163:-,227.68377112358476,95.0457750758236,65.01451941389543
2:37103894:-,227.68377112358476,95.0457750758236,65.01451941389543
2:37103921:-,227.68377112358476,95.0457750758236,65.01451941389543
2:37103933:-,227.68377112358476,95.0457750758236,65.01451941389543
2:37103975:-,227.68377112358476,95.0457750758236,65.01451941389543
2:37104381:-,227.68377112358476,95.0457750758236,65.01451941389543
2:37104411:-,227.68377112358476,95.0457750758236,65.01451941389543
2:37104785:-,227.68377112358476,95.0457750758236,65.01451941389543
2:37104872:-,227.68377112358476,95.0457750758236,65.01451941389543
2:37104880:-,227.68377112358476,95.0457750758236,65.01451941389543
2:37104898:-,227.68377112358476,95.0457750758236,65.01451941389543
2:37202382:+,4.914481884251097,20.70422433432612,41.07476842769227
2:37204341:+,0.001,0.001,0.001
2:68180525:-,141.37959938440795,83.85197609194557,64.66142253848078
2:68180529:-,141.37959938440795,83.85197609194557,64.66142253848078
2:69461662:-,20.447061393334717,33.10038251866893,246.9993973654869
2:69462637:-,20.447061393334717,33.10038251866893,246.9993973654869
2:69463444:-,20.447061393334717,33.10038251866893,246.9993973654869
2:85319249:-,404.9111527793423,592.4505762676697,516.8617307820924
2:85319274:-,404.9111527793423,592.4505762676697,516.8617307820924
2:85319302:-,404.9111527793423,592.4505762676697,516.8617307820924
2:85319333:-,404.9111527793423,592.4505762676697,516.8617307820924
2:85319448:-,404.9111527793423,592.4505762676697,516.8617307820924
2:96249499:-,310.9344537692307,297.894799336116,83.76248369630159
2:96249574:-,310.9344537692307,297.894799336116,83.76248369630159
2:98623011:-,36.27220427054733,27.92703411284463,273.647731431322
3:10150923:+,42.49363185528821,123.29724225831828,124.96453519480237
3:10151019:+,42.49363185528821,123.29724225831828,124.96453519480237
3:10151032:+,42.49363185528821,123.29724225831828,124.96453519480237
3:10151939:+,42.49363185528821,123.29724225831828,124.96453519480237
3:10152047:+,42.49363185528821,123.29724225831828,124.96453519480237
3:10152221:+,42.49363185528821,123.29724225831828,124.96453519480237
3:10152293:+,42.49363185528821,123.29724225831828,124.96453519480237
3:10152309:+,42.49363185528821,123.29724225831828,124.96453519480237
3:10152313:+,42.49363185528821,123.29724225831828,124.96453519480237
3:10152320:+,42.49363185528821,123.29724225831828,124.96453519480237
3:10152325:+,42.49363185528821,123.29724225831828,124.96453519480237
3:10152355:+,42.49363185528821,123.29724225831828,124.96453519480237
3:10152621:+,42.49363185528821,123.29724225831828,124.96453519480237
3:10152631:+,42.49363185528821,123.29724225831828,124.96453519480237
3:10152671:+,42.49363185528821,123.29724225831828,124.96453519480237
3:10152750:+,42.49363185528821,123.29724225831828,124.96453519480237
3:10152763:+,42.49363185528821,123.29724225831828,124.96453519480237
3:10152870:+,42.49363185528821,123.29724225831828,124.96453519480237
3:10152908:+,42.49363185528821,123.29724225831828,124.96453519480237
3:10152956:+,42.49363185528821,123.29724225831828,124.96453519480237
3:10153020:+,42.49363185528821,123.29724225831828,124.96453519480237
3:10153059:+,42.49363185528821,123.29724225831828,124.96453519480237
3:10153099:+,42.49363185528821,123.29724225831828,124.96453519480237
3:10153156:+,42.49363185528821,123.29724225831828,124.96453519480237
3:10153166:+,42.49363185528821,123.29724225831828,124.96453519480237
3:10153197:+,42.49363185528821,123.29724225831828,124.96453519480237
3:10153198:+,42.49363185528821,123.29724225831828,124.96453519480237
3:10153205:+,42.49363185528821,123.29724225831828,124.96453519480237
3:10153222:+,42.49363185528821,123.29724225831828,124.96453519480237
3:10153237:+,42.49363185528821,123.29724225831828,124.96453519480237
3:10153248:+,42.49363185528821,123.29724225831828,124.96453519480237
3:10153303:+,42.49363185528821,123.29724225831828,124.96453519480237
3:10153348:+,42.49363185528821,123.29724225831828,124.96453519480237
3:10153349:+,42.49363185528821,123.29724225831828,124.96453519480237
3:10153411:+,42.49363185528821,123.29724225831828,124.96453519480237
3:10153418:+,42.49363185528821,123.29724225831828,124.96453519480237
3:122573486:+,232.1092762601175,46.27476229511311,66.53452252550599
3:128071405:+,38.711655727407226,212.2646788328651,181.32673111395832
3:141948496:-,0.8484313140813255,7.354623250051786,56.50705166497328
3:141949876:-,0.8484313140813255,7.354623250051786,56.50705166497328
3:141950025:-,0.8484313140813255,7.354623250051786,56.50705166497328
3:142160239:-,1.1985440730363972,20.89310872734877,35.95893414105383
3:142160838:-,1.1985440730363972,20.89310872734877,35.95893414105383
3:142160922:-,1.1985440730363972,20.89310872734877,35.95893414105383
3:142160967:-,1.1985440730363972,20.89310872734877,35.95893414105383
3:142161013:-,1.1985440730363972,20.89310872734877,35.95893414105383
3:142163777:-,1.1985440730363972,20.89310872734877,35.95893414105383
3:150627663:+,98.3828687082074,105.10481529761717,69.80862667922261
3:15072147:-,25.530643360535212,36.857260469720565,68.47611269566958
3:15072186:-,25.530643360535212,36.857260469720565,68.47611269566958
3:156541439:-,12.712448431871437,99.45034833611356,71.69746442839778
3:156541617:-,12.712448431871437,99.45034833611356,71.69746442839778
3:179397622:-,95.48701700941017,91.61921182474552,1.1969368058183256
3:179397782:-,95.48701700941017,91.61921182474552,1.1969368058183256
3:179398209:-,95.48701700941017,91.61921182474552,1.1969368058183256
3:183491237:-,24.36053509692784,36.353827638689566,120.5344235068698
3:183491273:-,24.36053509692784,36.353827638689566,120.5344235068698
3:32955481:+,0.0433846594100328,0.0614595959658471,94.92990662451108
3:32955738:+,0.0433846594100328,0.0614595959658471,94.92990662451108
3:32955793:+,0.0433846594100328,0.0614595959658471,94.92990662451108
3:32956061:+,0.0433846594100328,0.0614595959658471,94.92990662451108
3:38140548:+,538.6289184801833,460.076871723451,78.76677151890394
3:45680343:+,1.541531082344631,27.42752239333617,37.38041953720846
3:45680550:+,1.541531082344631,27.42752239333617,37.38041953720846
3:45680562:+,1.541531082344631,27.42752239333617,37.38041953720846
3:48750422:-,20.920041871976537,68.54088216327496,57.49398034535549
3:49415395:+,17.655646254202743,35.118524160314045,46.78156262908437
3:49423877:-,0.001,0.001,0.001
4:1386786:+,43.77103068652188,47.73852212948417,53.524053632308
4:139045646:+,2.1570574305462333,19.83161519004812,4.933358324283659
4:152622846:-,891.3572821797499,105.47213263140512,28.44001665193176
4:152622851:-,891.3572821797499,105.47213263140512,28.44001665193176
4:152622852:-,891.3572821797499,105.47213263140512,28.44001665193176
4:152622853:-,891.3572821797499,105.47213263140512,28.44001665193176
4:152622865:-,891.3572821797499,105.47213263140512,28.44001665193176
4:152622928:-,891.3572821797499,105.47213263140512,28.44001665193176
4:152622938:-,891.3572821797499,105.47213263140512,28.44001665193176
4:152622951:-,891.3572821797499,105.47213263140512,28.44001665193176
4:152622980:-,891.3572821797499,105.47213263140512,28.44001665193176
4:152623028:-,891.3572821797499,105.47213263140512,28.44001665193176
4:152623053:-,891.3572821797499,105.47213263140512,28.44001665193176
4:152623067:-,891.3572821797499,105.47213263140512,28.44001665193176
4:152623117:-,891.3572821797499,105.47213263140512,28.44001665193176
4:152623606:-,891.3572821797499,105.47213263140512,28.44001665193176
4:152623661:-,891.3572821797499,105.47213263140512,28.44001665193176
4:152623707:-,891.3572821797499,105.47213263140512,28.44001665193176
4:152623713:-,891.3572821797499,105.47213263140512,28.44001665193176
4:152623824:-,891.3572821797499,105.47213263140512,28.44001665193176
4:152623848:-,891.3572821797499,105.47213263140512,28.44001665193176
4:152624381:-,891.3572821797499,105.47213263140512,28.44001665193176
4:152624427:-,891.3572821797499,105.47213263140512,28.44001665193176
4:152624478:-,891.3572821797499,105.47213263140512,28.44001665193176
4:152624561:-,891.3572821797499,105.47213263140512,28.44001665193176
4:15732397:+,160.12726830851523,165.88008730903795,0.2875703645038008
4:15849225:+,4.855422375459768,15.83684709344876,17.371806492171906
4:17626093:+,52.9735009944432,59.171232064646254,85.50989900593736
4:17801265:-,10.316065829830004,31.12933553599214,80.5953367733641
4:17801266:-,10.316065829830004,31.12933553599214,80.5953367733641
4:17801355:-,10.316065829830004,31.12933553599214,80.5953367733641
4:17801395:-,10.316065829830004,31.12933553599214,80.5953367733641
4:17802038:-,10.316065829830004,31.12933553599214,80.5953367733641
4:2833828:+,488.5971945497633,577.8974745743797,92.06646322755248
4:2839660:+,488.5971945497633,577.8974745743797,92.06646322755248
4:2839706:+,488.5971945497633,577.8974745743797,92.06646322755248
4:2839792:+,488.5971945497633,577.8974745743797,92.06646322755248
4:2839963:+,488.5971945497633,577.8974745743797,92.06646322755248
4:2839970:+,488.5971945497633,577.8974745743797,92.06646322755248
4:2840077:+,488.5971945497633,577.8974745743797,92.06646322755248
4:2840165:+,488.5971945497633,577.8974745743797,92.06646322755248
4:2840202:+,488.5971945497633,577.8974745743797,92.06646322755248
4:2938337:-,1.7061739748937503,31.95407441177564,73.73422063501486
4:2938397:-,1.7061739748937503,31.95407441177564,73.73422063501486
4:2938702:-,1.7061739748937503,31.95407441177564,73.73422063501486
4:39549050:-,27.664645633280166,57.108209727755394,13.377327417969235
4:39549082:-,27.664645633280166,57.108209727755394,13.377327417969235
4:39549094:-,27.664645633280166,57.108209727755394,13.377327417969235
4:39549155:-,27.664645633280166,57.108209727755394,13.377327417969235
4:39549166:-,27.664645633280166,57.108209727755394,13.377327417969235
4:39549346:-,27.664645633280166,57.108209727755394,13.377327417969235
4:39549410:-,27.664645633280166,57.108209727755394,13.377327417969235
4:57110067:-,2.087217890465504,27.41803546672575,0.1022463441000275
4:73057696:-,2.6347252635167107,11.519984826185624,22.54841989270733
4:73057731:-,2.6347252635167107,11.519984826185624,22.54841989270733
4:73742584:+,5239.338802178114,913.1360291878394,0.730178169371021
4:73742712:+,5239.338802178114,913.1360291878394,0.730178169371021
4:73742730:+,5239.338802178114,913.1360291878394,0.730178169371021
4:77048531:-,406.2877199581204,458.98518081032125,510.5282903675468
4:77056010:-,406.2877199581204,458.98518081032125,510.5282903675468
4:77058526:-,406.2877199581204,458.98518081032125,510.5282903675468
4:83294325:-,54.0727982326373,130.0673839132441,15.578594355419948
4:83294527:-,54.0727982326373,130.0673839132441,15.578594355419948
4:83294564:-,54.0727982326373,130.0673839132441,15.578594355419948
4:83294643:-,54.0727982326373,130.0673839132441,15.578594355419948
4:83294650:-,54.0727982326373,130.0673839132441,15.578594355419948
4:83294697:-,54.0727982326373,130.0673839132441,15.578594355419948
4:83294757:-,54.0727982326373,130.0673839132441,15.578594355419948
4:83294836:-,54.0727982326373,130.0673839132441,15.578594355419948
4:83294883:-,54.0727982326373,130.0673839132441,15.578594355419948
4:83294981:-,54.0727982326373,130.0673839132441,15.578594355419948
4:83295015:-,54.0727982326373,130.0673839132441,15.578594355419948
5:109335496:-,330.4142572828366,131.1146496378228,131.41779514091337
5:119394842:+,32.9114436750519,32.02479793573379,247.64781842472
5:119394868:+,32.9114436750519,32.02479793573379,247.64781842472
5:131201061:+,3.4601460555191133,8.889383135998502,35.19300938044193
5:131202580:+,3.4601460555191133,8.889383135998502,35.19300938044193
5:143225440:+,490.8085512732088,161.48711420846067,33.65668420214101
5:143225870:+,490.8085512732088,161.48711420846067,33.65668420214101
5:143226114:+,490.8085512732088,161.48711420846067,33.65668420214101
5:150402140:-,326.78903261529854,6732.726533437526,319.4233181933755
5:151268175:+,10.970181131281926,158.05661524959797,9.56447157850354
5:157309799:+,160.51301071416017,59.13367586914714,691.1861793398518
5:157477824:-,118.57232002714704,57.29566415806602,128.5973581708226
5:157477844:-,118.57232002714704,57.29566415806602,128.5973581708226
5:157477920:-,118.57232002714704,57.29566415806602,128.5973581708226
5:157477936:-,118.57232002714704,57.29566415806602,128.5973581708226
5:157477938:-,118.57232002714704,57.29566415806602,128.5973581708226
5:157477941:-,118.57232002714704,57.29566415806602,128.5973581708226
5:157478364:-,118.57232002714704,57.29566415806602,128.5973581708226
5:157478387:-,118.57232002714704,57.29566415806602,128.5973581708226
5:157478389:-,118.57232002714704,57.29566415806602,128.5973581708226
5:157478402:-,118.57232002714704,57.29566415806602,128.5973581708226
5:157478436:-,118.57232002714704,57.29566415806602,128.5973581708226
5:157478484:-,118.57232002714704,57.29566415806602,128.5973581708226
5:157478552:-,118.57232002714704,57.29566415806602,128.5973581708226
5:157478557:-,118.57232002714704,57.29566415806602,128.5973581708226
5:172043056:-,637.7549533065836,306.5794140116992,519.6951236934284
5:55940134:+,23.57184370600262,129.12877694266547,602.1902001338365
5:65668352:-,31.26060151888253,39.83570259613818,106.83293457676734
5:65668392:-,31.26060151888253,39.83570259613818,106.83293457676734
5:69280912:-,53.695415126875965,8.971811508607196,8.674206278112909
5:79685799:+,56.69741330461215,78.68646555084807,107.9338565957026
5:96917784:+,19.891155858080246,72.32997743021112,181.7484564011251
6:109463123:-,10.267303716464864,18.69509519367632,47.18320808943602
6:134170114:-,278.37790547966125,1497.4742579167,57.48371500177233
6:149449356:-,0.496801330016577,8.34452686073784,122.2919309566168
6:149449360:-,0.496801330016577,8.34452686073784,122.2919309566168
6:149449361:-,0.496801330016577,8.34452686073784,122.2919309566168
6:149449381:-,0.496801330016577,8.34452686073784,122.2919309566168
6:149449710:-,0.496801330016577,8.34452686073784,122.2919309566168
6:149591170:+,28.16727407770096,36.70154778914255,18.9602099919776
6:25986438:+,142.4581463894529,121.70760402233984,110.09488838658623
6:35575355:-,157.12221475397632,111.951927921828,187.052196913252
6:36140564:+,226.8699196608404,8.513955759388615,106.47729440481432
6:36140914:+,226.8699196608404,8.513955759388615,106.47729440481432
6:36141022:+,226.8699196608404,8.513955759388615,106.47729440481432
6:36141035:+,226.8699196608404,8.513955759388615,106.47729440481432
6:36141062:+,226.8699196608404,8.513955759388615,106.47729440481432
6:36141666:+,226.8699196608404,8.513955759388615,106.47729440481432
6:36144101:+,226.8699196608404,8.513955759388615,106.47729440481432
6:36495067:-,117.1166742214252,110.2710065439831,207.2748160548139
6:37028685:+,2.533473313894705,305.8217050661528,0.7838339787091726
6:407707:+,0.2614298918262644,11.049497531613609,37.33635233911779
6:42079687:+,17.88088723585549,28.322582050587087,41.60655375064945
6:42080537:+,17.88088723585549,28.322582050587087,41.60655375064945
6:42256770:-,105.29814420617112,54.35024399381405,132.01742170131246
6:42691943:+,427.1488958999788,109.186660774975,120.62658485514108
6:42888240:+,3.883925947392713,31.62999715719736,54.94861122109227
6:42888591:+,3.883925947392713,31.62999715719736,54.94861122109227
6:42889397:+,3.883925947392713,31.62999715719736,54.94861122109227
6:63211926:+,7.172182361287269,13.009225521913798,2.893087420498367
7:100399967:+,363.6020471311192,209.8461836090292,1.865401860619977
7:101092132:+,77.70711509927324,42.57753772528894,113.0990486274164
7:102448589:+,326.56570794621325,108.49798798875062,56.21900132370677
7:102449381:+,326.56570794621325,108.49798798875062,56.21900132370677
7:102449810:+,326.56570794621325,108.49798798875062,56.21900132370677
7:102449913:+,326.56570794621325,108.49798798875062,56.21900132370677
7:102451079:+,326.56570794621325,108.49798798875062,56.21900132370677
7:102452878:+,326.56570794621325,108.49798798875062,56.21900132370677
7:102452937:+,326.56570794621325,108.49798798875062,56.21900132370677
7:102453345:+,326.56570794621325,108.49798798875062,56.21900132370677
7:102454179:+,326.56570794621325,108.49798798875062,56.21900132370677
7:102454184:+,326.56570794621325,108.49798798875062,56.21900132370677
7:102454913:+,326.56570794621325,108.49798798875062,56.21900132370677
7:102456453:+,20.5627974624356,4.476191250387751,7.831331869279325
7:102637153:-,0.0319500869668873,0.116986932038084,0.019580407530938
7:102637213:-,0.0319500869668873,0.116986932038084,0.019580407530938
7:102637230:-,0.0319500869668873,0.116986932038084,0.019580407530938
7:102637274:-,0.0319500869668873,0.116986932038084,0.019580407530938
7:102637284:-,0.0319500869668873,0.116986932038084,0.019580407530938
7:102637313:-,0.0319500869668873,0.116986932038084,0.019580407530938
7:102637333:-,0.0319500869668873,0.116986932038084,0.019580407530938
7:139047444:-,211.65218431642532,68.15703782368244,318.4578352284153
7:156970053:+,0.9278645448530431,20.574591447595665,49.2778448650939
7:17344729:+,2.3131886809279307,241.25472024342147,47.64675918682632
7:17344812:+,2.3131886809279307,241.25472024342147,47.64675918682632
7:17344889:+,2.3131886809279307,241.25472024342147,47.64675918682632
7:17345061:+,2.3131886809279307,241.25472024342147,47.64675918682632
7:17345105:+,2.3131886809279307,241.25472024342147,47.64675918682632
7:17345149:+,2.3131886809279307,241.25472024342147,47.64675918682632
7:17345193:+,2.3131886809279307,241.25472024342147,47.64675918682632
7:17345255:+,2.3131886809279307,241.25472024342147,47.64675918682632
7:17345257:+,2.3131886809279307,241.25472024342147,47.64675918682632
7:17345262:+,2.3131886809279307,241.25472024342147,47.64675918682632
7:35633383:-,103.66479323767462,49.0622528473162,122.62175440296537
7:39950702:+,72.34400808585536,59.44087291466342,131.5593122452565
7:39950744:+,72.34400808585536,59.44087291466342,131.5593122452565
7:39950927:+,72.34400808585536,59.44087291466342,131.5593122452565
7:39950978:+,72.34400808585536,59.44087291466342,131.5593122452565
7:39950990:+,72.34400808585536,59.44087291466342,131.5593122452565
7:44578827:-,35.641078014103286,70.61939283217639,150.5762796384229
7:44801787:+,10.728696595473355,202.8702326370384,269.9134576958384
7:44801919:+,10.728696595473355,202.8702326370384,269.9134576958384
7:44801989:+,10.728696595473355,202.8702326370384,269.9134576958384
7:44802248:+,10.728696595473355,202.8702326370384,269.9134576958384
7:44802257:+,10.728696595473355,202.8702326370384,269.9134576958384
7:44802331:+,10.728696595473355,202.8702326370384,269.9134576958384
7:44802370:+,10.728696595473355,202.8702326370384,269.9134576958384
7:44802499:+,10.728696595473355,202.8702326370384,269.9134576958384
7:44832905:-,32.587034514143504,54.02433019504575,73.79929126631684
7:44833227:-,32.587034514143504,54.02433019504575,73.79929126631684
7:44833452:-,32.587034514143504,54.02433019504575,73.79929126631684
7:5621314:-,51.704561866309575,76.20615294189363,213.9354936281489
7:5622560:-,51.704561866309575,76.20615294189363,213.9354936281489
7:66153558:+,20.041202908468836,42.68357646785957,36.22879500747037
7:66153601:+,20.041202908468836,42.68357646785957,36.22879500747037
7:66153798:+,20.041202908468836,42.68357646785957,36.22879500747037
7:66153992:+,20.041202908468836,42.68357646785957,36.22879500747037
7:66154040:+,20.041202908468836,42.68357646785957,36.22879500747037
7:66154341:+,20.041202908468836,42.68357646785957,36.22879500747037
7:66154378:+,20.041202908468836,42.68357646785957,36.22879500747037
7:7245841:+,71.50995416228403,57.08947922395371,82.50767087033006
7:7246187:+,71.50995416228403,57.08947922395371,82.50767087033006
7:7246204:+,71.50995416228403,57.08947922395371,82.50767087033006
7:88277747:-,600.1592180989286,35.419668836133006,0.2344189126514446
7:99574489:+,28.90950597570798,78.8921011920107,103.9168235822044
7:99574502:+,28.90950597570798,78.8921011920107,103.9168235822044
7:99574503:+,28.90950597570798,78.8921011920107,103.9168235822044
7:99575318:+,28.90950597570798,78.8921011920107,103.9168235822044
8:102829408:-,97.06536573249784,185.23312258869865,140.8207496122437
8:11842703:-,76.07959678432002,1040.2636366640656,136.11385591263237
8:11842708:-,76.07959678432002,1040.2636366640656,136.11385591263237
8:11842721:-,76.07959678432002,1040.2636366640656,136.11385591263237
8:11842733:-,76.07959678432002,1040.2636366640656,136.11385591263237
8:11842741:-,76.07959678432002,1040.2636366640656,136.11385591263237
8:11842744:-,76.07959678432002,1040.2636366640656,136.11385591263237
8:11842751:-,76.07959678432002,1040.2636366640656,136.11385591263237
8:11842774:-,76.07959678432002,1040.2636366640656,136.11385591263237
8:11842853:-,76.07959678432002,1040.2636366640656,136.11385591263237
8:11842863:-,76.07959678432002,1040.2636366640656,136.11385591263237
8:11842909:-,76.07959678432002,1040.2636366640656,136.11385591263237
8:11843016:-,76.07959678432002,1040.2636366640656,136.11385591263237
8:11843166:-,76.07959678432002,1040.2636366640656,136.11385591263237
8:11843167:-,76.07959678432002,1040.2636366640656,136.11385591263237
8:11843175:-,76.07959678432002,1040.2636366640656,136.11385591263237
8:11843813:-,76.07959678432002,1040.2636366640656,136.11385591263237
8:11843847:-,76.07959678432002,1040.2636366640656,136.11385591263237
8:11843909:-,76.07959678432002,1040.2636366640656,136.11385591263237
8:11843919:-,76.07959678432002,1040.2636366640656,136.11385591263237
8:11843931:-,76.07959678432002,1040.2636366640656,136.11385591263237
8:11843948:-,76.07959678432002,1040.2636366640656,136.11385591263237
8:11843970:-,76.07959678432002,1040.2636366640656,136.11385591263237
8:11843994:-,76.07959678432002,1040.2636366640656,136.11385591263237
8:11843999:-,76.07959678432002,1040.2636366640656,136.11385591263237
8:11844020:-,76.07959678432002,1040.2636366640656,136.11385591263237
8:11844026:-,76.07959678432002,1040.2636366640656,136.11385591263237
8:30678435:-,53.15614418969737,81.55653696578317,40.43163868682272
8:30678462:-,53.15614418969737,81.55653696578317,40.43163868682272
8:30678560:-,53.15614418969737,81.55653696578317,40.43163868682272
8:30678607:-,53.15614418969737,81.55653696578317,40.43163868682272
8:30678892:-,53.15614418969737,81.55653696578317,40.43163868682272
8:30678932:-,53.15614418969737,81.55653696578317,40.43163868682272
8:30679085:-,53.15614418969737,81.55653696578317,40.43163868682272
8:38264244:-,3.5567606122785884,11.319094823152833,24.050385445871
8:38970717:+,133.95580053884092,75.56884027911705,82.9574632194967
8:38970747:+,133.95580053884092,75.56884027911705,82.9574632194967
8:38971691:+,133.95580053884092,75.56884027911705,82.9574632194967
8:38971700:+,133.95580053884092,75.56884027911705,82.9574632194967
8:38971825:+,133.95580053884092,75.56884027911705,82.9574632194967
8:38971933:+,133.95580053884092,75.56884027911705,82.9574632194967
8:38972217:+,133.95580053884092,75.56884027911705,82.9574632194967
8:38972234:+,133.95580053884092,75.56884027911705,82.9574632194967
8:38972255:+,133.95580053884092,75.56884027911705,82.9574632194967
8:38972290:+,133.95580053884092,75.56884027911705,82.9574632194967
8:38972458:+,133.95580053884092,75.56884027911705,82.9574632194967
8:38972976:+,133.95580053884092,75.56884027911705,82.9574632194967
8:38973016:+,133.95580053884092,75.56884027911705,82.9574632194967
8:38973066:+,133.95580053884092,75.56884027911705,82.9574632194967
8:97728665:+,20.91661724515263,204.2664628934707,171.28916074003956
8:97728671:+,20.91661724515263,204.2664628934707,171.28916074003956
8:97729161:+,20.91661724515263,204.2664628934707,171.28916074003956
8:97729188:+,20.91661724515263,204.2664628934707,171.28916074003956
9:112224150:-,429.3249749291414,209.3967476163626,254.31476188722115
9:114337101:-,858.6194368819542,368.855370274801,740.8766742069404
9:120601926:-,1024.8693027751715,450.160700520191,52.97913238188725
9:123380441:-,41.20985244509205,141.75634881512062,25.921089753458062
9:129809391:+,73.53357909674206,44.7115586453203,17.189676040656042
9:131497876:+,46.11151168355613,136.71339986114856,352.43712526170054
9:133362695:-,57.8064870152368,146.39171061935656,120.15591207671888
9:134905623:-,352.16457932883225,5633.147724153185,1.1604136131082852
9:134906088:-,352.16457932883225,5633.147724153185,1.1604136131082852
9:134906133:-,352.16457932883225,5633.147724153185,1.1604136131082852
9:134906167:-,352.16457932883225,5633.147724153185,1.1604136131082852
9:134906213:-,352.16457932883225,5633.147724153185,1.1604136131082852
9:134906813:-,352.16457932883225,5633.147724153185,1.1604136131082852
9:134906826:-,352.16457932883225,5633.147724153185,1.1604136131082852
9:134907065:-,352.16457932883225,5633.147724153185,1.1604136131082852
9:136441102:-,83.41213593983736,112.7798644690319,147.77610705717174
9:136441170:-,83.41213593983736,112.7798644690319,147.77610705717174
9:32456319:-,0.3124248637321007,0.0783004307449152,0.2215560811765077
9:32456414:-,0.3124248637321007,0.0783004307449152,0.2215560811765077
9:32456450:-,0.3124248637321007,0.0783004307449152,0.2215560811765077
9:32456454:-,0.3124248637321007,0.0783004307449152,0.2215560811765077
9:37503348:+,0.1664701891279213,7.5246646888882625,43.7214735678791
9:37503369:+,0.1664701891279213,7.5246646888882625,43.7214735678791
9:37503394:+,0.1664701891279213,7.5246646888882625,43.7214735678791
9:37503492:+,0.1664701891279213,7.5246646888882625,43.7214735678791
9:37503540:+,0.1664701891279213,7.5246646888882625,43.7214735678791
9:78272287:+,0.8180595015999195,4.166884482724679,30.476367318819417
9:86027282:-,0.988361508099746,45.07920995762051,9.142944756659778
X:101009677:-,7.046060124808497,21.5834632416473,71.28437927077509
X:101009678:-,7.046060124808497,21.5834632416473,71.28437927077509
X:101010295:-,7.046060124808497,21.5834632416473,71.28437927077509
X:101010359:-,7.046060124808497,21.5834632416473,71.28437927077509
X:108077913:+,0.1638503070932001,0.001,42.85005203076909
X:110174104:+,342.2095768850036,139.09594476402643,45.216119658737895
X:119539274:-,4.764055654455354,19.271661121030206,17.27780285252154
X:123913014:+,61.59736845462475,27.91738715409366,56.05442577893408
X:123913261:+,61.59736845462475,27.91738715409366,56.05442577893408
X:123913275:+,61.59736845462475,27.91738715409366,56.05442577893408
X:123913444:+,61.59736845462475,27.91738715409366,56.05442577893408
X:12922710:+,377.2393794804046,109.7892380159989,0.0807397342010988
X:12922721:+,377.2393794804046,109.7892380159989,0.0807397342010988
X:12922725:+,377.2393794804046,109.7892380159989,0.0807397342010988
X:154011114:-,59.15320154676641,265.0886842418297,138.7863330481742
X:154011235:-,59.15320154676641,265.0886842418297,138.7863330481742
X:154011308:-,59.15320154676641,265.0886842418297,138.7863330481742
X:154011335:-,59.15320154676641,265.0886842418297,138.7863330481742
X:154351581:-,492.225349828262,2386.539181051531,1778.3787309976933
X:154351588:-,492.225349828262,2386.539181051531,1778.3787309976933
X:15782971:+,1.3318449280831697,16.667210104500512,66.5834025500655
X:24077207:+,102.13600476823312,338.09247752820306,366.2183852607255
X:24077265:+,102.13600476823312,338.09247752820306,366.2183852607255
X:2906197:-,7.917505544432031,75.7705918579988,2.772048127596807
X:46604578:-,6.305314938597295,6.333434794893547,8.927731743394599
X:46605078:-,6.305314938597295,6.333434794893547,8.927731743394599
X:46881375:+,163.21676175661298,60.61909566070111,8.920208225521648
X:48577959:+,88.0088555474629,532.6637092220773,503.73260450496207
X:54563646:+,33.42511630059393,34.17517584981544,37.15647511165752
X:77827509:-,27.395054118540315,69.81025718798587,58.48663491531818
X:77828076:-,27.395054118540315,69.81025718798587,58.48663491531818
X:77828077:-,27.395054118540315,69.81025718798587,58.48663491531818
X:77828119:-,27.395054118540315,69.81025718798587,58.48663491531818
X:77828225:-,27.395054118540315,69.81025718798587,58.48663491531818
X:77828466:-,27.395054118540315,69.81025718798587,58.48663491531818
X:77828483:-,27.395054118540315,69.81025718798587,58.48663491531818
X:77828503:-,27.395054118540315,69.81025718798587,58.48663491531818
X:77828544:-,27.395054118540315,69.81025718798587,58.48663491531818
