,Bcells,CD4,CD8,Monocytes,NK,Neutrophils
10:100232436:-,0.0012507530395027243,0.0009845855084600714,0.0010826354059152638,0.0008869342300445732,0.0012499999999999994,0.0008835126948063207
10:100232925:-,0.0012507530395027243,0.0009845855084600714,0.0010826354059152638,0.0008869342300445732,0.0012499999999999994,0.0008835126948063207
10:100232926:-,0.0012507530395027243,0.0009845855084600714,0.0010826354059152638,0.0008869342300445732,0.0012499999999999994,0.0008835126948063207
10:100233035:-,0.0012507530395027243,0.0009845855084600714,0.0010826354059152638,0.0008869342300445732,0.0012499999999999994,0.0008835126948063207
10:100233052:-,0.0012507530395027243,0.0009845855084600714,0.003769623488081599,0.0008869342300445732,0.0012499999999999994,0.0008835126948063207
10:100233090:-,0.0012507530395027243,0.0009845855084600714,0.0010826354059152638,0.0008869342300445732,0.0012499999999999994,0.0008835126948063207
10:12831014:+,0.0012507530395027243,0.0009845855084600714,0.0010826354059152638,0.0008869342300445732,0.0012499999999999994,0.0008835126948063207
10:12833566:+,0.0012507530395027243,0.0009845855084600714,0.0010826354059152638,0.0008869342300445732,0.0012499999999999994,0.0008835126948063207
10:14907006:-,0.0012507530395027243,0.0009845855084600714,0.0010826354059152638,0.0008869342300445732,0.0012499999999999994,0.0008835126948063207
10:20284377:+,0.0012507530395027243,0.0009845855084600714,0.0010826354059152638,0.0008869342300445732,0.0012499999999999994,0.0008835126948063207
10:3778225:-,0.0012507530395027243,0.0009845855084600714,0.0010826354059152638,0.0008869342300445732,0.0012499999999999994,0.00044965670417386754
10:49988823:+,0.0012507530395027243,0.0009845855084600714,0.0010826354059152638,0.0008869342300445732,0.0012499999999999994,0.0008835126948063207
10:70404397:+,0.0012507530395027243,0.0009845855084600714,0.0010826354059152638,0.0008869342300445732,0.0012499999999999994,0.0005331071048576351
10:70422696:+,0.0012507530395027243,0.0009845855084600714,0.0010826354059152638,0.0008869342300445732,0.0012499999999999994,0.0006469506994692234
10:72234070:+,0.0012507530395027243,0.0009845855084600714,0.0010826354059152638,0.0008869342300445732,0.0012499999999999994,0.0008835126948063207
10:72234878:+,0.0012507530395027243,0.0006127567637481796,0.0010826354059152638,0.0008869342300445732,0.0012499999999999994,0.0008835126948063207
10:72234933:+,0.0011038908404948935,0.004795995465971467,0.0005586788140687429,0.0008869342300445732,0.0012499999999999994,0.0008835126948063207
10:72234948:+,0.0012507530395027243,0.0009845855084600714,0.0010826354059152638,0.0008869342300445732,0.0012499999999999994,0.0008835126948063207
10:72234954:+,0.0012507530395027243,0.0009845855084600714,0.0010826354059152638,0.0008869342300445732,0.0012499999999999994,0.0008835126948063207
10:72235003:+,0.0012507530395027243,0.0009845855084600714,0.0010826354059152638,0.0008869342300445732,0.0012499999999999994,0.0008835126948063207
10:72235379:+,0.0012507530395027243,0.0009845855084600714,0.0011663177029576316,0.0008869342300445732,0.0012499999999999994,0.0008835126948063207
10:73249117:-,0.0012507530395027243,0.0009845855084600714,0.0010826354059152638,0.0008869342300445732,0.0012499999999999994,0.0008835126948063207
10:73250083:-,0.0012507530395027243,0.0009845855084600714,0.0010826354059152638,0.0008869342300445732,0.0012499999999999994,0.0008835126948063207
10:73250156:-,0.0012507530395027243,0.0009845855084600714,0.0010826354059152638,0.0008869342300445732,0.0012499999999999994,0.0008835126948063207
10:97664917:+,0.0012507530395027243,0.0009845855084600714,0.0010826354059152638,0.0008869342300445732,0.0012499999999999994,0.0008835126948063207
11:102396871:-,0.0012507530395027243,0.0009845855084600714,0.0010826354059152638,0.0008869342300445732,0.0012499999999999994,0.0005864284585088379
11:108365741:+,0.0012503765197513618,0.0009845855084600714,0.0010826354059152638,0.0008869342300445732,0.0012499999999999994,0.0008835126948063207
11:108365793:+,0.0012507530395027243,0.0009845855084600714,0.0010826354059152638,0.0008869342300445732,0.0012499999999999994,0.0008835126948063207
11:108365977:+,0.0012507530395027243,0.0009845855084600714,0.0010826354059152638,0.0008869342300445732,0.0012499999999999994,0.0008835126948063207
11:108367126:+,0.0012507530395027243,0.0009845855084600714,0.0010826354059152638,0.0008869342300445732,0.0012499999999999994,0.0008835126948063207
11:108367193:+,0.0027264007529740624,0.0009845855084600714,0.0010826354059152638,0.0008869342300445732,0.0012499999999999994,0.0008835126948063207
11:108367225:+,0.0012507530395027243,0.0009845855084600714,0.0010826354059152638,0.0008869342300445732,0.0012499999999999994,0.0008835126948063207
11:108367229:+,0.0012507530395027243,0.0009845855084600714,0.0010826354059152638,0.0008869342300445732,0.0012499999999999994,0.0008835126948063207
11:108367260:+,0.0012507530395027243,0.0009845855084600714,0.0010826354059152638,0.0008869342300445732,0.0012499999999999994,0.0008835126948063207
11:118748642:-,0.0012507530395027243,0.0009845855084600714,0.0010826354059152638,0.0008869342300445732,0.0012499999999999994,0.00494000123144366
11:118898246:-,0.0012507530395027243,0.0009845855084600714,0.0010826354059152638,0.0008869342300445732,0.0012499999999999994,0.0008835126948063207
11:44934804:-,0.0012507530395027243,0.0009845855084600714,0.0010826354059152638,0.0008869342300445732,0.0012499999999999994,0.0008835126948063207
11:46678959:-,0.0012507530395027243,0.0009845855084600714,0.0010826354059152638,0.0008869342300445732,0.0012499999999999994,0.0008123178262479347
11:61007594:+,0.0012507530395027243,0.0005849292693250003,0.0008779897002642559,0.0008869342300445732,0.0012499999999999994,0.0008835126948063207
11:64219582:+,0.0012507530395027243,0.0009845855084600714,0.0010826354059152638,0.0008869342300445732,0.0012499999999999994,0.0005718357168597107
11:64307330:+,0.0012507530395027243,0.0009845855084600714,0.0010826354059152638,0.0008869342300445732,0.0012499999999999994,0.0008835126948063207
11:65321908:+,0.0012507530395027243,0.0009845855084600714,0.0010826354059152638,0.0008869342300445732,0.0012499999999999994,0.0063751125431050345
11:65375817:-,0.0012507530395027243,0.0009845855084600714,0.0010826354059152638,0.0008869342300445732,0.0012499999999999994,0.0008835126948063207
11:65375897:-,0.0012507530395027243,0.0009845855084600714,0.0010826354059152638,0.0008869342300445732,0.0012499999999999994,0.0008835126948063207
11:65375978:-,0.0012507530395027243,0.0009845855084600714,0.0010826354059152638,0.0008869342300445732,0.0012499999999999994,0.0008835126948063207
11:65581686:+,0.0012507530395027243,0.0009845855084600714,0.0010826354059152638,0.0008869342300445732,0.0012499999999999994,0.0008835126948063207
11:65774507:-,0.0012507530395027243,0.0009845855084600714,0.0010826354059152638,0.0008869342300445732,0.0012499999999999994,0.0008835126948063207
11:65774548:-,0.0012507530395027243,0.0009845855084600714,0.0010826354059152638,0.0008869342300445732,0.0012499999999999994,0.0004586120675982051
11:65774680:-,0.0012507530395027243,0.0009845855084600714,0.0010826354059152638,0.0008869342300445732,0.0012499999999999994,0.0008835126948063207
11:65774681:-,0.0012507530395027243,0.0009845855084600714,0.0010826354059152638,0.0008869342300445732,0.0012499999999999994,0.0008835126948063207
11:65775818:-,0.0012507530395027243,0.0009845855084600714,0.0010826354059152638,0.0008869342300445732,0.0012499999999999994,0.0008835126948063207
11:65775919:-,0.0012507530395027243,0.0009845855084600714,0.0010826354059152638,0.0008869342300445732,0.0012499999999999994,0.0008835126948063207
11:65775920:-,0.0012507530395027243,0.0009845855084600714,0.0010826354059152638,0.0008869342300445732,0.0012499999999999994,0.0006912921824472371
11:65775966:-,0.0012507530395027243,0.0009845855084600714,0.0010826354059152638,0.0008869342300445732,0.0012499999999999994,0.0005580577699329566
11:65775986:-,0.0012507530395027243,0.0009845855084600714,0.0010826354059152638,0.0008869342300445732,0.0012499999999999994,0.0008835126948063207
11:65776157:-,0.0012507530395027243,0.0009845855084600714,0.0010826354059152638,0.0008869342300445732,0.0012499999999999994,0.0008835126948063207
11:65776162:-,0.0012507530395027243,0.0009845855084600714,0.0010826354059152638,0.0008869342300445732,0.0012499999999999994,0.0004810417428139118
11:65776696:-,0.0012507530395027243,0.0009845855084600714,0.0010826354059152638,0.0008869342300445732,0.0012499999999999994,0.001030583280960922
11:65776882:-,0.0012507530395027243,0.0009845855084600714,0.0010826354059152638,0.0008869342300445732,0.0012499999999999994,0.0008835126948063207
11:65776893:-,0.0012507530395027243,0.0009845855084600714,0.0010826354059152638,0.0006262685519235777,0.0012499999999999994,0.0005656286038898144
11:65776909:-,0.0012507530395027243,0.0009845855084600714,0.0010826354059152638,0.0005253342687870496,0.0012499999999999994,0.0019037258526159403
11:65776910:-,0.0012507530395027243,0.0009845855084600714,0.0010826354059152638,0.0016032454318575583,0.0012499999999999994,0.0011245302948639795
11:65776954:-,0.0012507530395027243,0.0009845855084600714,0.0010826354059152638,0.0007283704352974372,0.0012499999999999994,0.0005233816530044956
11:65776988:-,0.0012507530395027243,0.0009845855084600714,0.0010826354059152638,0.0008869342300445732,0.0012499999999999994,0.0008835126948063207
11:65776998:-,0.0012507530395027243,0.0009845855084600714,0.0010826354059152638,0.0008869342300445732,0.0012499999999999994,0.0008835126948063207
11:65777013:-,0.0012507530395027243,0.0009845855084600714,0.0010826354059152638,0.0008869342300445732,0.0012499999999999994,0.0008835126948063207
11:65777018:-,0.0012507530395027243,0.0009845855084600714,0.0010826354059152638,0.00044348487385226096,0.0012499999999999994,0.0007323953663439479
11:65777031:-,0.0012507530395027243,0.0009845855084600714,0.0010826354059152638,0.00044863240427848495,0.0012499999999999994,0.0004838855568664685
11:65777051:-,0.0012507530395027243,0.0009845855084600714,0.0010826354059152638,0.0018981237914216982,0.0012499999999999994,0.000611998744053129
11:65777103:-,0.0012507530395027243,0.0009845855084600714,0.0010826354059152638,0.0008869342300445732,0.0012499999999999994,0.0008835126948063207
11:74455756:-,0.0012507530395027243,0.0009845855084600714,0.0010826354059152638,0.0008869342300445732,0.0012499999999999994,0.0008835126948063207
11:74455855:-,0.0012507530395027243,0.0009845855084600714,0.0010826354059152638,0.0007615144523003929,0.0012499999999999994,0.0008835126948063207
11:74455865:-,0.0012507530395027243,0.0009845855084600714,0.0010826354059152638,0.0008869342300445732,0.0012499999999999994,0.0008835126948063207
11:74456110:-,0.0012507530395027243,0.0009845855084600714,0.0010826354059152638,0.0008869342300445732,0.0012499999999999994,0.0039004421837113743
11:74456209:-,0.0012507530395027243,0.0009845855084600714,0.0010826354059152638,0.0008869342300445732,0.0012499999999999994,0.0008835126948063207
11:769402:-,0.0012507530395027243,0.0009845855084600714,0.0010826354059152638,0.0008869342300445732,0.0012499999999999994,0.0008835126948063207
11:769448:-,0.0012507530395027243,0.0009845855084600714,0.0010826354059152638,0.0008869342300445732,0.0012499999999999994,0.0008835126948063207
11:769458:-,0.0012507530395027243,0.0009845855084600714,0.0010826354059152638,0.0008869342300445732,0.0012499999999999994,0.0008835126948063207
11:769894:-,0.0012507530395027243,0.0009845855084600714,0.0010826354059152638,0.0008869342300445732,0.0012499999999999994,0.0008835126948063207
11:83157398:+,0.0012507530395027243,0.0009845855084600714,0.0010826354059152638,0.0008869342300445732,0.0012499999999999994,0.00045251293585381964
11:8686359:+,0.0012507530395027243,0.0009845855084600714,0.0010826354059152638,0.0008869342300445732,0.0012499999999999994,0.0008835126948063207
11:8686369:+,0.0012507530395027243,0.0009845855084600714,0.0010826354059152638,0.0008869342300445732,0.0012499999999999994,0.0008835126948063207
11:8686404:+,0.0012507530395027243,0.0009845855084600714,0.0010826354059152638,0.0008869342300445732,0.0012499999999999994,0.0008835126948063207
11:8687341:+,0.0012507530395027243,0.0009845855084600714,0.0010826354059152638,0.0008869342300445732,0.0012499999999999994,0.0008835126948063207
11:93735604:-,0.000705882094762432,0.0009845855084600714,0.0010826354059152638,0.0008869342300445732,0.0012499999999999994,0.0008835126948063207
11:93735629:-,0.0012507530395027243,0.0009845855084600714,0.0010826354059152638,0.0008869342300445732,0.0012499999999999994,0.0008835126948063207
12:10315185:+,0.0012507530395027243,0.0009845855084600714,0.0010826354059152638,0.0008869342300445732,0.0006335998572423694,0.0008835126948063207
12:10315251:+,0.0012507530395027243,0.0009845855084600714,0.0010826354059152638,0.0008869342300445732,0.0007532210676017333,0.0008835126948063207
12:10315315:+,0.0012507530395027243,0.0009845855084600714,0.0010826354059152638,0.0008869342300445732,0.0008990682358732012,0.0008835126948063207
12:10315360:+,0.0012507530395027243,0.0009845855084600714,0.0010826354059152638,0.0008869342300445732,0.0012499999999999994,0.0008835126948063207
12:10315372:+,0.0012507530395027243,0.0009845855084600714,0.0010826354059152638,0.0008869342300445732,0.0022487404882632405,0.0008835126948063207
12:10315387:+,0.0012507530395027243,0.0009845855084600714,0.0010826354059152638,0.0008869342300445732,0.0012499999999999994,0.0008835126948063207
12:10315861:+,0.0012507530395027243,0.0009845855084600714,0.0010826354059152638,0.0008869342300445732,0.004524471235345431,0.0008835126948063207
12:10315862:+,0.0012507530395027243,0.0009845855084600714,0.0010826354059152638,0.0008869342300445732,0.0007029804214817347,0.0008835126948063207
12:10315884:+,0.0012507530395027243,0.0009845855084600714,0.0010826354059152638,0.0008869342300445732,0.0020159943979874044,0.0008835126948063207
12:10316458:+,0.0012507530395027243,0.0009845855084600714,0.0010826354059152638,0.0008869342300445732,0.0012499999999999994,0.0008835126948063207
12:10316476:+,0.0012507530395027243,0.0009845855084600714,0.0010826354059152638,0.0008869342300445732,0.0012499999999999994,0.0008835126948063207
12:10316495:+,0.0012507530395027243,0.0009845855084600714,0.0010826354059152638,0.0008869342300445732,0.0012499999999999994,0.0008835126948063207
12:10316549:+,0.0012507530395027243,0.0009845855084600714,0.0010826354059152638,0.0008869342300445732,0.0012499999999999994,0.0008835126948063207
12:10316588:+,0.0012507530395027243,0.0009845855084600714,0.0010826354059152638,0.0008869342300445732,0.0007226685570258347,0.0008835126948063207
12:10316637:+,0.0012507530395027243,0.0009845855084600714,0.0010826354059152638,0.0008869342300445732,0.0020620748299319726,0.0008835126948063207
12:10316663:+,0.0012507530395027243,0.0009845855084600714,0.0010826354059152638,0.0008869342300445732,0.0016810951812695088,0.0008835126948063207
12:10316676:+,0.0012507530395027243,0.0009845855084600714,0.0010826354059152638,0.0008869342300445732,0.0006571144048117637,0.0008835126948063207
12:10318784:+,0.0012507530395027243,0.0009845855084600714,0.0010826354059152638,0.0008869342300445732,0.0012499999999999994,0.0008835126948063207
12:108591202:-,0.0012507530395027243,0.0009845855084600714,0.0010826354059152638,0.0008869342300445732,0.0012499999999999994,0.0008835126948063207
12:112971005:+,0.0012507530395027243,0.0009845855084600714,0.0010826354059152638,0.0008869342300445732,0.0012499999999999994,0.00046422500109318654
12:113390110:+,0.0012507530395027243,0.0009845855084600714,0.0010826354059152638,0.0007536381294890054,0.0012499999999999994,0.0008835126948063207
12:113390120:+,0.0012507530395027243,0.0009845855084600714,0.0010826354059152638,0.0008869342300445732,0.0012499999999999994,0.0008835126948063207
12:113391119:+,0.0012507530395027243,0.0009845855084600714,0.0010826354059152638,0.0008869342300445732,0.0012499999999999994,0.0008835126948063207
12:120093527:+,0.0012507530395027243,0.0009034832646197705,0.0005706071965328398,0.0008869342300445732,0.0012499999999999994,0.0008835126948063207
12:120461139:+,0.0012507530395027243,0.0009845855084600714,0.0010826354059152638,0.0008869342300445732,0.0012499999999999994,0.0008835126948063207
12:122769109:+,0.0012507530395027243,0.0009845855084600714,0.0010826354059152638,0.0008869342300445732,0.0012499999999999994,0.0004882439507089455
12:122769131:+,0.0012507530395027243,0.0006262519449021892,0.0010826354059152638,0.0008869342300445732,0.0012499999999999994,0.0008835126948063207
12:122981653:+,0.0012507530395027243,0.0009845855084600714,0.0010826354059152638,0.0008869342300445732,0.0012499999999999994,0.00353459610864209
12:123661824:+,0.0012507530395027243,0.0009845855084600714,0.0010826354059152638,0.0008869342300445732,0.0012499999999999994,0.0008835126948063207
12:124911941:-,0.0012507530395027243,0.0009845855084600714,0.0010826354059152638,0.0008869342300445732,0.0012499999999999994,0.0008835126948063207
12:131922591:+,0.0012507530395027243,0.0009845855084600714,0.0010826354059152638,0.0008869342300445732,0.0012499999999999994,0.00044178967131249214
12:132721369:+,0.0012507530395027243,0.0009845855084600714,0.0010826354059152638,0.0008869342300445732,0.0012499999999999994,0.0008835126948063207
12:132721508:+,0.0014792304580208847,0.0009845855084600714,0.0010826354059152638,0.0008869342300445732,0.0012499999999999994,0.0008835126948063207
12:132721836:+,0.0012507530395027243,0.0009845855084600714,0.0010826354059152638,0.0008869342300445732,0.0012499999999999994,0.0008835126948063207
12:132769999:-,0.0012507530395027243,0.0009845855084600714,0.0010826354059152638,0.0008869342300445732,0.0012499999999999994,0.0008835126948063207
12:2825793:+,0.0012507530395027243,0.0009845855084600714,0.0010826354059152638,0.0008869342300445732,0.0012499999999999994,0.0008835126948063207
12:43787631:+,0.0012507530395027243,0.0009845855084600714,0.0010826354059152638,0.0008869342300445732,0.0012499999999999994,0.0008835126948063207
12:43787801:+,0.0012507530395027243,0.0009845855084600714,0.0010826354059152638,0.0008869342300445732,0.0012499999999999994,0.0008835126948063207
12:48342785:-,0.0012507530395027243,0.0009845855084600714,0.0010826354059152638,0.0008869342300445732,0.0012499999999999994,0.0008835126948063207
12:48342826:-,0.0012507530395027243,0.0009845855084600714,0.0010826354059152638,0.0008869342300445732,0.0012499999999999994,0.0008835126948063207
12:48937441:-,0.0012507530395027243,0.0009845855084600714,0.0010826354059152638,0.0008869342300445732,0.0012499999999999994,0.0008835126948063207
12:48938460:-,0.0012507530395027243,0.0009845855084600714,0.0010826354059152638,0.0008869342300445732,0.0012499999999999994,0.0008835126948063207
12:49763964:+,0.0012507530395027243,0.0009845855084600714,0.0010826354059152638,0.0008869342300445732,0.0012499999999999994,0.0008835126948063207
12:49763989:+,0.0012507530395027243,0.0009845855084600714,0.0010826354059152638,0.0008869342300445732,0.0012499999999999994,0.0005201867783843736
12:50930379:+,0.0012507530395027243,0.0009845855084600714,0.0010826354059152638,0.0008869342300445732,0.0012499999999999994,0.0008835126948063207
12:50930408:+,0.0012507530395027243,0.0009845855084600714,0.0010826354059152638,0.0008869342300445732,0.0012499999999999994,0.0008835126948063207
12:50930474:+,0.0012507530395027243,0.0009845855084600714,0.0010826354059152638,0.0008869342300445732,0.0012499999999999994,0.0008835126948063207
12:50930529:+,0.0011723328152768563,0.0009845855084600714,0.0010826354059152638,0.0008869342300445732,0.0012499999999999994,0.0008835126948063207
12:50930539:+,0.0012507530395027243,0.0009845855084600714,0.0010826354059152638,0.0008869342300445732,0.0012499999999999994,0.0008835126948063207
12:50930652:+,0.0008374540371667691,0.0009845855084600714,0.0010826354059152638,0.0008869342300445732,0.0012499999999999994,0.0008835126948063207
12:50930712:+,0.0006540754993431989,0.0009845855084600714,0.0010826354059152638,0.0008869342300445732,0.0012499999999999994,0.0008835126948063207
12:50930722:+,0.0012507530395027243,0.0009845855084600714,0.0010826354059152638,0.0008869342300445732,0.0012499999999999994,0.0008835126948063207
12:50930855:+,0.0008527568227325656,0.0009845855084600714,0.0010826354059152638,0.0017189773191039189,0.0012499999999999994,0.0008835126948063207
12:50931454:+,0.0012507530395027243,0.0009845855084600714,0.0010826354059152638,0.0008869342300445732,0.0012499999999999994,0.0008835126948063207
12:50931522:+,0.0012507530395027243,0.0009845855084600714,0.0010826354059152638,0.0008869342300445732,0.0012499999999999994,0.0008835126948063207
12:50931589:+,0.0012507530395027243,0.0009845855084600714,0.0010826354059152638,0.0008869342300445732,0.0012499999999999994,0.0008835126948063207
12:50931606:+,0.003234103677911413,0.0009845855084600714,0.0010826354059152638,0.0008869342300445732,0.0012499999999999994,0.0008835126948063207
12:50931635:+,0.0012507530395027243,0.0009845855084600714,0.0010826354059152638,0.0008869342300445732,0.0012499999999999994,0.0008835126948063207
12:50931656:+,0.0012507530395027243,0.0009845855084600714,0.0010826354059152638,0.0008869342300445732,0.0012499999999999994,0.0008835126948063207
12:68843232:+,0.0012507530395027243,0.0009845855084600714,0.0010826354059152638,0.0008869342300445732,0.0012499999999999994,0.0008835126948063207
12:68843262:+,0.0012507530395027243,0.0009845855084600714,0.0010826354059152638,0.0008869342300445732,0.0012499999999999994,0.0008835126948063207
12:68843275:+,0.0012507530395027243,0.0009845855084600714,0.0010826354059152638,0.0008869342300445732,0.0012499999999999994,0.0008835126948063207
12:68843292:+,0.0012507530395027243,0.0009845855084600714,0.0010826354059152638,0.0008869342300445732,0.0012499999999999994,0.0009264289039389022
12:68843296:+,0.0012507530395027243,0.0009845855084600714,0.0010826354059152638,0.0008869342300445732,0.0012499999999999994,0.0008835126948063207
12:68843753:+,0.0012507530395027243,0.0009845855084600714,0.0010826354059152638,0.0008869342300445732,0.0012499999999999994,0.0008835126948063207
12:68843777:+,0.0012507530395027243,0.0009845855084600714,0.0010826354059152638,0.0008869342300445732,0.0012499999999999994,0.004428713992031261
12:68843947:+,0.0012507530395027243,0.0009845855084600714,0.0010826354059152638,0.0008869342300445732,0.0012499999999999994,0.0008835126948063207
12:7094837:-,0.0012507530395027243,0.0009845855084600714,0.0010826354059152638,0.0008869342300445732,0.0012499999999999994,0.0008835126948063207
12:71702798:+,0.0012507530395027243,0.0009845855084600714,0.0010826354059152638,0.0008869342300445732,0.0012499999999999994,0.0008835126948063207
12:98548842:+,0.0012507530395027243,0.0009845855084600714,0.0010826354059152638,0.0008642429204134771,0.0012499999999999994,0.0008835126948063207
12:98548864:+,0.0012507530395027243,0.0009845855084600714,0.0010826354059152638,0.0008869342300445732,0.0012499999999999994,0.0008835126948063207
12:98549026:+,0.0012507530395027243,0.0009845855084600714,0.0010826354059152638,0.0008869342300445732,0.0012499999999999994,0.0008835126948063207
12:98549061:+,0.0012507530395027243,0.0009845855084600714,0.0010826354059152638,0.0008869342300445732,0.0012499999999999994,0.0008835126948063207
12:98549106:+,0.0012507530395027243,0.0009845855084600714,0.0010826354059152638,0.0008869342300445732,0.0012499999999999994,0.0008835126948063207
12:98549232:+,0.0012507530395027243,0.0009845855084600714,0.0010826354059152638,0.0008869342300445732,0.0012499999999999994,0.0008835126948063207
12:98549317:+,0.0012507530395027243,0.0009845855084600714,0.0010826354059152638,0.0008869342300445732,0.0012499999999999994,0.0008835126948063207
12:98549324:+,0.0012507530395027243,0.0009845855084600714,0.0010826354059152638,0.0008869342300445732,0.0012499999999999994,0.0008835126948063207
12:98549370:+,0.0012507530395027243,0.0009845855084600714,0.0010826354059152638,0.0008869342300445732,0.0012499999999999994,0.0008835126948063207
12:98549422:+,0.0012507530395027243,0.0009845855084600714,0.0010826354059152638,0.0008869342300445732,0.0012499999999999994,0.0008835126948063207
12:98733532:+,0.0012507530395027243,0.0009845855084600714,0.0010826354059152638,0.0008869342300445732,0.0012499999999999994,0.0008835126948063207
12:98733667:+,0.0012507530395027243,0.0009845855084600714,0.0010826354059152638,0.0008869342300445732,0.0012499999999999994,0.0008835126948063207
12:98733685:+,0.0012507530395027243,0.0009845855084600714,0.0010826354059152638,0.0008869342300445732,0.0012499999999999994,0.0008835126948063207
12:98733695:+,0.0012507530395027243,0.0009845855084600714,0.0010826354059152638,0.0008817815608957603,0.0012499999999999994,0.0013035502649948775
12:98734992:+,0.0012507530395027243,0.0009845855084600714,0.0010826354059152638,0.0008869342300445732,0.0012499999999999994,0.00046340236441461526
12:98734997:+,0.0012507530395027243,0.0009845855084600714,0.0010826354059152638,0.0008869342300445732,0.0012499999999999994,0.0008835126948063207
12:98735013:+,0.0012507530395027243,0.0009845855084600714,0.0010826354059152638,0.0008869342300445732,0.0012499999999999994,0.0027305306125662743
13:19672218:+,0.0007670998757604324,0.004453366645373857,0.0010826354059152638,0.0008869342300445732,0.0012499999999999994,0.0008835126948063207
13:19672261:+,0.002726070964195806,0.0013470003329743966,0.0006513475332671826,0.0008869342300445732,0.0012499999999999994,0.0008835126948063207
13:19672882:+,0.0007679334277303482,0.0015902334666103627,0.0014243132622924772,0.0008869342300445732,0.0012499999999999994,0.0008835126948063207
13:19672883:+,0.0012507530395027243,0.0009845855084600714,0.0018814006111208972,0.0008869342300445732,0.0012499999999999994,0.0008835126948063207
13:19672934:+,0.004870096446289471,0.0015107506308153953,0.0010826354059152638,0.0008869342300445732,0.0012499999999999994,0.0008835126948063207
13:21374316:-,0.0012507530395027243,0.0009845855084600714,0.0010826354059152638,0.0008869342300445732,0.0012499999999999994,0.0008835126948063207
13:21374320:-,0.0012507530395027243,0.0009845855084600714,0.0010826354059152638,0.0008869342300445732,0.0012499999999999994,0.0008835126948063207
13:21374436:-,0.0012507530395027243,0.0009845855084600714,0.0010826354059152638,0.0008869342300445732,0.0012499999999999994,0.0008835126948063207
13:21374437:-,0.0012507530395027243,0.0009845855084600714,0.0010826354059152638,0.0008869342300445732,0.0012499999999999994,0.0008835126948063207
13:21374484:-,0.0012507530395027243,0.0009845855084600714,0.0010826354059152638,0.0008869342300445732,0.0012499999999999994,0.0008835126948063207
13:21374507:-,0.0012507530395027243,0.0009845855084600714,0.0010826354059152638,0.0008869342300445732,0.00125,0.0008835126948063207
13:21374515:-,0.0012507530395027243,0.0009845855084600714,0.0010826354059152638,0.0008869342300445732,0.0012499999999999994,0.0008835126948063207
13:21374876:-,0.0012507530395027243,0.0009845855084600714,0.0010826354059152638,0.0008869342300445732,0.0012499999999999994,0.0008835126948063207
13:21374915:-,0.0012507530395027243,0.0009845855084600714,0.0010826354059152638,0.0008869342300445732,0.0012499999999999994,0.0008835126948063207
13:21374953:-,0.0012507530395027243,0.0009440703608126707,0.0007411791988025072,0.0016473878073967147,0.001396474797448823,0.0008835126948063207
13:21375011:-,0.0012507530395027243,0.0009845855084600714,0.0010826354059152638,0.0008869342300445732,0.0012499999999999994,0.0008835126948063207
13:21375051:-,0.0012507530395027243,0.0009845855084600714,0.0010826354059152638,0.0008869342300445732,0.0012499999999999994,0.0008835126948063207
13:21375057:-,0.0007670998757604324,0.0009845855084600714,0.0012872042928877211,0.003986551015249043,0.0012499999999999994,0.0008835126948063207
13:21375071:-,0.0012507530395027243,0.0009845855084600714,0.0010826354059152638,0.0007529664291512303,0.002453687673130193,0.0008835126948063207
13:95793723:+,0.0012507530395027243,0.0009845855084600714,0.0010826354059152638,0.0008869342300445732,0.0012499999999999994,0.0008835126948063207
14:105049499:-,0.0012507530395027243,0.0009845855084600714,0.0036277374560440513,0.0008869342300445732,0.0012499999999999994,0.0008835126948063207
14:105049512:-,0.0012507530395027243,0.0009845855084600714,0.0010826354059152638,0.0008869342300445732,0.0012499999999999994,0.0008835126948063207
14:105049679:-,0.0012507530395027243,0.0009845855084600714,0.0010914087301746706,0.0008869342300445732,0.0012499999999999994,0.0008835126948063207
14:105049696:-,0.0012507530395027243,0.0009845855084600714,0.0010826354059152638,0.0008869342300445732,0.0012499999999999994,0.0008835126948063207
14:20366227:-,0.0008444944214134121,0.0009845855084600714,0.0010826354059152638,0.0008869342300445732,0.0012499999999999994,0.0008835126948063207
14:20366228:-,0.0012507530395027243,0.0009845855084600714,0.0010826354059152638,0.0008869342300445732,0.0012499999999999994,0.0008835126948063207
14:20366332:-,0.0012507530395027243,0.0009845855084600714,0.0010826354059152638,0.0008869342300445732,0.0012499999999999994,0.0008835126948063207
14:20366333:-,0.0012507530395027243,0.0009845855084600714,0.0010826354059152638,0.0008869342300445732,0.0012499999999999994,0.0008835126948063207
14:20366932:-,0.013964951089704513,0.0009845855084600714,0.0010826354059152638,0.0008869342300445732,0.0012499999999999994,0.0008835126948063207
14:20366936:-,0.0012507530395027243,0.0009845855084600714,0.0010826354059152638,0.0008869342300445732,0.0012499999999999994,0.0008835126948063207
14:20366961:-,0.0012507530395027243,0.0009845855084600714,0.0010826354059152638,0.0008869342300445732,0.0012499999999999994,0.0008835126948063207
14:20366979:-,0.0012507530395027243,0.0009845855084600714,0.0010826354059152638,0.0008869342300445732,0.0012499999999999994,0.0008835126948063207
14:20367026:-,0.0012764181864180289,0.0009845855084600714,0.0010826354059152638,0.0008869342300445732,0.0012499999999999994,0.0008835126948063207
14:20367030:-,0.001099263991406691,0.0009845855084600714,0.0010826354059152638,0.0008869342300445732,0.0008109504132231403,0.0008835126948063207
14:20367118:-,0.0012507530395027243,0.0009845855084600714,0.0010826354059152638,0.0008869342300445732,0.0012499999999999994,0.0008835126948063207
14:23296548:-,0.0012507530395027243,0.0009845855084600714,0.0010826354059152638,0.0008869342300445732,0.0012499999999999994,0.0008835126948063207
14:52642958:-,0.0012507530395027243,0.0009845855084600714,0.0010826354059152638,0.0008869342300445732,0.0012499999999999994,0.0008835126948063207
14:52642959:-,0.0012507530395027243,0.0009845855084600714,0.0010826354059152638,0.0008869342300445732,0.0012499999999999994,0.0008835126948063207
14:52643091:-,0.0012507530395027243,0.0009845855084600714,0.0010826354059152638,0.0008869342300445732,0.0012499999999999994,0.0008835126948063207
14:52643106:-,0.0012507530395027243,0.0009845855084600714,0.0010826354059152638,0.0008869342300445732,0.0012499999999999994,0.0008835126948063207
14:58372551:+,0.0012507530395027243,0.0009845855084600714,0.0010826354059152638,0.0008869342300445732,0.0012499999999999994,0.0008835126948063207
14:64483589:-,0.0012507530395027243,0.0009845855084600714,0.0010826354059152638,0.0008869342300445732,0.0012499999999999994,0.0008835126948063207
14:64484498:-,0.0012507530395027243,0.0009845855084600714,0.0010826354059152638,0.0008869342300445732,0.0012499999999999994,0.0008835126948063207
14:74735608:+,0.0012507530395027243,0.0009845855084600714,0.0010826354059152638,0.0008869342300445732,0.0012499999999999994,0.0008835126948063207
14:74736152:+,0.0012507530395027243,0.0009845855084600714,0.0010826354059152638,0.0008869342300445732,0.0012499999999999994,0.0008835126948063207
14:76205038:+,0.0012507530395027243,0.0009845855084600714,0.0010826354059152638,0.0008869342300445732,0.0012499999999999994,0.0008835126948063207
14:89160383:-,0.0012507530395027243,0.0009845855084600714,0.0010826354059152638,0.0008869342300445732,0.0012499999999999994,0.003400914869351033
14:89160386:-,0.0012507530395027243,0.0009845855084600714,0.0010826354059152638,0.0008869342300445732,0.0012499999999999994,0.0015084230140698274
14:95185096:-,0.0012507530395027243,0.0009845855084600714,0.0010826354059152638,0.0008869342300445732,0.0012499999999999994,0.0008835126948063207
14:95186642:-,0.0012507530395027243,0.0009845855084600714,0.0010826354059152638,0.0008869342300445732,0.0012499999999999994,0.0008835126948063207
14:95415466:-,0.0012507530395027243,0.0009845855084600714,0.0010826354059152638,0.0008869342300445732,0.0012499999999999994,0.0008835126948063207
15:34231141:-,0.001953049486035026,0.0009845855084600714,0.0010826354059152638,0.0008869342300445732,0.0012499999999999994,0.0008835126948063207
15:34231314:-,0.0012507530395027243,0.0009845855084600714,0.0010826354059152638,0.0008869342300445732,0.0012499999999999994,0.0004458211236778742
15:34231354:-,0.0012507530395027243,0.0009845855084600714,0.0010826354059152638,0.0008869342300445732,0.0012499999999999994,0.0008835126948063207
15:34231360:-,0.0012507530395027243,0.0009845855084600714,0.0010826354059152638,0.0008869342300445732,0.0012499999999999994,0.0008835126948063207
15:34231407:-,0.0012507530395027243,0.0009845855084600714,0.0010826354059152638,0.0008869342300445732,0.0012499999999999994,0.0010589974489332156
15:34231474:-,0.0012507530395027243,0.0009845855084600714,0.0010826354059152638,0.0008869342300445732,0.0012499999999999994,0.0008835126948063207
15:34231649:-,0.0012507530395027243,0.0009845855084600714,0.0010826354059152638,0.0008869342300445732,0.0012499999999999994,0.0017818392555664256
15:34231665:-,0.001510336905992061,0.0009845855084600714,0.0010826354059152638,0.0008869342300445732,0.0012499999999999994,0.000996924140346634
15:34231694:-,0.0012507530395027243,0.0009845855084600714,0.0010826354059152638,0.0008869342300445732,0.0012499999999999994,0.0005534986785269754
15:34231727:-,0.0012507530395027243,0.0009845855084600714,0.0010826354059152638,0.0008869342300445732,0.0012499999999999994,0.00044175634740316035
15:34231753:-,0.004930161434065156,0.0009845855084600714,0.0010826354059152638,0.0008869342300445732,0.0012499999999999994,0.001386925481291676
15:34231975:-,0.0012507530395027243,0.0009845855084600714,0.0010826354059152638,0.0008869342300445732,0.0012499999999999994,0.0008835126948063207
15:34232287:-,0.0012507530395027243,0.0009845855084600714,0.0010826354059152638,0.0008869342300445732,0.0012499999999999994,0.0015285816100525985
15:34232343:-,0.0012507530395027243,0.0009845855084600714,0.0010826354059152638,0.0008869342300445732,0.0012499999999999994,0.0008835126948063207
15:34232454:-,0.0012507530395027243,0.0009845855084600714,0.0010826354059152638,0.0008869342300445732,0.0012499999999999994,0.0010299989974043374
15:34232506:-,0.0012507530395027243,0.0009845855084600714,0.0010826354059152638,0.0008869342300445732,0.0012499999999999994,0.0008835126948063207
15:41900146:-,0.0012507530395027243,0.0009845855084600714,0.0010826354059152638,0.0005642254775388913,0.0012499999999999994,0.0008835126948063207
15:42531589:+,0.0012507530395027243,0.0009845855084600714,0.0010826354059152638,0.0008869342300445732,0.0012499999999999994,0.0018182657365454114
15:42532147:+,0.0012507530395027243,0.0009845855084600714,0.0010826354059152638,0.0008869342300445732,0.0012499999999999994,0.0008835126948063207
15:42532296:+,0.0012507530395027243,0.0009845855084600714,0.0010826354059152638,0.0008869342300445732,0.0012499999999999994,0.0008835126948063207
15:43794609:+,0.0012507530395027243,0.003464239494358593,0.0010826354059152638,0.0008869342300445732,0.0012499999999999994,0.0008835126948063207
15:45482003:-,0.0012507530395027243,0.0009845855084600714,0.0010826354059152638,0.0008869342300445732,0.0012499999999999994,0.0008835126948063207
15:49126658:-,0.0012507530395027243,0.0009845855084600714,0.0010826354059152638,0.0008869342300445732,0.0012499999999999994,0.0008835126948063207
15:49126926:-,0.0012507530395027243,0.0009845855084600714,0.0030121634332678122,0.0008869342300445732,0.0012499999999999994,0.0008835126948063207
15:58184800:+,0.0012507530395027243,0.0009845855084600714,0.0010826354059152638,0.0008869342300445732,0.0012499999999999994,0.0008620630672561428
15:64154841:+,0.007233817458004938,0.0009845855084600714,0.0010826354059152638,0.0008869342300445732,0.0012499999999999994,0.0008835126948063207
15:64154928:+,0.0017778131669248512,0.0009845855084600714,0.0010826354059152638,0.0008869342300445732,0.0012499999999999994,0.0008835126948063207
15:64154936:+,0.0012507530395027243,0.0009845855084600714,0.0010826354059152638,0.0008869342300445732,0.0012499999999999994,0.0008835126948063207
15:64155080:+,0.0032056393043772996,0.0009845855084600714,0.0010826354059152638,0.0008869342300445732,0.0012499999999999994,0.0008835126948063207
15:64155171:+,0.0032473635861828727,0.0009845855084600714,0.0010826354059152638,0.0008869342300445732,0.0012499999999999994,0.0008835126948063207
15:64155184:+,0.002393039446713402,0.0009845855084600714,0.0010826354059152638,0.0008869342300445732,0.0012499999999999994,0.0008835126948063207
15:64155196:+,0.0008465699353892222,0.0009845855084600714,0.0010826354059152638,0.0008869342300445732,0.0012499999999999994,0.0008835126948063207
15:64155224:+,0.0012507530395027243,0.0009845855084600714,0.0010826354059152638,0.0008869342300445732,0.0012499999999999994,0.0008835126948063207
15:64155236:+,0.0018779619306470226,0.0009845855084600714,0.0010826354059152638,0.0008869342300445732,0.0012499999999999994,0.0008835126948063207
15:64155268:+,0.0023727873543538964,0.0009845855084600714,0.0010826354059152638,0.0008869342300445732,0.0012499999999999994,0.0008835126948063207
15:64155432:+,0.0012511295592540867,0.0009845855084600714,0.0010826354059152638,0.0008869342300445732,0.0012499999999999994,0.0008835126948063207
15:64155441:+,0.0006512122500831029,0.0009845855084600714,0.0010826354059152638,0.0008869342300445732,0.0012499999999999994,0.0008835126948063207
15:84641813:-,0.0012507530395027243,0.0009845855084600714,0.0010826354059152638,0.0008869342300445732,0.0012499999999999994,0.0008835126948063207
15:84641973:-,0.0012507530395027243,0.0009845855084600714,0.0010826354059152638,0.0008869342300445732,0.0012499999999999994,0.0008835126948063207
15:84642182:-,0.0012507530395027243,0.0009845855084600714,0.0010826354059152638,0.0008869342300445732,0.0012499999999999994,0.0008835126948063207
15:84642201:-,0.0012507530395027243,0.0009845855084600714,0.0010826354059152638,0.0008869342300445732,0.0012499999999999994,0.0008835126948063207
15:84642217:-,0.0012507530395027243,0.0009845855084600714,0.0010826354059152638,0.0008869342300445732,0.0012499999999999994,0.0008835126948063207
15:89196030:+,0.0012507530395027243,0.0009845855084600714,0.0010826354059152638,0.0008869342300445732,0.0012499999999999994,0.0008835126948063207
15:89196098:+,0.0012507530395027243,0.0009845855084600714,0.0010826354059152638,0.0008869342300445732,0.0012499999999999994,0.002829445237211062
15:89196116:+,0.0012507530395027243,0.0009845855084600714,0.0010826354059152638,0.006391964088450006,0.000710733882030178,0.0027531821537151247
15:93027251:+,0.0012507530395027243,0.0009845855084600714,0.0010826354059152638,0.0008869342300445732,0.0012499999999999994,0.0008835126948063207
16:10924260:+,0.0012507530395027243,0.0009845855084600714,0.0010826354059152638,0.0008869342300445732,0.0012499999999999994,0.0008835126948063207
16:10925418:+,0.0006617612476559258,0.0009845855084600714,0.0010826354059152638,0.0008869342300445732,0.0012499999999999994,0.0008835126948063207
16:10926740:+,0.0010860591623366271,0.0009845855084600714,0.0010826354059152638,0.0008869342300445732,0.0012499999999999994,0.0008835126948063207
16:10928388:+,0.0012507530395027243,0.0009845855084600714,0.0010826354059152638,0.0008869342300445732,0.0012499999999999994,0.0008835126948063207
16:10928417:+,0.0012507530395027243,0.0009845855084600714,0.0010826354059152638,0.0008869342300445732,0.0012499999999999994,0.0008835126948063207
16:10928470:+,0.0012507530395027243,0.0009845855084600714,0.0010826354059152638,0.0008869342300445732,0.0012499999999999994,0.0008835126948063207
16:10931042:+,0.0012507530395027243,0.0009845855084600714,0.0010826354059152638,0.0008869342300445732,0.0012499999999999994,0.0008835126948063207
16:10931068:+,0.0006901040461828605,0.0009845855084600714,0.0010826354059152638,0.0008869342300445732,0.0012499999999999994,0.0008835126948063207
16:10931069:+,0.0012507530395027243,0.0009845855084600714,0.0010826354059152638,0.0008869342300445732,0.0012499999999999994,0.0008835126948063207
16:10931085:+,0.0012507530395027243,0.0009845855084600714,0.0010826354059152638,0.0008869342300445732,0.0012499999999999994,0.0008835126948063207
16:10931104:+,0.0008553293480766159,0.0009845855084600714,0.0010826354059152638,0.0008869342300445732,0.0012499999999999994,0.0008835126948063207
16:10931114:+,0.0007060550833816463,0.0009845855084600714,0.0010826354059152638,0.0008869342300445732,0.0012499999999999994,0.0008835126948063207
16:10931207:+,0.0013333027733789526,0.0009845855084600714,0.0010826354059152638,0.0008869342300445732,0.0012499999999999994,0.0008835126948063207
16:10931213:+,0.0006373219847219498,0.0009845855084600714,0.0010826354059152638,0.0008869342300445732,0.0012499999999999994,0.0008835126948063207
16:10931217:+,0.0012159366764731942,0.0009845855084600714,0.0010826354059152638,0.0008869342300445732,0.0012499999999999994,0.0008835126948063207
16:10931231:+,0.0012507530395027243,0.0009845855084600714,0.0010826354059152638,0.0008869342300445732,0.0012499999999999994,0.0008835126948063207
16:10931236:+,0.0012507530395027243,0.0009845855084600714,0.0010826354059152638,0.0008869342300445732,0.0012499999999999994,0.0008835126948063207
16:10931257:+,0.0012507530395027243,0.0009845855084600714,0.0010826354059152638,0.0008869342300445732,0.0012499999999999994,0.0008835126948063207
16:10931609:+,0.0007482678131595373,0.0009845855084600714,0.0010826354059152638,0.0008869342300445732,0.0012499999999999994,0.0008835126948063207
16:10931633:+,0.0007027513482835981,0.0009845855084600714,0.0010826354059152638,0.0008869342300445732,0.0012499999999999994,0.0008835126948063207
16:10931691:+,0.0022359487046501314,0.0009845855084600714,0.0010826354059152638,0.0008869342300445732,0.0012499999999999994,0.0008835126948063207
16:10931699:+,0.0012507530395027243,0.0009845855084600714,0.0010826354059152638,0.0008869342300445732,0.0012499999999999994,0.0008835126948063207
16:10931735:+,0.0007453044874600184,0.0009845855084600714,0.0010826354059152638,0.0008869342300445732,0.0012499999999999994,0.0008835126948063207
16:10931759:+,0.0007610049677279063,0.0009845855084600714,0.0010826354059152638,0.0008869342300445732,0.0012499999999999994,0.0008835126948063207
16:10931768:+,0.0012507530395027243,0.0009845855084600714,0.0010826354059152638,0.0008869342300445732,0.0012499999999999994,0.0008835126948063207
16:10931779:+,0.0031761366462690634,0.0009845855084600714,0.0010826354059152638,0.0008869342300445732,0.0012499999999999994,0.0008835126948063207
16:10931796:+,0.0020437427740803383,0.0009845855084600714,0.0010826354059152638,0.0008869342300445732,0.0012499999999999994,0.0008835126948063207
16:10931799:+,0.0012507530395027243,0.0009845855084600714,0.0010826354059152638,0.0008869342300445732,0.0012499999999999994,0.0008835126948063207
16:10931822:+,0.000911571330085468,0.0009845855084600714,0.0010826354059152638,0.0008869342300445732,0.0012499999999999994,0.0008835126948063207
16:10931865:+,0.0024469896356791527,0.0009845855084600714,0.0010826354059152638,0.0008869342300445732,0.0012499999999999994,0.0008835126948063207
16:10932756:+,0.0012507530395027243,0.0009845855084600714,0.0010826354059152638,0.0008869342300445732,0.0012499999999999994,0.0008835126948063207
16:10932790:+,0.002406173348657504,0.0009845855084600714,0.0010826354059152638,0.0008869342300445732,0.0012499999999999994,0.0008835126948063207
16:10932804:+,0.004841939177872461,0.0009845855084600714,0.0010826354059152638,0.0008869342300445732,0.0012499999999999994,0.0008835126948063207
16:10932816:+,0.0009267846987637076,0.0009845855084600714,0.0010826354059152638,0.0008869342300445732,0.0012499999999999994,0.0008835126948063207
16:10932871:+,0.001709312423194318,0.0009845855084600714,0.0010826354059152638,0.0008869342300445732,0.0012499999999999994,0.0008835126948063207
16:10932885:+,0.0012507530395027243,0.0009845855084600714,0.0010826354059152638,0.0008869342300445732,0.0012499999999999994,0.0008835126948063207
16:10936195:+,0.0012507530395027243,0.0009845855084600714,0.0010826354059152638,0.0008869342300445732,0.0012499999999999994,0.0008835126948063207
16:12660855:-,0.0012507530395027243,0.0009845855084600714,0.0010826354059152638,0.0008869342300445732,0.0012499999999999994,0.0008200297433931698
16:12660894:-,0.0012507530395027243,0.0009845855084600714,0.0010826354059152638,0.0008869342300445732,0.0012499999999999994,0.0008161728567150487
16:12660924:-,0.0012507530395027243,0.0009845855084600714,0.0010826354059152638,0.0008869342300445732,0.0012499999999999994,0.0008835126948063207
16:12661027:-,0.0012507530395027243,0.0009845855084600714,0.0010826354059152638,0.0008869342300445732,0.0012499999999999994,0.001141934621945956
16:12661105:-,0.0012507530395027243,0.0009845855084600714,0.0010826354059152638,0.0008869342300445732,0.0012499999999999994,0.0011917091062844912
16:21640034:-,0.0012507530395027243,0.0009845855084600714,0.0010826354059152638,0.0008869342300445732,0.0012499999999999994,0.0008835126948063207
16:21640137:-,0.0012507530395027243,0.0009845855084600714,0.0010826354059152638,0.0008869342300445732,0.0012499999999999994,0.0008835126948063207
16:21640166:-,0.0012507530395027243,0.0009845855084600714,0.0010826354059152638,0.0008869342300445732,0.0012499999999999994,0.0008539519288643337
16:21640183:-,0.0012507530395027243,0.0009845855084600714,0.0010826354059152638,0.0008869342300445732,0.0012499999999999994,0.0008835126948063207
16:21640210:-,0.0012507530395027243,0.0009845855084600714,0.0010826354059152638,0.0008869342300445732,0.0012499999999999994,0.004348006347403161
16:21640237:-,0.0012507530395027243,0.0009845855084600714,0.0010826354059152638,0.0008869342300445732,0.0012499999999999994,0.0008835126948063207
16:21640484:-,0.0012507530395027243,0.0009845855084600714,0.0010826354059152638,0.0008869342300445732,0.0012499999999999994,0.0008835126948063207
16:21640666:-,0.0012507530395027243,0.0009845855084600714,0.0010826354059152638,0.0008869342300445732,0.0012499999999999994,0.0018316070707026367
16:21640719:-,0.0012507530395027243,0.0009845855084600714,0.0010826354059152638,0.0008869342300445732,0.0012499999999999994,0.0008835126948063207
16:21640720:-,0.0012507530395027243,0.0009845855084600714,0.0010826354059152638,0.0008869342300445732,0.0012499999999999994,0.0008835126948063207
16:21640733:-,0.0012507530395027243,0.0009845855084600714,0.0010826354059152638,0.0008869342300445732,0.0012499999999999994,0.0008835126948063207
16:21640740:-,0.0012507530395027243,0.0009845855084600714,0.0010826354059152638,0.0008869342300445732,0.0012499999999999994,0.00047296922856277066
16:21640764:-,0.0012507530395027243,0.0009845855084600714,0.0010826354059152638,0.0008869342300445732,0.0012499999999999994,0.0007760240294684669
16:21641222:-,0.0012507530395027243,0.0009845855084600714,0.0010826354059152638,0.0008869342300445732,0.0012499999999999994,0.0009251971366233495
16:23463780:-,0.0012507530395027243,0.0009845855084600714,0.0010826354059152638,0.0008869342300445732,0.0012499999999999994,0.0008835126948063207
16:23463960:-,0.0006948209641958066,0.0009845855084600714,0.0010826354059152638,0.0008869342300445732,0.0012499999999999994,0.0008835126948063207
16:23465152:-,0.0008423186685116927,0.0009845855084600714,0.0010826354059152638,0.0008869342300445732,0.0012499999999999994,0.0008835126948063207
16:23465256:-,0.0012507530395027243,0.0009845855084600714,0.0010826354059152638,0.0008869342300445732,0.0012499999999999994,0.0008835126948063207
16:27450664:+,0.0012507530395027243,0.0009845855084600714,0.0010826354059152638,0.0008869342300445732,0.0012499999999999994,0.0008835126948063207
16:29665078:+,0.0012507530395027243,0.0009845855084600714,0.0010826354059152638,0.000990644024156721,0.0012499999999999994,0.0008835126948063207
16:29667654:+,0.0012507530395027243,0.0009845855084600714,0.0010826354059152638,0.0008869342300445732,0.0012499999999999994,0.0008835126948063207
16:29667730:+,0.0012507530395027243,0.0009845855084600714,0.0010826354059152638,0.0008869342300445732,0.0012499999999999994,0.0008835126948063207
16:29668040:+,0.0012507530395027243,0.0009845855084600714,0.0010826354059152638,0.0013292380900789757,0.0008290816326530611,0.0008835126948063207
16:29668110:+,0.0012507530395027243,0.0012078992631057756,0.0010826354059152638,0.0022176335717284256,0.0012135412158067861,0.0008835126948063207
16:29668200:+,0.0012507530395027243,0.0009845855084600714,0.0010826354059152638,0.0008869342300445732,0.0012499999999999994,0.0008835126948063207
16:29668228:+,0.0012507530395027243,0.0009845855084600714,0.0010826354059152638,0.0008869342300445732,0.0012499999999999994,0.0008835126948063207
16:29668306:+,0.0012507530395027243,0.0009845855084600714,0.0010826354059152638,0.0008869342300445732,0.0006249999999999997,0.0008835126948063207
16:29668480:+,0.0012507530395027243,0.0009845855084600714,0.0010826354059152638,0.0008869342300445732,0.0012499999999999994,0.0008835126948063207
16:29668509:+,0.0012507530395027243,0.0009845855084600714,0.0010826354059152638,0.0008869342300445732,0.0012499999999999994,0.0008835126948063207
16:29668636:+,0.0012507530395027243,0.0009845855084600714,0.0010826354059152638,0.0008869342300445732,0.0012499999999999994,0.0008835126948063207
16:29668699:+,0.0012507530395027243,0.0009845855084600714,0.0010826354059152638,0.0008869342300445732,0.0012499999999999994,0.0008835126948063207
16:29668712:+,0.0012507530395027243,0.0009845855084600714,0.0010826354059152638,0.0008869342300445732,0.0012499999999999994,0.0008835126948063207
16:29668883:+,0.0012507530395027243,0.0009845855084600714,0.0010826354059152638,0.0008869342300445732,0.010399018595041321,0.0008835126948063207
16:29668892:+,0.0012507530395027243,0.0009845855084600714,0.0010826354059152638,0.0008869342300445732,0.0012499999999999994,0.0008835126948063207
16:29668965:+,0.0012507530395027243,0.0009845855084600714,0.0010826354059152638,0.0008869342300445732,0.0012499999999999994,0.0008835126948063207
16:29669100:+,0.0012507530395027243,0.0009845855084600714,0.0010826354059152638,0.0008869342300445732,0.0012499999999999994,0.0008835126948063207
16:29669600:+,0.0012507530395027243,0.0009845855084600714,0.0010826354059152638,0.0008869342300445732,0.0012499999999999994,0.0008835126948063207
16:29669949:+,0.0012507530395027243,0.0009845855084600714,0.0010826354059152638,0.0008869342300445732,0.0012499999999999994,0.0008835126948063207
16:29669981:+,0.0012507530395027243,0.0006307010587283056,0.0010826354059152638,0.0008869342300445732,0.000673225308641975,0.0008835126948063207
16:29670009:+,0.0012507530395027243,0.0009845855084600714,0.0010826354059152638,0.0008869342300445732,0.0012499999999999994,0.0008835126948063207
16:29670049:+,0.0012507530395027243,0.0009845855084600714,0.0010826354059152638,0.0008869342300445732,0.0023286105296833866,0.0008835126948063207
16:29670138:+,0.0012507530395027243,0.0009845855084600714,0.0010826354059152638,0.0008869342300445732,0.005069444444444445,0.0008835126948063207
16:29670200:+,0.0012507530395027243,0.0009845855084600714,0.0010826354059152638,0.0008869342300445732,0.0006953433922996875,0.0008835126948063207
16:29670367:+,0.0012507530395027243,0.0009845855084600714,0.0010826354059152638,0.0008869342300445732,0.0012499999999999994,0.0008835126948063207
16:29670438:+,0.0012507530395027243,0.0009845855084600714,0.0010826354059152638,0.0008869342300445732,0.0012499999999999994,0.0008835126948063207
16:3242105:-,0.0012507530395027243,0.0009845855084600714,0.0010826354059152638,0.0008869342300445732,0.0012499999999999994,0.0008835126948063207
16:3242117:-,0.0012507530395027243,0.0009845855084600714,0.0010826354059152638,0.0008869342300445732,0.0012499999999999994,0.0008947533668940235
16:3242132:-,0.0012507530395027243,0.0009845855084600714,0.0010826354059152638,0.0008869342300445732,0.0012499999999999994,0.0008835126948063207
16:3242199:-,0.0012507530395027243,0.0009845855084600714,0.0010826354059152638,0.00044606857183810344,0.0012499999999999994,0.0010575125870981895
16:3242489:-,0.0012507530395027243,0.0009845855084600714,0.0010826354059152638,0.0008869342300445732,0.0012499999999999994,0.0004509881232734683
16:48352383:+,0.0012507530395027243,0.0009845855084600714,0.0010826354059152638,0.0008869342300445732,0.0012499999999999994,0.0008835126948063207
16:48352442:+,0.0012507530395027243,0.0009845855084600714,0.0010826354059152638,0.0008869342300445732,0.0012499999999999994,0.0008835126948063207
16:48352443:+,0.0012507530395027243,0.0009845855084600714,0.0010826354059152638,0.0008869342300445732,0.0012499999999999994,0.0008835126948063207
16:48352578:+,0.0012507530395027243,0.0009845855084600714,0.0010826354059152638,0.0008869342300445732,0.0012499999999999994,0.0008835126948063207
16:48353398:+,0.0012507530395027243,0.0009845855084600714,0.0010826354059152638,0.0008869342300445732,0.0012499999999999994,0.0008835126948063207
16:48354482:+,0.0012507530395027243,0.0009845855084600714,0.0010826354059152638,0.0008869342300445732,0.0012499999999999994,0.0008835126948063207
16:50105571:+,0.0012507530395027243,0.0009845855084600714,0.0010826354059152638,0.0008869342300445732,0.0012499999999999994,0.0008835126948063207
16:50673292:-,0.0012507530395027243,0.0009845855084600714,0.0010826354059152638,0.0008869342300445732,0.0012499999999999994,0.0008835126948063207
16:57683958:+,0.0012507530395027243,0.0009845855084600714,0.0010826354059152638,0.0008869342300445732,0.0012499999999999994,0.0007230025628952132
16:67546369:+,0.0012507530395027243,0.0009845855084600714,0.0010826354059152638,0.0008869342300445732,0.0012499999999999994,0.0008835126948063207
16:69702643:+,0.0012507530395027243,0.0009845855084600714,0.0010826354059152638,0.0008869342300445732,0.0012499999999999994,0.0028094056559751193
16:70379917:-,0.0012507530395027243,0.0009845855084600714,0.0010826354059152638,0.0008869342300445732,0.0012499999999999994,0.0008835126948063207
16:75445495:-,0.0012507530395027243,0.0009845855084600714,0.023498158841616944,0.0008869342300445732,0.0012499999999999994,0.0008835126948063207
16:75445992:-,0.0012507530395027243,0.0015046894484449123,0.0010826354059152638,0.0008869342300445732,0.0012499999999999994,0.0008835126948063207
16:75446008:-,0.0012507530395027243,0.0009845855084600714,0.0010826354059152638,0.0008869342300445732,0.0012499999999999994,0.0008835126948063207
16:75446074:-,0.0012507530395027243,0.0009845855084600714,0.0010826354059152638,0.0008869342300445732,0.0012499999999999994,0.0008835126948063207
16:89563497:+,0.0012507530395027243,0.0011172927542300354,0.0010826354059152638,0.0008869342300445732,0.0012499999999999994,0.0008835126948063207
16:89563617:+,0.0012507530395027243,0.0009845855084600714,0.0010826354059152638,0.0008869342300445732,0.0012499999999999994,0.0008835126948063207
17:1005526:-,0.0012507530395027243,0.0009845855084600714,0.0010826354059152638,0.0008869342300445732,0.0012499999999999994,0.0005144683238468837
17:1572942:-,0.0012507530395027243,0.0009845855084600714,0.0010826354059152638,0.0008869342300445732,0.0012499999999999994,0.0008835126948063207
17:1573050:-,0.0012507530395027243,0.0009845855084600714,0.0010826354059152638,0.0008869342300445732,0.0012499999999999994,0.0008835126948063207
17:1573080:-,0.0012507530395027243,0.0009845855084600714,0.0010826354059152638,0.0008869342300445732,0.0012499999999999994,0.0008835126948063207
17:17186597:+,0.0006264845529923594,0.0009845855084600714,0.0010826354059152638,0.0008869342300445732,0.0012499999999999994,0.0008835126948063207
17:17186611:+,0.005069820964195805,0.0009845855084600714,0.0010826354059152638,0.0008869342300445732,0.0012499999999999994,0.0008835126948063207
17:17186660:+,0.0012507530395027243,0.0007700705320078133,0.0010826354059152638,0.0008869342300445732,0.0012499999999999994,0.0008835126948063207
17:29551047:+,0.0012507530395027243,0.0009845855084600714,0.0010826354059152638,0.0008869342300445732,0.0012499999999999994,0.0008835126948063207
17:3035658:+,0.0012507530395027243,0.0009845855084600714,0.0010826354059152638,0.0008869342300445732,0.0012499999999999994,0.0009713566172631704
17:30958767:+,0.0012507530395027243,0.0009845855084600714,0.0010826354059152638,0.0008869342300445732,0.0012499999999999994,0.0008835126948063207
17:31534384:+,0.0012507530395027243,0.0009845855084600714,0.0010826354059152638,0.0008869342300445732,0.0012499999999999994,0.0008835126948063207
17:31534509:+,0.0012507530395027243,0.0009845855084600714,0.0010826354059152638,0.0008869342300445732,0.0012499999999999994,0.0008835126948063207
17:35010639:-,0.0012507530395027243,0.0009845855084600714,0.0010826354059152638,0.0008869342300445732,0.0012499999999999994,0.0008835126948063207
17:35010995:-,0.0012507530395027243,0.0009845855084600714,0.0010826354059152638,0.0008869342300445732,0.0012499999999999994,0.0008835126948063207
17:35271156:+,0.0012507530395027243,0.0008111703052504436,0.0010826354059152638,0.0008869342300445732,0.0012499999999999994,0.0008835126948063207
17:35439591:-,0.0012507530395027243,0.0009845855084600714,0.0010826354059152638,0.0008869342300445732,0.0012499999999999994,0.0008835126948063207
17:35468033:-,0.0012507530395027243,0.0009845855084600714,0.0010826354059152638,0.0008869342300445732,0.0012499999999999994,0.0008835126948063207
17:35468168:-,0.0012507530395027243,0.0009845855084600714,0.0010826354059152638,0.0008869342300445732,0.0012499999999999994,0.0008835126948063207
17:35468774:-,0.0012507530395027243,0.004324492300715297,0.0010826354059152638,0.0008869342300445732,0.0012499999999999994,0.0008835126948063207
17:35468784:-,0.0012507530395027243,0.0011973100552680976,0.0007873769109545562,0.0008869342300445732,0.0043195588349323934,0.0008835126948063207
17:35468795:-,0.0012507530395027243,0.0009845855084600714,0.0010826354059152638,0.0008869342300445732,0.0012499999999999994,0.0008835126948063207
17:35468880:-,0.0012507530395027243,0.0009324120754682373,0.0010826354059152638,0.0008869342300445732,0.0012499999999999994,0.0008835126948063207
17:35468891:-,0.0012507530395027243,0.0009845855084600714,0.0010826354059152638,0.0008869342300445732,0.0012499999999999994,0.0008835126948063207
17:35468903:-,0.0012507530395027243,0.0009845855084600714,0.0010826354059152638,0.0008869342300445732,0.0012499999999999994,0.0008835126948063207
17:35468906:-,0.0012507530395027243,0.0009845855084600714,0.0010826354059152638,0.0008869342300445732,0.010324265381083563,0.0008835126948063207
17:35473996:-,0.0012507530395027243,0.0009845855084600714,0.0010826354059152638,0.0008869342300445732,0.0012499999999999994,0.0008835126948063207
17:35474731:-,0.0012507530395027243,0.0009845855084600714,0.0010826354059152638,0.0008869342300445732,0.0012499999999999994,0.0008835126948063207
17:35474922:-,0.0012507530395027243,0.0009845855084600714,0.0010826354059152638,0.0008869342300445732,0.0012499999999999994,0.0008835126948063207
17:37515695:-,0.0012507530395027243,0.0009845855084600714,0.0010826354059152638,0.0008869342300445732,0.0012499999999999994,0.0008835126948063207
17:38919642:+,0.0012507530395027243,0.0009845855084600714,0.0010826354059152638,0.0008869342300445732,0.0012499999999999994,0.0006602974025788095
17:3897601:-,0.0012507530395027243,0.0009845855084600714,0.0010826354059152638,0.0008869342300445732,0.0012499999999999994,0.0006883768003225204
17:39759158:-,0.0012507530395027243,0.0009845855084600714,0.0010826354059152638,0.0008869342300445732,0.0012499999999999994,0.0008835126948063207
17:39759180:-,0.0012507530395027243,0.0009845855084600714,0.0010826354059152638,0.0008869342300445732,0.0012499999999999994,0.0008835126948063207
17:39759293:-,0.0012507530395027243,0.0009845855084600714,0.0010826354059152638,0.0008869342300445732,0.0012499999999999994,0.0008835126948063207
17:39759298:-,0.0012507530395027243,0.0009845855084600714,0.0010826354059152638,0.0008869342300445732,0.0012499999999999994,0.0008835126948063207
17:39759353:-,0.0012507530395027243,0.0009845855084600714,0.0010826354059152638,0.0008869342300445732,0.0012499999999999994,0.0008835126948063207
17:39759377:-,0.0012507530395027243,0.0009845855084600714,0.0010826354059152638,0.0008869342300445732,0.0012499999999999994,0.0008835126948063207
17:39759379:-,0.0012507530395027243,0.0009845855084600714,0.0010826354059152638,0.0008869342300445732,0.0012499999999999994,0.0008835126948063207
17:39760207:-,0.0012507530395027243,0.0009845855084600714,0.0010826354059152638,0.0008869342300445732,0.0012499999999999994,0.0008835126948063207
17:39760536:-,0.0010112183564860559,0.0009845855084600714,0.0010826354059152638,0.0008869342300445732,0.0012499999999999994,0.0008835126948063207
17:39760560:-,0.0012507530395027243,0.0009845855084600714,0.0010826354059152638,0.0008869342300445732,0.0012499999999999994,0.0008835126948063207
17:39760595:-,0.0012507530395027243,0.0009845855084600714,0.0010826354059152638,0.0008869342300445732,0.0012499999999999994,0.0008835126948063207
17:39760596:-,0.0015384052270725783,0.0009845855084600714,0.0010826354059152638,0.0008869342300445732,0.0012499999999999994,0.0008835126948063207
17:39760920:-,0.0012507530395027243,0.0009845855084600714,0.0010826354059152638,0.0008869342300445732,0.0012499999999999994,0.0008835126948063207
17:39760965:-,0.0007677801409476588,0.0009845855084600714,0.0010826354059152638,0.0008869342300445732,0.0012499999999999994,0.0008835126948063207
17:39761010:-,0.0024778433447456595,0.0009845855084600714,0.0010826354059152638,0.0008869342300445732,0.0012499999999999994,0.0008835126948063207
17:39761057:-,0.0010253765197513623,0.0009845855084600714,0.0010826354059152638,0.0008869342300445732,0.0012499999999999994,0.0008835126948063207
17:39761068:-,0.0012507530395027243,0.0009845855084600714,0.0010826354059152638,0.0008869342300445732,0.0012499999999999994,0.0008835126948063207
17:39761076:-,0.0011922699437876432,0.0009845855084600714,0.0010826354059152638,0.0008869342300445732,0.0012499999999999994,0.0008835126948063207
17:39761469:-,0.0012507530395027243,0.0009845855084600714,0.0010826354059152638,0.0008869342300445732,0.0012499999999999994,0.0008835126948063207
17:39761473:-,0.0012507530395027243,0.0009845855084600714,0.0010738620816558569,0.0008869342300445732,0.0012499999999999994,0.0008835126948063207
17:39761481:-,0.0009453266294269817,0.0009845855084600714,0.0010826354059152638,0.0008869342300445732,0.0012499999999999994,0.0008835126948063207
17:39761495:-,0.0012507530395027243,0.0009845855084600714,0.0010826354059152638,0.0008869342300445732,0.0012499999999999994,0.0008835126948063207
17:39761516:-,0.0012507530395027243,0.0009845855084600714,0.0010826354059152638,0.0008869342300445732,0.0012499999999999994,0.0008835126948063207
17:39761549:-,0.0047520195427798026,0.0009845855084600714,0.0010826354059152638,0.0008869342300445732,0.0012499999999999994,0.0008835126948063207
17:39761885:-,0.0012507530395027243,0.0009845855084600714,0.0010826354059152638,0.0008869342300445732,0.0012499999999999994,0.0008835126948063207
17:39761941:-,0.0006783040693720334,0.0009845855084600714,0.0010826354059152638,0.0008869342300445732,0.0012499999999999994,0.0008835126948063207
17:39761977:-,0.0012507530395027243,0.0009845855084600714,0.0010826354059152638,0.0008869342300445732,0.0012499999999999994,0.0008835126948063207
17:39762027:-,0.0012507530395027243,0.0009845855084600714,0.0010826354059152638,0.0008869342300445732,0.0012499999999999994,0.0008835126948063207
17:39762629:-,0.0008803020193629714,0.0009845855084600714,0.0010826354059152638,0.0008869342300445732,0.0012499999999999994,0.0008835126948063207
17:39763882:-,0.0012507530395027243,0.0009845855084600714,0.0010826354059152638,0.0008869342300445732,0.0012499999999999994,0.0008835126948063207
17:39763950:-,0.0012507530395027243,0.0009845855084600714,0.0010826354059152638,0.0008869342300445732,0.0012499999999999994,0.0008835126948063207
17:39763964:-,0.0012507530395027243,0.0009845855084600714,0.0010826354059152638,0.0008869342300445732,0.0012499999999999994,0.0008835126948063207
17:39763990:-,0.0012507530395027243,0.0009845855084600714,0.0010826354059152638,0.0008869342300445732,0.0012499999999999994,0.0008835126948063207
17:39764007:-,0.0012507530395027243,0.0009845855084600714,0.0010826354059152638,0.0008869342300445732,0.0012499999999999994,0.0008835126948063207
17:39764206:-,0.0012507530395027243,0.0009845855084600714,0.0010826354059152638,0.0008869342300445732,0.0012499999999999994,0.0008835126948063207
17:39764280:-,0.0012507530395027243,0.0009845855084600714,0.0005653469224885816,0.0008869342300445732,0.0012499999999999994,0.0008835126948063207
17:39764368:-,0.0012507530395027243,0.0009845855084600714,0.0010826354059152638,0.0008869342300445732,0.0012499999999999994,0.0008835126948063207
17:39764402:-,0.0012507530395027243,0.0009845855084600714,0.0010826354059152638,0.0008869342300445732,0.0012499999999999994,0.0008835126948063207
17:39764407:-,0.0027778349282968928,0.0009845855084600714,0.0010826354059152638,0.0008869342300445732,0.0012499999999999994,0.0008835126948063207
17:39764418:-,0.0006495954650492285,0.0009845855084600714,0.0010826354059152638,0.0008869342300445732,0.0012499999999999994,0.0008835126948063207
17:42702335:-,0.0012507530395027243,0.0009845855084600714,0.0010826354059152638,0.0008869342300445732,0.0012499999999999994,0.002597163364576631
17:43218105:+,0.0012507530395027243,0.0009845855084600714,0.0010826354059152638,0.0008869342300445732,0.0012499999999999994,0.0008835126948063207
17:440932:-,0.0012507530395027243,0.0009845855084600714,0.0010826354059152638,0.0008869342300445732,0.0012499999999999994,0.0008835126948063207
17:441919:-,0.0012507530395027243,0.0009845855084600714,0.0010826354059152638,0.0008869342300445732,0.0012499999999999994,0.0008835126948063207
17:441981:-,0.0012507530395027243,0.0009845855084600714,0.0010826354059152638,0.0008869342300445732,0.0012499999999999994,0.0006154271745040032
17:441991:-,0.0012507530395027243,0.0009845855084600714,0.0010826354059152638,0.0008869342300445732,0.0012499999999999994,0.00047311044517760523
17:48121400:+,0.0012507530395027243,0.0009845855084600714,0.0010826354059152638,0.0008869342300445732,0.0012499999999999994,0.0008835126948063207
17:49831007:+,0.0012507530395027243,0.0009845855084600714,0.0010826354059152638,0.0008869342300445732,0.0012499999999999994,0.0008835126948063207
17:56891473:-,0.0012507530395027243,0.0009845855084600714,0.0010826354059152638,0.0008869342300445732,0.0012499999999999994,0.0025503847186577945
17:63694744:+,0.0012507530395027243,0.0009845855084600714,0.0010826354059152638,0.0008869342300445732,0.0012499999999999994,0.0008835126948063207
17:64321539:-,0.0012507530395027243,0.0009845855084600714,0.0010826354059152638,0.0008869342300445732,0.0012499999999999994,0.0008835126948063207
17:64321638:-,0.0012507530395027243,0.0009845855084600714,0.0010826354059152638,0.0008869342300445732,0.0012499999999999994,0.0008835126948063207
17:64321677:-,0.0012507530395027243,0.0009845855084600714,0.0010826354059152638,0.0008869342300445732,0.0012499999999999994,0.0008835126948063207
17:64322853:-,0.0012507530395027243,0.0009845855084600714,0.0010826354059152638,0.0008869342300445732,0.0012499999999999994,0.0008835126948063207
17:64322879:-,0.0012507530395027243,0.0009845855084600714,0.0010826354059152638,0.0008869342300445732,0.0012499999999999994,0.0008835126948063207
17:64322885:-,0.0012507530395027243,0.0009845855084600714,0.0010826354059152638,0.0008869342300445732,0.0012499999999999994,0.0008835126948063207
17:64322886:-,0.0012507530395027243,0.0009845855084600714,0.0010826354059152638,0.0008869342300445732,0.0012499999999999994,0.0008835126948063207
17:64322996:-,0.0012507530395027243,0.0009845855084600714,0.0010826354059152638,0.0006086664873109633,0.0012499999999999994,0.0008475377354236304
17:64468388:+,0.0012507530395027243,0.0009845855084600714,0.0010826354059152638,0.0008869342300445732,0.0012499999999999994,0.0008835126948063207
17:6774884:+,0.0012507530395027243,0.0009845855084600714,0.0010826354059152638,0.0008869342300445732,0.0012499999999999994,0.0008835126948063207
17:7246055:-,0.0012507530395027243,0.0009845855084600714,0.0010826354059152638,0.0008869342300445732,0.0012499999999999994,0.0018127212002602062
17:75889325:-,0.0012507530395027243,0.0009845855084600714,0.0010826354059152638,0.0008869342300445732,0.0012499999999999994,0.0008835126948063207
17:75889857:-,0.0012507530395027243,0.0009845855084600714,0.0010826354059152638,0.0008869342300445732,0.0012499999999999994,0.0008835126948063207
17:75890130:-,0.0012507530395027243,0.0009845855084600714,0.0010826354059152638,0.0008869342300445732,0.0012499999999999994,0.0008835126948063207
17:75943360:-,0.0012507530395027243,0.0009845855084600714,0.0010826354059152638,0.0008869342300445732,0.0012499999999999994,0.0008835126948063207
17:75943521:-,0.0012507530395027243,0.0009845855084600714,0.0010826354059152638,0.0008869342300445732,0.0012499999999999994,0.0008835126948063207
17:75943995:-,0.0012507530395027243,0.0009845855084600714,0.0010826354059152638,0.0008869342300445732,0.0012499999999999994,0.0008835126948063207
17:75944038:-,0.0012507530395027243,0.0009845855084600714,0.0010826354059152638,0.0008869342300445732,0.0012499999999999994,0.001262521711104812
17:75944149:-,0.0012507530395027243,0.0009845855084600714,0.0010826354059152638,0.0008869342300445732,0.0012499999999999994,0.0008835126948063207
17:75944151:-,0.0012507530395027243,0.0009845855084600714,0.0010826354059152638,0.0008869342300445732,0.0012499999999999994,0.002129896384728638
17:75944358:-,0.0012507530395027243,0.0009845855084600714,0.0010826354059152638,0.0008869342300445732,0.0012499999999999994,0.0008835126948063207
17:75944793:-,0.0012507530395027243,0.0009845855084600714,0.0010826354059152638,0.0008869342300445732,0.0012499999999999994,0.0008835126948063207
17:75944836:-,0.0012507530395027243,0.0009845855084600714,0.0010826354059152638,0.0008869342300445732,0.0012499999999999994,0.0008835126948063207
17:75944850:-,0.0012507530395027243,0.0009845855084600714,0.0010826354059152638,0.0008869342300445732,0.0012499999999999994,0.0008835126948063207
17:75944877:-,0.0012507530395027243,0.0009845855084600714,0.0010826354059152638,0.0008869342300445732,0.0012499999999999994,0.0008835126948063207
17:75945012:-,0.0012507530395027243,0.0009845855084600714,0.0010826354059152638,0.0008869342300445732,0.0012499999999999994,0.016772439991782476
17:75945017:-,0.0012507530395027243,0.0009845855084600714,0.0010826354059152638,0.0008869342300445732,0.0012499999999999994,0.00106675634740316
17:75945026:-,0.0012507530395027243,0.0009845855084600714,0.0010826354059152638,0.0008869342300445732,0.0012499999999999994,0.0008835126948063207
17:78109578:-,0.002121340482703608,0.0005384075791206327,0.0010826354059152638,0.0008869342300445732,0.0012499999999999994,0.0008835126948063207
17:78110521:-,0.0012507530395027243,0.0005365155365438749,0.0010826354059152638,0.0008869342300445732,0.0012499999999999994,0.0008835126948063207
17:7911910:+,0.0012507530395027243,0.0009845855084600714,0.0010826354059152638,0.0008869342300445732,0.0012499999999999994,0.010944823358706736
17:81681339:-,0.0012507530395027243,0.0009845855084600714,0.0010826354059152638,0.0008869342300445732,0.0012499999999999994,0.0008835126948063207
17:81681365:-,0.0012507530395027243,0.0009845855084600714,0.0010826354059152638,0.0008869342300445732,0.0012499999999999994,0.0008835126948063207
17:8224975:-,0.0012507530395027243,0.0009845855084600714,0.0010826354059152638,0.0008869342300445732,0.0012499999999999994,0.0008835126948063207
18:32068939:+,0.0012507530395027243,0.0009845855084600714,0.0010826354059152638,0.0008869342300445732,0.0012499999999999994,0.0008835126948063207
18:32068940:+,0.0012507530395027243,0.0009845855084600714,0.0010826354059152638,0.0008869342300445732,0.0012499999999999994,0.0008835126948063207
18:32068983:+,0.0012507530395027243,0.0009845855084600714,0.0010826354059152638,0.0008869342300445732,0.0012499999999999994,0.0008835126948063207
18:32069035:+,0.0012507530395027243,0.0009845855084600714,0.0010826354059152638,0.0008869342300445732,0.0012499999999999994,0.0008835126948063207
18:32069053:+,0.0012507530395027243,0.0009845855084600714,0.0007696264820905867,0.0008869342300445732,0.0012499999999999994,0.0008835126948063207
18:32069157:+,0.0012507530395027243,0.0009845855084600714,0.0010826354059152638,0.0008869342300445732,0.0012499999999999994,0.0008835126948063207
18:32070101:+,0.0012507530395027243,0.0009845855084600714,0.0010826354059152638,0.0008869342300445732,0.0012499999999999994,0.0008835126948063207
18:32070140:+,0.0012507530395027243,0.0009845855084600714,0.0010826354059152638,0.0008869342300445732,0.0012499999999999994,0.0008835126948063207
18:32070205:+,0.0012507530395027243,0.0009845855084600714,0.0005413177029576319,0.0008869342300445732,0.0012499999999999994,0.0008835126948063207
18:32071299:+,0.0012507530395027243,0.0009845855084600714,0.0010826354059152638,0.0008869342300445732,0.0007235710543664997,0.0008835126948063207
18:32071398:+,0.0012507530395027243,0.0009845855084600714,0.0010826354059152638,0.0008869342300445732,0.0012499999999999994,0.0008835126948063207
18:32071973:+,0.0012507530395027243,0.0009845855084600714,0.0010826354059152638,0.0008869342300445732,0.0012499999999999994,0.0008835126948063207
18:32072115:+,0.0012507530395027243,0.0009845855084600714,0.0010826354059152638,0.0008869342300445732,0.0012499999999999994,0.0008835126948063207
18:32072155:+,0.0012507530395027243,0.0011179772548248151,0.0010195550962957406,0.0008869342300445732,0.0008051600142148481,0.0008835126948063207
18:58753332:+,0.0012507530395027243,0.0009845855084600714,0.0010826354059152638,0.0008869342300445732,0.0012499999999999994,0.0008835126948063207
19:10930129:+,0.0012507530395027243,0.0009845855084600714,0.0010826354059152638,0.0008869342300445732,0.0012499999999999994,0.0008835126948063207
19:12079390:+,0.0012507530395027243,0.0009845855084600714,0.0010826354059152638,0.0008869342300445732,0.0012499999999999994,0.0008835126948063207
19:12080806:+,0.0012507530395027243,0.0009845855084600714,0.0010826354059152638,0.0008869342300445732,0.0012499999999999994,0.0008835126948063207
19:12670968:-,0.0006253765197513621,0.004035376654456793,0.0010826354059152638,0.0008869342300445732,0.0012499999999999994,0.0008835126948063207
19:12672568:-,0.0012507530395027243,0.0009845855084600714,0.0010826354059152638,0.0008869342300445732,0.0012499999999999994,0.0008835126948063207
19:13772619:+,0.0012507530395027243,0.0009845855084600714,0.0010826354059152638,0.0008869342300445732,0.0012499999999999994,0.0008835126948063207
19:13773028:+,0.0012507530395027243,0.0009845855084600714,0.0010826354059152638,0.0008869342300445732,0.0012499999999999994,0.0008835126948063207
19:13773040:+,0.0012507530395027243,0.0009845855084600714,0.0010826354059152638,0.0008869342300445732,0.0012499999999999994,0.0008835126948063207
19:13773047:+,0.0012507530395027243,0.0009845855084600714,0.0010826354059152638,0.0008869342300445732,0.0012499999999999994,0.0008835126948063207
19:13773059:+,0.0012507530395027243,0.0007442453871350495,0.0010826354059152638,0.0008869342300445732,0.0012499999999999994,0.0008835126948063207
19:13773147:+,0.0012507530395027243,0.0009845855084600714,0.0010826354059152638,0.0008869342300445732,0.0012499999999999994,0.0008835126948063207
19:13773191:+,0.0012507530395027243,0.0009845855084600714,0.0010826354059152638,0.0008869342300445732,0.0012499999999999994,0.0008835126948063207
19:13773205:+,0.0012507530395027243,0.0009845855084600714,0.0010826354059152638,0.0008869342300445732,0.0012499999999999994,0.0008835126948063207
19:13773361:+,0.0012507530395027243,0.0009845855084600714,0.0010826354059152638,0.0008869342300445732,0.0012499999999999994,0.0008835126948063207
19:13773384:+,0.0012507530395027243,0.002843073286828751,0.0010826354059152638,0.0008869342300445732,0.0012499999999999994,0.0008835126948063207
19:13773416:+,0.0012507530395027243,0.0009845855084600714,0.0010826354059152638,0.0008869342300445732,0.0012499999999999994,0.0008835126948063207
19:13773757:+,0.0012507530395027243,0.0006782431674531764,0.0010826354059152638,0.0008869342300445732,0.0012499999999999994,0.0008835126948063207
19:13773912:+,0.0012507530395027243,0.0009845855084600714,0.0010826354059152638,0.0008869342300445732,0.0012499999999999994,0.0008835126948063207
19:13773924:+,0.0012507530395027243,0.0009845855084600714,0.000852736388078739,0.0008869342300445732,0.0012499999999999994,0.0008835126948063207
19:13773927:+,0.0012507530395027243,0.002852600249845438,0.0011445802452783457,0.0008869342300445732,0.0012499999999999994,0.0008835126948063207
19:14610598:+,0.000703231191031639,0.0009845855084600714,0.0010826354059152638,0.0008869342300445732,0.0012499999999999994,0.0008835126948063207
19:14610605:+,0.0012507530395027243,0.0009845855084600714,0.0010826354059152638,0.0008869342300445732,0.0012499999999999994,0.0008835126948063207
19:14610618:+,0.0008160763247678166,0.0009845855084600714,0.0010826354059152638,0.0008869342300445732,0.0012499999999999994,0.0008835126948063207
19:14610684:+,0.0021538471755997435,0.0009845855084600714,0.0010826354059152638,0.0008869342300445732,0.0012499999999999994,0.0008835126948063207
19:14610685:+,0.0012507530395027243,0.0009845855084600714,0.0010826354059152638,0.0008869342300445732,0.0012499999999999994,0.0008835126948063207
19:14610717:+,0.0012507530395027243,0.0009845855084600714,0.0010826354059152638,0.0008869342300445732,0.0012499999999999994,0.0008835126948063207
19:14610740:+,0.0006778526634422628,0.0009845855084600714,0.0010826354059152638,0.0008869342300445732,0.0012499999999999994,0.0008835126948063207
19:14610781:+,0.0016242984936883271,0.0009845855084600714,0.0010826354059152638,0.0008869342300445732,0.0012499999999999994,0.0008835126948063207
19:14610788:+,0.0012507530395027243,0.0009845855084600714,0.0010826354059152638,0.0008869342300445732,0.0012499999999999994,0.0008835126948063207
19:14610794:+,0.0020320457531978484,0.0009845855084600714,0.0010826354059152638,0.0008869342300445732,0.0012499999999999994,0.0008835126948063207
19:14611400:+,0.0012507530395027243,0.0009845855084600714,0.0010826354059152638,0.0008869342300445732,0.0012499999999999994,0.0008835126948063207
19:14611690:+,0.0012507530395027243,0.0009845855084600714,0.0010826354059152638,0.0008869342300445732,0.0012499999999999994,0.0008835126948063207
19:14611729:+,0.0012507530395027243,0.0009845855084600714,0.0010826354059152638,0.0008869342300445732,0.0012499999999999994,0.0008835126948063207
19:14611737:+,0.0012507530395027243,0.0009845855084600714,0.0010826354059152638,0.0008869342300445732,0.0012499999999999994,0.0008835126948063207
19:14611746:+,0.0013956292191690794,0.0009845855084600714,0.0010826354059152638,0.0008869342300445732,0.0012499999999999994,0.0008835126948063207
19:14611791:+,0.0020881370821622747,0.0009845855084600714,0.0010826354059152638,0.0008869342300445732,0.0012499999999999994,0.0008835126948063207
19:14611805:+,0.0012507530395027243,0.0009845855084600714,0.0010826354059152638,0.0008869342300445732,0.0012499999999999994,0.0008835126948063207
19:14734291:-,0.0012507530395027243,0.0009845855084600714,0.0010826354059152638,0.0008869342300445732,0.0012499999999999994,0.0008835126948063207
19:14734323:-,0.0012507530395027243,0.0009845855084600714,0.0010826354059152638,0.0008869342300445732,0.0012499999999999994,0.0008835126948063207
19:14734348:-,0.0012507530395027243,0.0009845855084600714,0.0010826354059152638,0.0008869342300445732,0.0012499999999999994,0.0008835126948063207
19:14734350:-,0.0012507530395027243,0.0009845855084600714,0.0010826354059152638,0.0008869342300445732,0.0012499999999999994,0.0008835126948063207
19:14734437:-,0.0012507530395027243,0.0009845855084600714,0.0010826354059152638,0.0008869342300445732,0.0012499999999999994,0.0008835126948063207
19:14734608:-,0.0012507530395027243,0.0009845855084600714,0.0010826354059152638,0.0008869342300445732,0.0012499999999999994,0.007104390552848489
19:14734644:-,0.0012507530395027243,0.0009845855084600714,0.0010826354059152638,0.0008869342300445732,0.0012499999999999994,0.0008835126948063207
19:14734650:-,0.0012507530395027243,0.0009845855084600714,0.0010826354059152638,0.0008869342300445732,0.0012499999999999994,0.0008835126948063207
19:14734663:-,0.0012507530395027243,0.0009845855084600714,0.0010826354059152638,0.0008869342300445732,0.0012499999999999994,0.0008835126948063207
19:14734668:-,0.0012507530395027243,0.0009845855084600714,0.0010826354059152638,0.0008869342300445732,0.0012499999999999994,0.0008835126948063207
19:14734701:-,0.0012507530395027243,0.0009845855084600714,0.0010826354059152638,0.0008869342300445732,0.0012499999999999994,0.0008835126948063207
19:14734717:-,0.0012507530395027243,0.0009845855084600714,0.0010826354059152638,0.0008869342300445732,0.0012499999999999994,0.0008835126948063207
19:15661100:+,0.0012507530395027243,0.0009845855084600714,0.0010826354059152638,0.0008869342300445732,0.0012499999999999994,0.0019012310157522877
19:15661101:+,0.0012507530395027243,0.0009845855084600714,0.0010826354059152638,0.0008869342300445732,0.0012499999999999994,0.0008804517584908131
19:15661114:+,0.0012507530395027243,0.0009845855084600714,0.0010826354059152638,0.0008869342300445732,0.0012499999999999994,0.0008483909285329509
19:15661150:+,0.0012507530395027243,0.0009845855084600714,0.0010826354059152638,0.0008869342300445732,0.0012499999999999994,0.00045007735332032006
19:15661157:+,0.0012507530395027243,0.0009845855084600714,0.0010826354059152638,0.0008869342300445732,0.0012499999999999994,0.0008835126948063207
19:15661206:+,0.0012507530395027243,0.0009845855084600714,0.0010826354059152638,0.0008869342300445732,0.0012499999999999994,0.0024584321625142325
19:15661211:+,0.0012507530395027243,0.0009845855084600714,0.0010826354059152638,0.0008869342300445732,0.0012499999999999994,0.0014848781841119776
19:15661251:+,0.0012507530395027243,0.0009845855084600714,0.0010826354059152638,0.0008869342300445732,0.0012499999999999994,0.0005871400901911663
19:15662215:+,0.0012507530395027243,0.0009845855084600714,0.0010826354059152638,0.0008869342300445732,0.0012499999999999994,0.0008835126948063207
19:17552139:+,0.0012507530395027243,0.0009845855084600714,0.0010826354059152638,0.0008869342300445732,0.0012499999999999994,0.0008835126948063207
19:17552177:+,0.0011525006347034654,0.0009845855084600714,0.0010826354059152638,0.0008869342300445732,0.0012499999999999994,0.0008835126948063207
19:17552178:+,0.0012507530395027243,0.0009845855084600714,0.0010826354059152638,0.0008869342300445732,0.0012499999999999994,0.0008835126948063207
19:17552212:+,0.0006669193843541309,0.0009845855084600714,0.0010826354059152638,0.0008869342300445732,0.0012499999999999994,0.0008835126948063207
19:17552261:+,0.0012507530395027243,0.0009845855084600714,0.0010826354059152638,0.0008869342300445732,0.0012499999999999994,0.0008835126948063207
19:17552278:+,0.0012507530395027243,0.0009845855084600714,0.0010826354059152638,0.0008869342300445732,0.0012499999999999994,0.0008835126948063207
19:17552352:+,0.0018225634984608604,0.0009845855084600714,0.0010826354059152638,0.0008869342300445732,0.0012499999999999994,0.0008835126948063207
19:17552370:+,0.0012507530395027243,0.0009845855084600714,0.0010826354059152638,0.0008869342300445732,0.0012499999999999994,0.0008835126948063207
19:17552400:+,0.0006419668325007931,0.0009845855084600714,0.0010826354059152638,0.0008869342300445732,0.0012499999999999994,0.0008835126948063207
19:17552437:+,0.0007966896505692668,0.0009845855084600714,0.0010826354059152638,0.0008869342300445732,0.0012499999999999994,0.0008835126948063207
19:17552438:+,0.0007589810548956519,0.0009845855084600714,0.0010826354059152638,0.0008869342300445732,0.0012499999999999994,0.0008835126948063207
19:17552485:+,0.000754075057990187,0.0009845855084600714,0.0010826354059152638,0.0008869342300445732,0.0012499999999999994,0.0008835126948063207
19:17552652:+,0.0012723788752975725,0.0009845855084600714,0.0010826354059152638,0.0008869342300445732,0.0012499999999999994,0.0008835126948063207
19:17552661:+,0.001384840048919533,0.0009845855084600714,0.0010826354059152638,0.0008869342300445732,0.0012499999999999994,0.0008835126948063207
19:17552674:+,0.002255329067878364,0.0009845855084600714,0.0010826354059152638,0.0008869342300445732,0.0012499999999999994,0.0008835126948063207
19:17552675:+,0.003067506149380992,0.0009845855084600714,0.0010826354059152638,0.0008869342300445732,0.0012499999999999994,0.0008835126948063207
19:17552680:+,0.001045734992358512,0.0009845855084600714,0.0010826354059152638,0.0008869342300445732,0.0012499999999999994,0.0008835126948063207
19:17552683:+,0.0012507530395027243,0.0009845855084600714,0.0010826354059152638,0.0008869342300445732,0.0012499999999999994,0.0008835126948063207
19:17552777:+,0.0012507530395027243,0.0009845855084600714,0.0010826354059152638,0.0008869342300445732,0.0012499999999999994,0.0008835126948063207
19:17552817:+,0.0017024848300565558,0.0009845855084600714,0.0010826354059152638,0.0008869342300445732,0.0012499999999999994,0.0008835126948063207
19:17552828:+,0.000746252830483654,0.0009845855084600714,0.0010826354059152638,0.0008869342300445732,0.0012499999999999994,0.0008835126948063207
19:17552838:+,0.0008186887415061794,0.0009845855084600714,0.0010826354059152638,0.0008869342300445732,0.0012499999999999994,0.0008835126948063207
19:17553031:+,0.0007445612719949183,0.0009845855084600714,0.0010826354059152638,0.0008869342300445732,0.0012499999999999994,0.0008835126948063207
19:17825711:-,0.0012507530395027243,0.0009845855084600714,0.0010826354059152638,0.0008869342300445732,0.0012499999999999994,0.0008835126948063207
19:17826308:-,0.0012507530395027243,0.0009845855084600714,0.0010826354059152638,0.0008869342300445732,0.0012499999999999994,0.0008835126948063207
19:17826378:-,0.0012507530395027243,0.0010488397831149587,0.0010826354059152638,0.0008869342300445732,0.0012499999999999994,0.0008835126948063207
19:18149698:+,0.0012507530395027243,0.0009845855084600714,0.0010826354059152638,0.0008869342300445732,0.0012499999999999994,0.0008835126948063207
19:18173936:+,0.0012507530395027243,0.0009845855084600714,0.0010826354059152638,0.0008869342300445732,0.0012499999999999994,0.0021722023863940247
19:18177740:+,0.0012507530395027243,0.0009845855084600714,0.0010826354059152638,0.0008869342300445732,0.0012499999999999994,0.0005141052075394322
19:18365365:+,0.0012507530395027243,0.0009845855084600714,0.0010826354059152638,0.0008869342300445732,0.0012499999999999994,0.0008835126948063207
19:18366898:+,0.0012507530395027243,0.0009845855084600714,0.0010826354059152638,0.0008869342300445732,0.0012499999999999994,0.0008835126948063207
19:18368011:+,0.0012507530395027243,0.0009845855084600714,0.0010826354059152638,0.0008869342300445732,0.0012499999999999994,0.0008835126948063207
19:18368074:+,0.0012507530395027243,0.0009845855084600714,0.0010826354059152638,0.0008869342300445732,0.0012499999999999994,0.0008835126948063207
19:19177384:-,0.0012507530395027243,0.0009845855084600714,0.0010826354059152638,0.0008869342300445732,0.0012499999999999994,0.0008835126948063207
19:19177394:-,0.0012507530395027243,0.0009845855084600714,0.0010826354059152638,0.0008869342300445732,0.0012499999999999994,0.0008835126948063207
19:19681494:+,0.0012507530395027243,0.0009845855084600714,0.0010826354059152638,0.0008869342300445732,0.0012499999999999994,0.0008835126948063207
19:19681646:+,0.0012507530395027243,0.0009845855084600714,0.0010826354059152638,0.0008869342300445732,0.0012499999999999994,0.0008835126948063207
19:19682267:+,0.0012507530395027243,0.0009845855084600714,0.0010826354059152638,0.0008869342300445732,0.0012499999999999994,0.0008835126948063207
19:19682923:+,0.0012507530395027243,0.0009845855084600714,0.0010826354059152638,0.0008869342300445732,0.0012499999999999994,0.0008835126948063207
19:20198687:+,0.0012507530395027243,0.0009845855084600714,0.0010826354059152638,0.0008869342300445732,0.0012499999999999994,0.0008835126948063207
19:20198783:+,0.0012507530395027243,0.0009845855084600714,0.0010826354059152638,0.0008869342300445732,0.0012499999999999994,0.0008835126948063207
19:20199510:+,0.0012507530395027243,0.0009845855084600714,0.0010826354059152638,0.0008869342300445732,0.0012499999999999994,0.0008835126948063207
19:2072922:-,0.0012507530395027243,0.0009845855084600714,0.0010826354059152638,0.0008869342300445732,0.0012499999999999994,0.000754954914235343
19:2072971:-,0.0012507530395027243,0.0009845855084600714,0.0010826354059152638,0.0008869342300445732,0.0012499999999999994,0.0008731725891789662
19:21184264:+,0.0012507530395027243,0.0009845855084600714,0.0010826354059152638,0.0008869342300445732,0.0012499999999999994,0.0008835126948063207
19:2512165:-,0.0012507530395027243,0.0009845855084600714,0.0010826354059152638,0.0008869342300445732,0.0012499999999999994,0.0008835126948063207
19:3466357:+,0.0012507530395027243,0.0009845855084600714,0.0010826354059152638,0.0008869342300445732,0.0012499999999999994,0.0008835126948063207
19:35746747:+,0.0012507530395027243,0.0009845855084600714,0.0010826354059152638,0.0008869342300445732,0.0012499999999999994,0.0007734213948518297
19:38868138:-,0.0012507530395027243,0.0009845855084600714,0.0010826354059152638,0.0008869342300445732,0.0012499999999999994,0.0008835126948063207
19:38868225:-,0.0012507530395027243,0.0009845855084600714,0.0010826354059152638,0.0008869342300445732,0.0012499999999999994,0.0008835126948063207
19:38868387:-,0.0012507530395027243,0.0009845855084600714,0.0010826354059152638,0.0008869342300445732,0.0012499999999999994,0.0008835126948063207
19:38868429:-,0.0012507530395027243,0.0009845855084600714,0.0010826354059152638,0.0008869342300445732,0.0012499999999999994,0.0008835126948063207
19:38868459:-,0.0007178321410531371,0.0015390055569982014,0.0010826354059152638,0.0008869342300445732,0.0012499999999999994,0.0008835126948063207
19:38868509:-,0.0012507530395027243,0.0009845855084600714,0.0010826354059152638,0.0008869342300445732,0.0012499999999999994,0.0008835126948063207
19:38868521:-,0.0012507530395027243,0.0009845855084600714,0.0010826354059152638,0.0008869342300445732,0.0012499999999999994,0.0008835126948063207
19:38868549:-,0.0012507530395027243,0.0009845855084600714,0.0010826354059152638,0.0008869342300445732,0.0012499999999999994,0.0008835126948063207
19:38868588:-,0.0012507530395027243,0.0009845855084600714,0.0010826354059152638,0.0008869342300445732,0.0012499999999999994,0.0008835126948063207
19:38869066:-,0.0012507530395027243,0.0009845855084600714,0.0010826354059152638,0.0008869342300445732,0.0012499999999999994,0.0008835126948063207
19:39426983:+,0.0012507530395027243,0.0009845855084600714,0.0010826354059152638,0.0008869342300445732,0.0012499999999999994,0.0008835126948063207
19:39427166:+,0.0012507530395027243,0.0009845855084600714,0.0010826354059152638,0.0008869342300445732,0.0012499999999999994,0.0008835126948063207
19:39427504:+,0.0012507530395027243,0.0009845855084600714,0.0010826354059152638,0.008707929924939642,0.0012499999999999994,0.0008835126948063207
19:39427589:+,0.0012507530395027243,0.0009845855084600714,0.0010826354059152638,0.0008869342300445732,0.0012499999999999994,0.0008835126948063207
19:39427968:+,0.0012507530395027243,0.0009845855084600714,0.0010826354059152638,0.0008869342300445732,0.0012499999999999994,0.0008835126948063207
19:41323065:+,0.0012507530395027243,0.0009845855084600714,0.0010826354059152638,0.0008869342300445732,0.0012499999999999994,0.0012272266005931935
19:41871485:+,0.0012507530395027243,0.0009845855084600714,0.0010826354059152638,0.0008869342300445732,0.0012499999999999994,0.0008835126948063207
19:41872625:+,0.0012507530395027243,0.0009845855084600714,0.0010826354059152638,0.0008869342300445732,0.0012499999999999994,0.0008835126948063207
19:41872633:+,0.0012507530395027243,0.0009845855084600714,0.0010826354059152638,0.0008869342300445732,0.0012499999999999994,0.0008835126948063207
19:41872642:+,0.0012507530395027243,0.0009845855084600714,0.0010826354059152638,0.0008869342300445732,0.0012499999999999994,0.0008835126948063207
19:41872774:+,0.0012507530395027243,0.0009845855084600714,0.0010826354059152638,0.0008869342300445732,0.0012499999999999994,0.0008835126948063207
19:4511817:+,0.0012507530395027243,0.0009845855084600714,0.0010826354059152638,0.0008869342300445732,0.0012499999999999994,0.002469155052189999
19:4522774:-,0.0012507530395027243,0.0009845855084600714,0.0010826354059152638,0.0008869342300445732,0.0012499999999999994,0.007101817121613756
19:4522826:-,0.0012507530395027243,0.0009845855084600714,0.0010826354059152638,0.0008869342300445732,0.0012499999999999994,0.0009499954842677361
19:4523012:-,0.0012507530395027243,0.0009845855084600714,0.0010826354059152638,0.0008869342300445732,0.0012499999999999994,0.002003829797659412
19:4523035:-,0.0012507530395027243,0.0009845855084600714,0.0010826354059152638,0.0008869342300445732,0.0012499999999999994,0.0008835126948063207
19:47321816:+,0.0012507530395027243,0.0009845855084600714,0.0010826354059152638,0.0008869342300445732,0.0012499999999999994,0.0007880802895833649
19:47342090:+,0.0012507530395027243,0.0009845855084600714,0.0010826354059152638,0.0008869342300445732,0.0012499999999999994,0.0008835126948063207
19:47342098:+,0.0012507530395027243,0.0009845855084600714,0.0010826354059152638,0.0008869342300445732,0.0012499999999999994,0.0006070244629225352
19:47342099:+,0.0012507530395027243,0.0009845855084600714,0.0010826354059152638,0.0008869342300445732,0.0012499999999999994,0.0013328601491098728
19:47342104:+,0.0012507530395027243,0.0009845855084600714,0.0010826354059152638,0.0008869342300445732,0.0012499999999999994,0.0005541980182863895
19:47342619:+,0.0012507530395027243,0.0009845855084600714,0.0010826354059152638,0.0008869342300445732,0.0012499999999999994,0.0008835126948063207
19:47343547:+,0.0012507530395027243,0.0009845855084600714,0.0010826354059152638,0.0008869342300445732,0.0012499999999999994,0.0008835126948063207
19:47344199:+,0.0012507530395027243,0.0009845855084600714,0.0010826354059152638,0.0008869342300445732,0.0012499999999999994,0.0008835126948063207
19:48249812:-,0.0012507530395027243,0.0009845855084600714,0.0010826354059152638,0.0008869342300445732,0.0012499999999999994,0.0008835126948063207
19:48249840:-,0.0012507530395027243,0.0009845855084600714,0.0010826354059152638,0.0008869342300445732,0.0012499999999999994,0.0008835126948063207
19:48255828:-,0.0012507530395027243,0.0009845855084600714,0.0010826354059152638,0.0008869342300445732,0.0012499999999999994,0.0008835126948063207
19:48255860:-,0.0012507530395027243,0.0009845855084600714,0.0010826354059152638,0.0008869342300445732,0.0012499999999999994,0.0008835126948063207
19:5151479:+,0.0012507530395027243,0.0009845855084600714,0.0010826354059152638,0.0008869342300445732,0.0012499999999999994,0.0012040085849512653
19:51518411:-,0.0012507530395027243,0.0009845855084600714,0.0010826354059152638,0.0008869342300445732,0.0012499999999999994,0.0008835126948063207
19:51612339:-,0.0012507530395027243,0.0009845855084600714,0.0010826354059152638,0.0008869342300445732,0.0012499999999999994,0.0008835126948063207
19:51643652:-,0.0012507530395027243,0.0009845855084600714,0.0010826354059152638,0.0008869342300445732,0.0012499999999999994,0.0008835126948063207
19:52839309:-,0.0012507530395027243,0.0009845855084600714,0.0010826354059152638,0.0008869342300445732,0.0012499999999999994,0.0008835126948063207
19:55389284:+,0.0012507530395027243,0.0009845855084600714,0.0010826354059152638,0.0008869342300445732,0.0012499999999999994,0.0008835126948063207
19:55390413:+,0.0012507530395027243,0.0009845855084600714,0.0010826354059152638,0.0008869342300445732,0.0012499999999999994,0.0008835126948063207
19:57757103:+,0.0012507530395027243,0.0009845855084600714,0.0010826354059152638,0.0008869342300445732,0.0012499999999999994,0.0004565492468114445
19:57843026:+,0.0012507530395027243,0.0009845855084600714,0.0010826354059152638,0.0008869342300445732,0.0012499999999999994,0.0008835126948063207
19:57843226:+,0.0012507530395027243,0.0009603493370702726,0.0010826354059152638,0.0008869342300445732,0.0012499999999999994,0.0008835126948063207
19:57843243:+,0.0012507530395027243,0.0009845855084600714,0.0010826354059152638,0.0008869342300445732,0.0012499999999999994,0.0008835126948063207
19:57844421:+,0.0012507530395027243,0.0009845855084600714,0.0010826354059152638,0.0008869342300445732,0.0012499999999999994,0.0008835126948063207
19:57844442:+,0.0012507530395027243,0.0009845855084600714,0.0010826354059152638,0.0008869342300445732,0.0012499999999999994,0.0008835126948063207
19:57845109:+,0.0012507530395027243,0.0009845855084600714,0.0010826354059152638,0.0008869342300445732,0.0012499999999999994,0.0008835126948063207
19:57845789:+,0.0012507530395027243,0.0031221415379249716,0.0010826354059152638,0.0008869342300445732,0.0012499999999999994,0.0008835126948063207
19:57860468:+,0.0012507530395027243,0.0009845855084600714,0.0010826354059152638,0.0008869342300445732,0.0012499999999999994,0.0008835126948063207
19:57861973:+,0.0012507530395027243,0.0009845855084600714,0.0010826354059152638,0.0008869342300445732,0.0012499999999999994,0.0008835126948063207
19:5909552:+,0.0012507530395027243,0.0009845855084600714,0.0010826354059152638,0.0008869342300445732,0.0012499999999999994,0.0008835126948063207
19:5909553:+,0.0012507530395027243,0.002605834420896703,0.0015537143971725085,0.0008869342300445732,0.0012499999999999994,0.0008835126948063207
19:5909608:+,0.0012507530395027243,0.0007356630727025877,0.0010826354059152638,0.0008869342300445732,0.0012499999999999994,0.0008835126948063207
19:5909618:+,0.0012507530395027243,0.0009845855084600714,0.0010826354059152638,0.0008869342300445732,0.0012499999999999994,0.0008835126948063207
19:5909628:+,0.0012507530395027243,0.0009845855084600714,0.0010826354059152638,0.0008869342300445732,0.0012499999999999994,0.0008835126948063207
19:5909649:+,0.0012507530395027243,0.002250037440006047,0.0010826354059152638,0.0008869342300445732,0.0012499999999999994,0.0008835126948063207
19:5910413:+,0.0012507530395027243,0.003720598539354003,0.0010826354059152638,0.0008869342300445732,0.0012499999999999994,0.0008835126948063207
19:5910657:+,0.0012507530395027243,0.0009845855084600714,0.0010826354059152638,0.0008869342300445732,0.0012499999999999994,0.0008835126948063207
19:5910723:+,0.0012507530395027243,0.0009845855084600714,0.0010826354059152638,0.0008869342300445732,0.0012499999999999994,0.0008835126948063207
19:9562242:-,0.0012507530395027243,0.0009845855084600714,0.0010826354059152638,0.0008869342300445732,0.0012499999999999994,0.0008835126948063207
19:9562833:-,0.0012507530395027243,0.0009845855084600714,0.0010826354059152638,0.0008869342300445732,0.0012499999999999994,0.0008835126948063207
19:9562853:-,0.0012507530395027243,0.0009845855084600714,0.0010826354059152638,0.0008869342300445732,0.0012499999999999994,0.0008835126948063207
19:9562995:-,0.0012507530395027243,0.0009845855084600714,0.0010826354059152638,0.0008869342300445732,0.0012499999999999994,0.0008835126948063207
19:9563661:-,0.0012507530395027243,0.0009845855084600714,0.0010826354059152638,0.0008869342300445732,0.0012499999999999994,0.0008835126948063207
19:9563674:-,0.0012507530395027243,0.0009845855084600714,0.0010826354059152638,0.0008869342300445732,0.0012499999999999994,0.0008835126948063207
1:10457994:-,0.0012507530395027243,0.0009845855084600714,0.0010826354059152638,0.0008869342300445732,0.0012499999999999994,0.0008835126948063207
1:148102826:-,0.0012507530395027243,0.0009845855084600714,0.0010826354059152638,0.0008869342300445732,0.0012499999999999994,0.0008835126948063207
1:149887303:-,0.0012507530395027243,0.0009845855084600714,0.0010826354059152638,0.0008869342300445732,0.0012499999999999994,0.0008835126948063207
1:149887583:+,0.0012507530395027243,0.0009845855084600714,0.0010826354059152638,0.0008869342300445732,0.0012499999999999994,0.0008835126948063207
1:150731017:-,0.0012507530395027243,0.0009845855084600714,0.0010826354059152638,0.0008869342300445732,0.0012499999999999994,0.0011791257311204516
1:150731108:-,0.0012507530395027243,0.0009845855084600714,0.0010826354059152638,0.0008869342300445732,0.0012499999999999994,0.0004978277963311067
1:150731136:-,0.0012507530395027243,0.0009845855084600714,0.0010826354059152638,0.0005875324403946348,0.0012499999999999994,0.0036628465524758233
1:150731142:-,0.0012507530395027243,0.0009845855084600714,0.0010826354059152638,0.0008869342300445732,0.0012499999999999994,0.0008835126948063207
1:150731170:-,0.0012507530395027243,0.0009845855084600714,0.0010826354059152638,0.00045007558891146894,0.0012499999999999994,0.00045388476006621325
1:150731195:-,0.0012507530395027243,0.0009845855084600714,0.0010826354059152638,0.0005151627599650291,0.0012499999999999994,0.0008835126948063207
1:150731202:-,0.0012507530395027243,0.0009845855084600714,0.0010826354059152638,0.0012013880775032322,0.0012499999999999994,0.0008835126948063207
1:150731221:-,0.0012507530395027243,0.0009845855084600714,0.0010826354059152638,0.0017072770703700515,0.0012499999999999994,0.0008835126948063207
1:150731238:-,0.0012507530395027243,0.0009845855084600714,0.0010826354059152638,0.0006627987290395974,0.0012499999999999994,0.0005404885313780264
1:150731239:-,0.0012507530395027243,0.0009845855084600714,0.0010826354059152638,0.0006994909524552677,0.0012499999999999994,0.0008835126948063207
1:150731243:-,0.0012507530395027243,0.0009845855084600714,0.0010826354059152638,0.000529315442526368,0.0012499999999999994,0.0005916938734339809
1:150731265:-,0.0012507530395027243,0.0009845855084600714,0.0010826354059152638,0.0008869342300445732,0.0012499999999999994,0.0008835126948063207
1:150731268:-,0.0012507530395027243,0.0009845855084600714,0.0010826354059152638,0.0008869342300445732,0.0012499999999999994,0.0008835126948063207
1:150731275:-,0.0021129770618772588,0.0009845855084600714,0.0010826354059152638,0.0012403167940538632,0.0012499999999999994,0.003963158991244763
1:150731287:-,0.0012507530395027243,0.0009845855084600714,0.0010826354059152638,0.0008869342300445732,0.0012499999999999994,0.0007749855691909237
1:150731300:-,0.0012507530395027243,0.0009845855084600714,0.0010826354059152638,0.0008869342300445732,0.0012499999999999994,0.00044650651176870933
1:150731304:-,0.0012507530395027243,0.0009845855084600714,0.0010826354059152638,0.0008869342300445732,0.0012499999999999994,0.000544585601112623
1:150731305:-,0.0012507530395027243,0.0009845855084600714,0.0010826354059152638,0.0008869342300445732,0.0012499999999999994,0.0008835126948063207
1:150731310:-,0.0012507530395027243,0.0009845855084600714,0.0010826354059152638,0.0008436825342436906,0.0012499999999999994,0.0005845307066778001
1:150731335:-,0.0012507530395027243,0.0009845855084600714,0.0010826354059152638,0.0008869342300445732,0.0012499999999999994,0.0008835126948063207
1:150731343:-,0.0012507530395027243,0.0009845855084600714,0.0010826354059152638,0.0008869342300445732,0.0012499999999999994,0.0008835126948063207
1:150731361:-,0.0012507530395027243,0.0009845855084600714,0.0010826354059152638,0.0008869342300445732,0.0012499999999999994,0.001077110839291743
1:150731383:-,0.0012507530395027243,0.0009845855084600714,0.0010826354059152638,0.0008869342300445732,0.0012499999999999994,0.0004417655645829216
1:150731385:-,0.0012507530395027243,0.0009845855084600714,0.0010826354059152638,0.0008869342300445732,0.0012499999999999994,0.0005098158599071174
1:150731936:-,0.002102336967853786,0.0009845855084600714,0.0010826354059152638,0.0008171148037623816,0.0012499999999999994,0.0008359525829267508
1:150731941:-,0.0012507530395027243,0.0009845855084600714,0.0010826354059152638,0.0008869342300445732,0.0012499999999999994,0.0004508636356648708
1:150731966:-,0.0012507530395027243,0.0009845855084600714,0.0010826354059152638,0.0008869342300445732,0.0012499999999999994,0.0008835126948063207
1:150731971:-,0.0012507530395027243,0.0009845855084600714,0.0010826354059152638,0.0008869342300445732,0.0012499999999999994,0.0008835126948063207
1:150731999:-,0.0012507530395027243,0.0009845855084600714,0.0010826354059152638,0.0008942443746940798,0.0012499999999999994,0.0017427207982818635
1:150732006:-,0.0012507530395027243,0.0009845855084600714,0.0010826354059152638,0.0004441232322169694,0.0012499999999999994,0.0008835126948063207
1:150732009:-,0.0010492519522773138,0.0009845855084600714,0.0010826354059152638,0.00047705713675406464,0.0012499999999999994,0.0008835126948063207
1:150732023:-,0.0012507530395027243,0.0009845855084600714,0.0010826354059152638,0.0008869342300445732,0.0012499999999999994,0.0008835126948063207
1:150732031:-,0.0012507530395027243,0.0009845855084600714,0.0010826354059152638,0.0008869342300445732,0.0012499999999999994,0.0008835126948063207
1:150732067:-,0.0012507530395027243,0.0009845855084600714,0.0010826354059152638,0.0008869342300445732,0.0012499999999999994,0.0004838654408609845
1:150732071:-,0.0012507530395027243,0.0009845855084600714,0.0010826354059152638,0.0008869342300445732,0.0012499999999999994,0.00044436770509229855
1:150732108:-,0.0012507530395027243,0.0009845855084600714,0.0010826354059152638,0.0005982117214469984,0.0012499999999999994,0.00046290722064877804
1:150732128:-,0.0012507530395027243,0.0009845855084600714,0.0010826354059152638,0.0008869342300445732,0.0012499999999999994,0.0008835126948063207
1:150732136:-,0.0007151716873420802,0.0009845855084600714,0.0010826354059152638,0.00079014489180202,0.0012499999999999994,0.0007331177659336155
1:150732177:-,0.0014983104040488828,0.0009845855084600714,0.0010826354059152638,0.0004755077239242707,0.0012499999999999994,0.0006641023546154613
1:150732182:-,0.0012507530395027243,0.0009845855084600714,0.0010826354059152638,0.0008869342300445732,0.0012499999999999994,0.0008835126948063207
1:150732735:-,0.0012507530395027243,0.0009845855084600714,0.0010826354059152638,0.0008869342300445732,0.0012499999999999994,0.0008835126948063207
1:150732739:-,0.0012507530395027243,0.0009845855084600714,0.0010826354059152638,0.0008869342300445732,0.0012499999999999994,0.0008835126948063207
1:150732771:-,0.0010140362548469197,0.0009845855084600714,0.0010826354059152638,0.0005064514759583223,0.0006257073531481809,0.0005008174158468284
1:150732801:-,0.0012507530395027243,0.0009845855084600714,0.0010826354059152638,0.0008869342300445732,0.0012499999999999994,0.0008835126948063207
1:150732809:-,0.0012507530395027243,0.0006666866679861281,0.0010826354059152638,0.0008869342300445732,0.0012499999999999994,0.0008835126948063207
1:150732828:-,0.0012507530395027243,0.0009845855084600714,0.0010826354059152638,0.0008869342300445732,0.0012499999999999994,0.0008835126948063207
1:150732855:-,0.0012507530395027243,0.0009845855084600714,0.0010826354059152638,0.0008869342300445732,0.0012499999999999994,0.0008835126948063207
1:151121699:+,0.0012507530395027243,0.0009845855084600714,0.0010826354059152638,0.0008869342300445732,0.0012499999999999994,0.0008835126948063207
1:151124328:+,0.0012507530395027243,0.0009845855084600714,0.0010826354059152638,0.0008869342300445732,0.0012499999999999994,0.0008835126948063207
1:151871158:-,0.0012507530395027243,0.0009845855084600714,0.0010826354059152638,0.0008869342300445732,0.0012499999999999994,0.0008835126948063207
1:15934353:+,0.0012507530395027243,0.0009845855084600714,0.0010826354059152638,0.0008869342300445732,0.0012499999999999994,0.0006238242339995922
1:160332453:-,0.0021046664605797647,0.0009845855084600714,0.0010826354059152638,0.0005458622397388398,0.0012499999999999994,0.0008835126948063207
1:160350196:+,0.0012507530395027243,0.0009845855084600714,0.0010826354059152638,0.0008869342300445732,0.0012499999999999994,0.005503464336383877
1:160996510:-,0.0012507530395027243,0.0009845855084600714,0.0010826354059152638,0.0008869342300445732,0.0012499999999999994,0.0013117254852405126
1:160996560:-,0.0012507530395027243,0.0009845855084600714,0.0010826354059152638,0.0008869342300445732,0.0012499999999999994,0.0010848277056596106
1:160996561:-,0.0012507530395027243,0.0009845855084600714,0.0010826354059152638,0.0008869342300445732,0.0012499999999999994,0.00047562107020746286
1:160996582:-,0.0012507530395027243,0.0009845855084600714,0.0010826354059152638,0.0008869342300445732,0.0012499999999999994,0.0008835126948063207
1:160996682:-,0.0012507530395027243,0.0009845855084600714,0.0010826354059152638,0.0008869342300445732,0.0012499999999999994,0.0008835126948063207
1:160998025:-,0.0012507530395027243,0.0009845855084600714,0.0010826354059152638,0.004887911559466731,0.0012499999999999994,0.0016463533948939128
1:160998147:-,0.0012507530395027243,0.0009845855084600714,0.0010826354059152638,0.0008869342300445732,0.0012499999999999994,0.0019045406206064184
1:161047799:-,0.0012507530395027243,0.0009845855084600714,0.0010826354059152638,0.0008869342300445732,0.0012499999999999994,0.0008835126948063207
1:1663537:-,0.0009088501945958539,0.0012815590363090754,0.0012354070573832227,0.0008869342300445732,0.00812111139221529,0.0008835126948063207
1:1663567:-,0.0012507530395027243,0.0009845855084600714,0.0010826354059152638,0.0008869342300445732,0.0012499999999999994,0.0008835126948063207
1:1663581:-,0.0012507530395027243,0.0009845855084600714,0.0010826354059152638,0.0008869342300445732,0.0012499999999999994,0.0008835126948063207
1:1663585:-,0.0012507530395027243,0.0011298013791235522,0.0010826354059152638,0.0008869342300445732,0.0012499999999999994,0.0008835126948063207
1:1663591:-,0.0012507530395027243,0.0004963435180718264,0.0010826354059152638,0.0008869342300445732,0.0012499999999999994,0.0008835126948063207
1:1663608:-,0.0012507530395027243,0.0005788107588176251,0.003057016251517491,0.0008869342300445732,0.0037114197530864193,0.0008835126948063207
1:1663634:-,0.0012507530395027243,0.0006943318813091513,0.0010826354059152638,0.0008869342300445732,0.0009840027700831022,0.0008835126948063207
1:1663740:-,0.0012507530395027243,0.0013186653680553263,0.0010826354059152638,0.0008869342300445732,0.0012499999999999994,0.0008835126948063207
1:17069157:-,0.0012507530395027243,0.0009845855084600714,0.0010826354059152638,0.0008869342300445732,0.0012499999999999994,0.0005004909102001156
1:184791988:-,0.0012507530395027243,0.0009845855084600714,0.0010826354059152638,0.0008869342300445732,0.0012499999999999994,0.0005668429125001132
1:184791994:-,0.0012507530395027243,0.0009845855084600714,0.0010826354059152638,0.0008869342300445732,0.0012499999999999994,0.0008835126948063207
1:184792044:-,0.0012507530395027243,0.0009845855084600714,0.0010826354059152638,0.0008869342300445732,0.0012499999999999994,0.00046549251309939074
1:184792053:-,0.0012507530395027243,0.0009845855084600714,0.0010826354059152638,0.0008869342300445732,0.0012499999999999994,0.0008238496677716626
1:184792094:-,0.0012507530395027243,0.0009845855084600714,0.0010826354059152638,0.0008869342300445732,0.0012499999999999994,0.0004510165129780488
1:184792139:-,0.0012507530395027243,0.0009845855084600714,0.0010826354059152638,0.0008869342300445732,0.0012499999999999994,0.0015070608898572519
1:184792177:-,0.0012507530395027243,0.0009845855084600714,0.0010826354059152638,0.0008869342300445732,0.0012499999999999994,0.0013538230177178358
1:184792215:-,0.0012507530395027243,0.0009845855084600714,0.0010826354059152638,0.0008869342300445732,0.0012499999999999994,0.0008835126948063207
1:184792226:-,0.0012507530395027243,0.0009845855084600714,0.0010826354059152638,0.0008869342300445732,0.0012499999999999994,0.0008835126948063207
1:184793337:-,0.0012507530395027243,0.0009845855084600714,0.0010826354059152638,0.0008869342300445732,0.0012499999999999994,0.0008835126948063207
1:184793352:-,0.0012507530395027243,0.0009845855084600714,0.0010826354059152638,0.0008869342300445732,0.0012499999999999994,0.0005002364390217088
1:184793389:-,0.0012507530395027243,0.0009845855084600714,0.0010826354059152638,0.0008869342300445732,0.0012499999999999994,0.0008865736311218284
1:184793446:-,0.0012507530395027243,0.0009845855084600714,0.0010826354059152638,0.0008869342300445732,0.0012499999999999994,0.0006605034379692613
1:184793455:-,0.0012507530395027243,0.0009845855084600714,0.0010826354059152638,0.0008869342300445732,0.0012499999999999994,0.0009157549235493051
1:184793541:-,0.0012507530395027243,0.0009845855084600714,0.0010826354059152638,0.0008869342300445732,0.0012499999999999994,0.001063533353790227
1:204550605:+,0.0012507530395027243,0.0009845855084600714,0.0010826354059152638,0.0008869342300445732,0.0012499999999999994,0.0008835126948063207
1:204550649:+,0.0012507530395027243,0.0009845855084600714,0.0010826354059152638,0.0008869342300445732,0.0012499999999999994,0.0008835126948063207
1:204550768:+,0.0012507530395027243,0.0009845855084600714,0.0010826354059152638,0.0008869342300445732,0.0012499999999999994,0.0008835126948063207
1:204552031:+,0.0012507530395027243,0.0009845855084600714,0.0010826354059152638,0.0008869342300445732,0.0012499999999999994,0.0008835126948063207
1:204552193:+,0.0012507530395027243,0.0009845855084600714,0.0010826354059152638,0.0008869342300445732,0.0012499999999999994,0.0008835126948063207
1:204552583:+,0.0012507530395027243,0.0009845855084600714,0.0010826354059152638,0.0008869342300445732,0.0012499999999999994,0.0008835126948063207
1:204552595:+,0.0012507530395027243,0.0009845855084600714,0.0010826354059152638,0.0008869342300445732,0.0012499999999999994,0.0008835126948063207
1:204555617:+,0.0012507530395027243,0.0009845855084600714,0.0010826354059152638,0.0008869342300445732,0.0012499999999999994,0.0008835126948063207
1:204555677:+,0.0017364876308624737,0.0009845855084600714,0.0010826354059152638,0.0008869342300445732,0.0012499999999999994,0.0008835126948063207
1:204555717:+,0.0012507530395027243,0.0009845855084600714,0.0010826354059152638,0.0008869342300445732,0.0012499999999999994,0.0008835126948063207
1:204555821:+,0.014822764229043835,0.0009845855084600714,0.0010826354059152638,0.0008869342300445732,0.0012499999999999994,0.0008835126948063207
1:204556404:+,0.0012507530395027243,0.0009845855084600714,0.0010826354059152638,0.0008869342300445732,0.0012499999999999994,0.0008835126948063207
1:204556419:+,0.0031280319937056498,0.0009845855084600714,0.0008988136425099229,0.0008869342300445732,0.0012499999999999994,0.0008835126948063207
1:204556450:+,0.0012507530395027243,0.0009845855084600714,0.0010826354059152638,0.0008869342300445732,0.0012499999999999994,0.0008835126948063207
1:204556462:+,0.0012507530395027243,0.0009845855084600714,0.0010826354059152638,0.0008869342300445732,0.0012499999999999994,0.0008835126948063207
1:204556471:+,0.0012507530395027243,0.0009845855084600714,0.0010826354059152638,0.0008869342300445732,0.0012499999999999994,0.0008835126948063207
1:204556512:+,0.0012507530395027243,0.0009845855084600714,0.0010826354059152638,0.0008869342300445732,0.0012499999999999994,0.0008835126948063207
1:204556519:+,0.0012507530395027243,0.0009845855084600714,0.0010826354059152638,0.0008869342300445732,0.0012499999999999994,0.0008835126948063207
1:204556558:+,0.0012507530395027243,0.0009845855084600714,0.0010826354059152638,0.0008869342300445732,0.0012499999999999994,0.0008835126948063207
1:204556584:+,0.0012507530395027243,0.0009845855084600714,0.0010826354059152638,0.0008869342300445732,0.0012499999999999994,0.0008835126948063207
1:204556652:+,0.001311317562835262,0.0009845855084600714,0.0010826354059152638,0.0008869342300445732,0.0012499999999999994,0.0008835126948063207
1:204556661:+,0.0012507530395027243,0.0009845855084600714,0.0010826354059152638,0.0008869342300445732,0.0012499999999999994,0.0008835126948063207
1:204557425:+,0.0012507530395027243,0.0009845855084600714,0.0010826354059152638,0.0008869342300445732,0.0012499999999999994,0.0008835126948063207
1:204557466:+,0.0022360967577800196,0.0009845855084600714,0.0010826354059152638,0.0008869342300445732,0.0012499999999999994,0.0008835126948063207
1:204557502:+,0.0012507530395027243,0.0007289791447625801,0.0010826354059152638,0.0008869342300445732,0.0012499999999999994,0.0008835126948063207
1:204557531:+,0.0012507530395027243,0.0009845855084600714,0.0010826354059152638,0.0008869342300445732,0.0012499999999999994,0.0008835126948063207
1:204557623:+,0.0012507530395027243,0.0009845855084600714,0.0010826354059152638,0.0008869342300445732,0.0012499999999999994,0.0008835126948063207
1:204557666:+,0.0009153246645624881,0.0009845855084600714,0.0010826354059152638,0.0008869342300445732,0.0012499999999999994,0.0008835126948063207
1:212816222:+,0.0012507530395027243,0.0009845855084600714,0.0010826354059152638,0.0008869342300445732,0.0012499999999999994,0.0008835126948063207
1:225846244:-,0.0012507530395027243,0.0009845855084600714,0.0010826354059152638,0.0008869342300445732,0.0012499999999999994,0.0008835126948063207
1:225983638:-,0.0012507530395027243,0.0009845855084600714,0.0010826354059152638,0.0008869342300445732,0.0012499999999999994,0.0008835126948063207
1:225983698:-,0.0012507530395027243,0.004535635218868954,0.00285569330404652,0.0008869342300445732,0.004801633075156426,0.0009320209976867148
1:225984620:-,0.0012507530395027243,0.0009845855084600714,0.0010826354059152638,0.0008869342300445732,0.0012499999999999994,0.0008835126948063207
1:24537642:+,0.0012507530395027243,0.0009845855084600714,0.0010826354059152638,0.0008869342300445732,0.0012499999999999994,0.0008835126948063207
1:24537828:+,0.0012507530395027243,0.0009845855084600714,0.0010826354059152638,0.0008869342300445732,0.0012499999999999994,0.0008835126948063207
1:24538468:+,0.0012507530395027243,0.0009845855084600714,0.0010826354059152638,0.0008869342300445732,0.0012499999999999994,0.0008835126948063207
1:24538697:+,0.0012507530395027243,0.0005496848570766839,0.0010826354059152638,0.0008869342300445732,0.0012499999999999994,0.0008835126948063207
1:24538857:+,0.0012507530395027243,0.0009845855084600714,0.0010826354059152638,0.0008869342300445732,0.0012499999999999994,0.0008835126948063207
1:26879110:-,0.0012507530395027243,0.0009845855084600714,0.0010826354059152638,0.0008869342300445732,0.0012499999999999994,0.0008835126948063207
1:28498857:+,0.0012507530395027243,0.0009845855084600714,0.0010826354059152638,0.0008869342300445732,0.0012499999999999994,0.0008835126948063207
1:28499572:+,0.0012507530395027243,0.0009845855084600714,0.0010826354059152638,0.0008869342300445732,0.0012499999999999994,0.0008835126948063207
1:35602075:-,0.0012507530395027243,0.0009845855084600714,0.0010826354059152638,0.0008869342300445732,0.0012499999999999994,0.0008835126948063207
1:35602147:-,0.005942216797529138,0.0009845855084600714,0.0008601952539780398,0.003014008646602779,0.0012499999999999994,0.0008835126948063207
1:35602150:-,0.0012507530395027243,0.0009845855084600714,0.0010826354059152638,0.0008869342300445732,0.0012499999999999994,0.0008835126948063207
1:35602182:-,0.0012507530395027243,0.0009845855084600714,0.0010826354059152638,0.0008869342300445732,0.0012499999999999994,0.0008835126948063207
1:35602215:-,0.0012507530395027243,0.0009845855084600714,0.0010826354059152638,0.0008869342300445732,0.0012499999999999994,0.0008835126948063207
1:35602564:-,0.0012507530395027243,0.0009845855084600714,0.0010826354059152638,0.0008869342300445732,0.0012499999999999994,0.0008835126948063207
1:35602608:-,0.0012507530395027243,0.0009845855084600714,0.0010826354059152638,0.0008869342300445732,0.0012499999999999994,0.0008835126948063207
1:35602629:-,0.0012507530395027243,0.0009845855084600714,0.0010351448634514592,0.0008869342300445732,0.0012499999999999994,0.0008835126948063207
1:35602723:-,0.0012507530395027243,0.0009845855084600714,0.0010826354059152638,0.0008869342300445732,0.0012499999999999994,0.0008835126948063207
1:35602768:-,0.0030368879993431983,0.0009845855084600714,0.0010826354059152638,0.0006078326640032197,0.0009383608815426994,0.0008835126948063207
1:3780492:-,0.0012507530395027243,0.0009845855084600714,0.0010826354059152638,0.0008869342300445732,0.0012499999999999994,0.0044343297081083895
1:37860921:-,0.0012507530395027243,0.0009845855084600714,0.0010826354059152638,0.0008869342300445732,0.0012499999999999994,0.0008835126948063207
1:37860970:-,0.0038536823048753296,0.0009845855084600714,0.0010826354059152638,0.0008869342300445732,0.0012499999999999994,0.0008835126948063207
1:37861027:-,0.0012507530395027243,0.0009845855084600714,0.0010826354059152638,0.0008869342300445732,0.0012499999999999994,0.0008835126948063207
1:37861055:-,0.0024621112136289118,0.0009845855084600714,0.003769623488081599,0.0008869342300445732,0.0012499999999999994,0.0008835126948063207
1:37861065:-,0.0011419054453711964,0.0009845855084600714,0.0010826354059152638,0.0008869342300445732,0.0012499999999999994,0.0008835126948063207
1:37861101:-,0.0012507530395027243,0.0009845855084600714,0.0010826354059152638,0.0008869342300445732,0.0012499999999999994,0.0008835126948063207
1:37862027:-,0.0012507530395027243,0.0009845855084600714,0.0010826354059152638,0.0008869342300445732,0.0012499999999999994,0.0008835126948063207
1:52823874:+,0.0012507530395027243,0.0009845855084600714,0.0010826354059152638,0.0008869342300445732,0.0012499999999999994,0.0008835126948063207
1:6522364:-,0.0012507530395027243,0.0009845855084600714,0.0010826354059152638,0.0008869342300445732,0.0012499999999999994,0.0008835126948063207
1:66985111:+,0.0012507530395027243,0.0009845855084600714,0.0010826354059152638,0.0008869342300445732,0.0012499999999999994,0.0007616641799372554
1:66985165:+,0.0012507530395027243,0.0009845855084600714,0.0010826354059152638,0.0008869342300445732,0.0012499999999999994,0.0008835126948063207
1:89182619:-,0.0012507530395027243,0.0009845855084600714,0.0010826354059152638,0.0008869342300445732,0.0012499999999999994,0.0008835126948063207
1:89182705:-,0.0012507530395027243,0.0009845855084600714,0.0010826354059152638,0.0008869342300445732,0.0012499999999999994,0.0008835126948063207
1:89182751:-,0.0012507530395027243,0.0009845855084600714,0.0010826354059152638,0.0008869342300445732,0.0012499999999999994,0.0008835126948063207
1:89183643:-,0.0012507530395027243,0.0009845855084600714,0.0010826354059152638,0.0008869342300445732,0.0012499999999999994,0.0008835126948063207
1:89183685:-,0.0012507530395027243,0.006966067361179433,0.0010826354059152638,0.0008869342300445732,0.0012499999999999994,0.0021778674585142717
1:89183695:-,0.0012507530395027243,0.0009845855084600714,0.0010826354059152638,0.0008869342300445732,0.0012499999999999994,0.0007606338984235682
1:89183803:-,0.0012507530395027243,0.0009845855084600714,0.0010826354059152638,0.0008869342300445732,0.0012499999999999994,0.00534175634740316
1:89183838:-,0.0012507530395027243,0.0004952654058352676,0.0010826354059152638,0.0008869342300445732,0.0012499999999999994,0.0008835126948063207
1:89183865:-,0.0012507530395027243,0.0005050478562708521,0.0010826354059152638,0.0008869342300445732,0.0012499999999999994,0.004053304054503753
1:9266897:+,0.0012507530395027243,0.0009845855084600714,0.0010826354059152638,0.0008869342300445732,0.0012499999999999994,0.0008835126948063207
20:20390866:-,0.0012507530395027243,0.0009845855084600714,0.0010826354059152638,0.0008869342300445732,0.0012499999999999994,0.0014256514717598994
20:36891631:-,0.0012507530395027243,0.0008033311387483927,0.0010826354059152638,0.0008869342300445732,0.0012499999999999994,0.0008835126948063207
20:36892531:-,0.0012507530395027243,0.0009845855084600714,0.0010826354059152638,0.0008869342300445732,0.0012499999999999994,0.0008835126948063207
20:36892555:-,0.0012507530395027243,0.0009845855084600714,0.0010826354059152638,0.00045903470260153596,0.0012499999999999994,0.0008835126948063207
20:36892573:-,0.0012507530395027243,0.0018860553491877202,0.00205743896558312,0.0012849615820954236,0.0006891518551941083,0.0005112007918476048
20:37519160:-,0.0012507530395027243,0.0009845855084600714,0.0010826354059152638,0.0008869342300445732,0.0012499999999999994,0.0008835126948063207
20:37519169:-,0.0006396266692946766,0.0016689871656450181,0.0012159677282570077,0.0008869342300445732,0.0012499999999999994,0.0008835126948063207
20:37519232:-,0.0012507530395027243,0.0009845855084600714,0.0010826354059152638,0.0008869342300445732,0.0012499999999999994,0.0008835126948063207
20:3869565:+,0.0012507530395027243,0.0009845855084600714,0.0010826354059152638,0.0008869342300445732,0.0012499999999999994,0.0008835126948063207
20:3869813:+,0.0012507530395027243,0.0009845855084600714,0.0010826354059152638,0.0008869342300445732,0.0012499999999999994,0.0008835126948063207
20:3869839:+,0.0012507530395027243,0.0009845855084600714,0.0010826354059152638,0.0008869342300445732,0.0012499999999999994,0.0008835126948063207
20:3869866:+,0.0012507530395027243,0.0009845855084600714,0.0010826354059152638,0.0008869342300445732,0.0012499999999999994,0.0008835126948063207
20:3872210:+,0.0012507530395027243,0.0009845855084600714,0.0010826354059152638,0.0008869342300445732,0.0012499999999999994,0.0008835126948063207
20:3872213:+,0.0012507530395027243,0.0009845855084600714,0.0010826354059152638,0.0008869342300445732,0.0012499999999999994,0.0008835126948063207
20:3872376:+,0.0012507530395027243,0.0009845855084600714,0.0010826354059152638,0.0008869342300445732,0.0012499999999999994,0.0008835126948063207
20:3872412:+,0.0012507530395027243,0.0009845855084600714,0.0010826354059152638,0.0008869342300445732,0.0012499999999999994,0.0008835126948063207
20:3928531:-,0.0012507530395027243,0.0009845855084600714,0.0010826354059152638,0.0008869342300445732,0.0012499999999999994,0.0008835126948063207
20:3928567:-,0.0012507530395027243,0.0009845855084600714,0.0010826354059152638,0.0008869342300445732,0.0012499999999999994,0.0009463281482357107
20:3928592:-,0.0012507530395027243,0.0009845855084600714,0.0010826354059152638,0.0008869342300445732,0.0012499999999999994,0.000975857000140381
20:3928618:-,0.0012507530395027243,0.0009845855084600714,0.0010826354059152638,0.0008869342300445732,0.0012499999999999994,0.0008835126948063207
20:3928671:-,0.0012507530395027243,0.0009845855084600714,0.0010826354059152638,0.0008869342300445732,0.0012499999999999994,0.002029635178925976
20:3928883:-,0.0012507530395027243,0.0009845855084600714,0.0010826354059152638,0.0008869342300445732,0.0012499999999999994,0.01142810282995592
20:3928930:-,0.0012507530395027243,0.0009845855084600714,0.0010826354059152638,0.0008869342300445732,0.0012499999999999994,0.0021558032557805434
20:3928933:-,0.0012507530395027243,0.0009845855084600714,0.0010826354059152638,0.0008869342300445732,0.0012499999999999994,0.0018074522210180318
20:3928944:-,0.0012507530395027243,0.0009845855084600714,0.0010826354059152638,0.0008869342300445732,0.0012499999999999994,0.0016112672943593724
20:3928953:-,0.0012507530395027243,0.0009845855084600714,0.0010826354059152638,0.0008869342300445732,0.0012499999999999994,0.00047706698008322297
20:3928959:-,0.0012507530395027243,0.0009845855084600714,0.0010826354059152638,0.0008869342300445732,0.0012499999999999994,0.0006495548654925265
20:3928985:-,0.0012507530395027243,0.0009845855084600714,0.0010826354059152638,0.0008869342300445732,0.0012499999999999994,0.0004655639304283141
20:3929065:-,0.0012507530395027243,0.0009845855084600714,0.0010826354059152638,0.0008869342300445732,0.0012499999999999994,0.0008835126948063207
20:3929232:-,0.0012507530395027243,0.0009845855084600714,0.0010826354059152638,0.0008869342300445732,0.0012499999999999994,0.0008835126948063207
20:3929281:-,0.0012507530395027243,0.0009845855084600714,0.0010826354059152638,0.0008869342300445732,0.0012499999999999994,0.000570285580652587
20:3929291:-,0.0012507530395027243,0.0009845855084600714,0.0010826354059152638,0.0008869342300445732,0.0012499999999999994,0.0007214912268650492
20:3929316:-,0.0012507530395027243,0.0009845855084600714,0.0010826354059152638,0.00738791155946673,0.0012499999999999994,0.0037078676704878242
20:3929346:-,0.0012507530395027243,0.0009845855084600714,0.0010826354059152638,0.0008869342300445732,0.0012499999999999994,0.0008835126948063207
20:3929376:-,0.0012507530395027243,0.0009845855084600714,0.0010826354059152638,0.0008869342300445732,0.0012499999999999994,0.0008835126948063207
20:45077524:+,0.0012507530395027243,0.0009845855084600714,0.0010826354059152638,0.0008869342300445732,0.0012499999999999994,0.0008835126948063207
20:45078228:+,0.0012507530395027243,0.0009845855084600714,0.0010826354059152638,0.0008869342300445732,0.0012499999999999994,0.0008835126948063207
20:45078305:+,0.0012507530395027243,0.0009845855084600714,0.0010826354059152638,0.0008869342300445732,0.0012499999999999994,0.0008835126948063207
20:45078344:+,0.0012507530395027243,0.0009845855084600714,0.0010826354059152638,0.0008869342300445732,0.0012499999999999994,0.0008835126948063207
20:45078346:+,0.0012507530395027243,0.0009845855084600714,0.0010826354059152638,0.0008869342300445732,0.0012499999999999994,0.00327042357436389
20:45079027:+,0.0012507530395027243,0.0009845855084600714,0.0010826354059152638,0.0008869342300445732,0.0012499999999999994,0.0004434000028929697
20:45079067:+,0.0012783543225755288,0.0021007376262179053,0.001191761535219646,0.00372580218446673,0.0014237240778131612,0.0013614750536673212
20:45079094:+,0.0012507530395027243,0.0009845855084600714,0.0010826354059152638,0.0008869342300445732,0.0012499999999999994,0.0005241685364411303
20:45079117:+,0.0012507530395027243,0.0009845855084600714,0.0010826354059152638,0.0008869342300445732,0.0012499999999999994,0.0008835126948063207
20:45079129:+,0.0012507530395027243,0.0009845855084600714,0.0010826354059152638,0.0008869342300445732,0.0012499999999999994,0.0008835126948063207
20:45079143:+,0.0012507530395027243,0.0009845855084600714,0.0010826354059152638,0.0008869342300445732,0.0012499999999999994,0.0008835126948063207
20:45079148:+,0.0012507530395027243,0.0009845855084600714,0.0010826354059152638,0.0008869342300445732,0.0012499999999999994,0.0008835126948063207
20:45079172:+,0.0012507530395027243,0.0006291386068466253,0.0010826354059152638,0.0008869342300445732,0.0012499999999999994,0.000713111734699597
20:45802003:+,0.0012507530395027243,0.0009845855084600714,0.0010826354059152638,0.0008869342300445732,0.0012499999999999994,0.0006645478923447774
20:50876763:+,0.0012507530395027243,0.0009845855084600714,0.0010826354059152638,0.0008869342300445732,0.0012499999999999994,0.0008835126948063207
20:5195165:+,0.0012507530395027243,0.0009845855084600714,0.0010826354059152638,0.0008869342300445732,0.0012499999999999994,0.0008835126948063207
20:62813216:+,0.0012507530395027243,0.0009845855084600714,0.0010826354059152638,0.0008869342300445732,0.0012499999999999994,0.0008835126948063207
21:33263910:+,0.0012507530395027243,0.0009845855084600714,0.0010826354059152638,0.0008869342300445732,0.0012499999999999994,0.0008835126948063207
21:33263997:+,0.0012507530395027243,0.0009845855084600714,0.0010826354059152638,0.0008869342300445732,0.0012499999999999994,0.0008835126948063207
21:33264782:+,0.0012507530395027243,0.0009845855084600714,0.0010826354059152638,0.0008869342300445732,0.0012499999999999994,0.00923081884740316
21:33264843:+,0.0012507530395027243,0.0009845855084600714,0.0010826354059152638,0.0008869342300445732,0.0012499999999999994,0.0008835126948063207
21:33264853:+,0.0012507530395027243,0.0009845855084600714,0.0010826354059152638,0.0008869342300445732,0.0012499999999999994,0.0008835126948063207
21:33265139:+,0.0012507530395027243,0.0009845855084600714,0.0010826354059152638,0.0008869342300445732,0.0012499999999999994,0.0008835126948063207
21:33355908:+,0.0012507530395027243,0.0009845855084600714,0.0010826354059152638,0.0008869342300445732,0.0012499999999999994,0.0008835126948063207
21:33357801:+,0.0012507530395027243,0.0009845855084600714,0.0010826354059152638,0.0008869342300445732,0.0012499999999999994,0.003071605131098096
21:33358770:+,0.0012507530395027243,0.0009845855084600714,0.0010826354059152638,0.0008869342300445732,0.0012499999999999994,0.0008835126948063207
21:33550441:+,0.0012507530395027243,0.0009845855084600714,0.0010826354059152638,0.0008869342300445732,0.0012499999999999994,0.0008835126948063207
21:33550481:+,0.0012507530395027243,0.0009845855084600714,0.0010826354059152638,0.0008869342300445732,0.0012499999999999994,0.0008835126948063207
21:33550852:+,0.0012507530395027243,0.0009845855084600714,0.0010826354059152638,0.0008869342300445732,0.0012499999999999994,0.004906299253412446
21:33550949:+,0.0012507530395027243,0.0009845855084600714,0.0005413470136169427,0.0004644093729941337,0.0012499999999999994,0.001363471658143507
21:33551012:+,0.0012507530395027243,0.0005000088036127518,0.0005654239754990929,0.0008869342300445732,0.0007824331468371897,0.002697188918978295
21:33551528:+,0.0012507530395027243,0.0009845855084600714,0.0010826354059152638,0.0008869342300445732,0.0012499999999999994,0.0008835126948063207
21:33551798:+,0.0012507530395027243,0.0005380539999047762,0.0010826354059152638,0.0008869342300445732,0.0012499999999999994,0.0008835126948063207
21:38302921:+,0.0012507530395027243,0.0009845855084600714,0.0010826354059152638,0.0008869342300445732,0.0012499999999999994,0.0007186079142670392
21:42909822:+,0.0012507530395027243,0.0009845855084600714,0.0010826354059152638,0.0008869342300445732,0.0012499999999999994,0.0008835126948063207
21:44224635:-,0.0012507530395027243,0.0009845855084600714,0.0010826354059152638,0.0008869342300445732,0.0012499999999999994,0.0008835126948063207
21:45512814:+,0.0012507530395027243,0.0009845855084600714,0.0010826354059152638,0.0008869342300445732,0.0012499999999999994,0.0008835126948063207
22:17110242:+,0.0012507530395027243,0.0009845855084600714,0.0010826354059152638,0.0005985956113406186,0.0012499999999999994,0.0004849326419649128
22:17110376:+,0.0012507530395027243,0.0009845855084600714,0.0010826354059152638,0.0010684671150222866,0.0012499999999999994,0.00044188475303438076
22:17110777:+,0.0012507530395027243,0.0009845855084600714,0.0010826354059152638,0.0008869342300445732,0.0012499999999999994,0.0008835126948063207
22:17113267:+,0.0012507530395027243,0.0009845855084600714,0.0010826354059152638,0.0008869342300445732,0.0012499999999999994,0.0008835126948063207
22:17113310:+,0.0012507530395027243,0.0009845855084600714,0.0010826354059152638,0.0008869342300445732,0.0012499999999999994,0.0008835126948063207
22:17113448:+,0.0012507530395027243,0.0009845855084600714,0.0010826354059152638,0.0008869342300445732,0.0012499999999999994,0.0008835126948063207
22:17113458:+,0.0012507530395027243,0.0009845855084600714,0.0010826354059152638,0.0008869342300445732,0.0012499999999999994,0.0008835126948063207
22:17113470:+,0.0012507530395027243,0.0009845855084600714,0.0010826354059152638,0.0008869342300445732,0.0012499999999999994,0.0008835126948063207
22:17116946:-,0.0012507530395027243,0.0009845855084600714,0.0010826354059152638,0.0008869342300445732,0.0012499999999999994,0.0008835126948063207
22:17116947:-,0.0012507530395027243,0.0009845855084600714,0.0010826354059152638,0.0008869342300445732,0.0012499999999999994,0.0008835126948063207
22:18088707:+,0.0012507530395027243,0.0009845855084600714,0.0010826354059152638,0.0008869342300445732,0.0012499999999999994,0.0008835126948063207
22:20065601:+,0.0012507530395027243,0.0009845855084600714,0.0010826354059152638,0.0008869342300445732,0.0012499999999999994,0.0008835126948063207
22:21922604:-,0.0012507530395027243,0.0009845855084600714,0.0010826354059152638,0.0008869342300445732,0.0012499999999999994,0.0008835126948063207
22:24572666:+,0.0012507530395027243,0.0009845855084600714,0.0010826354059152638,0.0008869342300445732,0.0012499999999999994,0.0008835126948063207
22:24573002:+,0.0012507530395027243,0.005594333570556567,0.0010826354059152638,0.0008869342300445732,0.0012499999999999994,0.0008835126948063207
22:24573020:+,0.0012507530395027243,0.0009845855084600714,0.0010826354059152638,0.0008869342300445732,0.0012499999999999994,0.0008835126948063207
22:24573082:+,0.0012507530395027243,0.0009845855084600714,0.0010826354059152638,0.0008869342300445732,0.0012499999999999994,0.0008835126948063207
22:24573092:+,0.0012507530395027243,0.0009845855084600714,0.0010826354059152638,0.000762344666042695,0.0012499999999999994,0.0008835126948063207
22:24573123:+,0.0012507530395027243,0.0009845855084600714,0.0010826354059152638,0.0008869342300445732,0.0012499999999999994,0.0008835126948063207
22:24573190:+,0.0012507530395027243,0.0009845855084600714,0.0010826354059152638,0.0008869342300445732,0.0012499999999999994,0.0008835126948063207
22:24573659:+,0.0012507530395027243,0.0009845855084600714,0.0010826354059152638,0.0008869342300445732,0.0012499999999999994,0.0008835126948063207
22:24573660:+,0.0012507530395027243,0.0009845855084600714,0.0008411621586462434,0.0008869342300445732,0.0012499999999999994,0.0008835126948063207
22:24573786:+,0.0012507530395027243,0.0009845855084600714,0.0026774662800355224,0.0008869342300445732,0.0012499999999999994,0.0008835126948063207
22:24573813:+,0.0012507530395027243,0.0009845855084600714,0.0010826354059152638,0.0008869342300445732,0.0012499999999999994,0.0008835126948063207
22:24574706:+,0.0012507530395027243,0.0009845855084600714,0.0010826354059152638,0.0008869342300445732,0.0012499999999999994,0.0008835126948063207
22:24574751:+,0.0012507530395027243,0.0009845855084600714,0.0010826354059152638,0.0008869342300445732,0.0012499999999999994,0.0008835126948063207
22:25724899:+,0.0012507530395027243,0.0009845855084600714,0.0010826354059152638,0.0008869342300445732,0.0012499999999999994,0.0008835126948063207
22:25725025:+,0.0012507530395027243,0.0009845855084600714,0.0010826354059152638,0.0008869342300445732,0.0012499999999999994,0.0008835126948063207
22:25725030:+,0.0012507530395027243,0.0009845855084600714,0.0010826354059152638,0.0008869342300445732,0.0012499999999999994,0.0008835126948063207
22:25725098:+,0.0012828387156750974,0.0009845855084600714,0.0010826354059152638,0.0008869342300445732,0.0012499999999999994,0.0008835126948063207
22:25725109:+,0.0011169794109078248,0.0009845855084600714,0.0010826354059152638,0.0008869342300445732,0.0012499999999999994,0.0008835126948063207
22:26522822:-,0.0012507530395027243,0.0009845855084600714,0.0010826354059152638,0.0008869342300445732,0.0012499999999999994,0.0008835126948063207
22:26522896:-,0.0012507530395027243,0.0009845855084600714,0.0010826354059152638,0.0008869342300445732,0.0012499999999999994,0.0008835126948063207
22:26523182:-,0.0012507530395027243,0.0009845855084600714,0.0010826354059152638,0.0008869342300445732,0.0012499999999999994,0.0008835126948063207
22:26523800:-,0.0012507530395027243,0.0009845855084600714,0.0010826354059152638,0.0008869342300445732,0.0012499999999999994,0.0008835126948063207
22:26524341:-,0.0012507530395027243,0.0009845855084600714,0.0010826354059152638,0.0008869342300445732,0.00654215976331361,0.0008835126948063207
22:26524444:-,0.0012507530395027243,0.0009845855084600714,0.0010826354059152638,0.0008869342300445732,0.0012499999999999994,0.0008835126948063207
22:26524475:-,0.0012507530395027243,0.0009845855084600714,0.0010826354059152638,0.0008869342300445732,0.0008785926870748297,0.0008835126948063207
22:26524500:-,0.0012507530395027243,0.0009845855084600714,0.0010826354059152638,0.0008869342300445732,0.0012499999999999994,0.0008835126948063207
22:26524504:-,0.0012507530395027243,0.0009845855084600714,0.0010826354059152638,0.0008869342300445732,0.0012499999999999994,0.0008835126948063207
22:26525284:-,0.0012507530395027243,0.0009845855084600714,0.0010826354059152638,0.0008869342300445732,0.0012499999999999994,0.0008835126948063207
22:26525341:-,0.0012507530395027243,0.0009845855084600714,0.0010826354059152638,0.0008869342300445732,0.0012499999999999994,0.0008835126948063207
22:35659829:+,0.0012507530395027243,0.0009845855084600714,0.0010826354059152638,0.0008869342300445732,0.0012499999999999994,0.0008835126948063207
22:35659868:+,0.0012507530395027243,0.0009845855084600714,0.0010826354059152638,0.0008869342300445732,0.0012499999999999994,0.0008835126948063207
22:35659926:+,0.0012507530395027243,0.0009845855084600714,0.0010826354059152638,0.0008869342300445732,0.0012499999999999994,0.0008835126948063207
22:35659931:+,0.0012507530395027243,0.0009845855084600714,0.0010826354059152638,0.0008869342300445732,0.0012499999999999994,0.0008835126948063207
22:35659975:+,0.0012507530395027243,0.0009845855084600714,0.0010826354059152638,0.0008869342300445732,0.0012499999999999994,0.0008835126948063207
22:35660344:+,0.0012507530395027243,0.0009845855084600714,0.0010826354059152638,0.0008869342300445732,0.0012499999999999994,0.0008835126948063207
22:35660361:+,0.0012507530395027243,0.0009845855084600714,0.0010826354059152638,0.0008869342300445732,0.002386199219990428,0.00490846930858007
22:35660445:+,0.0012507530395027243,0.0009845855084600714,0.0010826354059152638,0.0008869342300445732,0.0006249999999999997,0.0008835126948063207
22:35660498:+,0.0012507530395027243,0.0009845855084600714,0.0010826354059152638,0.0008869342300445732,0.0012499999999999994,0.0008835126948063207
22:35660516:+,0.0012507530395027243,0.0009845855084600714,0.0010826354059152638,0.0008869342300445732,0.0012499999999999994,0.0008835126948063207
22:35660582:+,0.0012507530395027243,0.0009845855084600714,0.0010826354059152638,0.0008869342300445732,0.0012499999999999994,0.0020726735071664748
22:35660617:+,0.0012507530395027243,0.0009845855084600714,0.0010826354059152638,0.0008869342300445732,0.0012499999999999994,0.0008835126948063207
22:35660702:+,0.0012507530395027243,0.0009845855084600714,0.0010826354059152638,0.0008869342300445732,0.0012499999999999994,0.0008835126948063207
22:35661307:+,0.0012507530395027243,0.0009845855084600714,0.0010826354059152638,0.0008869342300445732,0.0012499999999999994,0.0008835126948063207
22:36266114:+,0.0012507530395027243,0.0009845855084600714,0.0010826354059152638,0.0008869342300445732,0.0012499999999999994,0.0008835126948063207
22:36266649:+,0.0012507530395027243,0.0009845855084600714,0.0010826354059152638,0.0008869342300445732,0.0012499999999999994,0.0008835126948063207
22:36266650:+,0.0012507530395027243,0.0009845855084600714,0.0010826354059152638,0.0008869342300445732,0.0012499999999999994,0.0008835126948063207
22:36266793:+,0.0012507530395027243,0.0009845855084600714,0.0010826354059152638,0.0008869342300445732,0.0012499999999999994,0.0008835126948063207
22:36266794:+,0.0012507530395027243,0.0009845855084600714,0.0010826354059152638,0.0008869342300445732,0.0012499999999999994,0.0008835126948063207
22:36266854:+,0.0012507530395027243,0.0009845855084600714,0.0010826354059152638,0.0008869342300445732,0.0012499999999999994,0.0027851867789580034
22:36266886:+,0.0012507530395027243,0.0009845855084600714,0.0010826354059152638,0.0008869342300445732,0.0012499999999999994,0.0008835126948063207
22:39018748:+,0.0012507530395027243,0.0009845855084600714,0.0010826354059152638,0.0009256849747739299,0.0012499999999999994,0.0008835126948063207
22:39018894:+,0.0012507530395027243,0.0009845855084600714,0.0010826354059152638,0.0008869342300445732,0.0012499999999999994,0.0008835126948063207
22:39018917:+,0.0012507530395027243,0.0009845855084600714,0.0010826354059152638,0.0008869342300445732,0.0012499999999999994,0.0008835126948063207
22:39019885:+,0.0012507530395027243,0.0009845855084600714,0.0010826354059152638,0.0008869342300445732,0.0012499999999999994,0.0008835126948063207
22:39019975:+,0.0012507530395027243,0.0009845855084600714,0.0010826354059152638,0.0008869342300445732,0.0012499999999999994,0.0008835126948063207
22:39020029:+,0.0012507530395027243,0.0009845855084600714,0.009570616857356603,0.009016855318040118,0.0013175207756232683,0.0008835126948063207
22:39020057:+,0.0012507530395027243,0.0009845855084600714,0.0010826354059152638,0.0008869342300445732,0.0012499999999999994,0.0008835126948063207
22:39020075:+,0.0035324491551712908,0.0009004143744728677,0.0010826354059152638,0.002407111104460551,0.0010202160493827156,0.0008835126948063207
22:39032721:+,0.0016286319813512474,0.0009845855084600714,0.0010826354059152638,0.0008869342300445732,0.0012499999999999994,0.0008835126948063207
22:41178990:+,0.0012507530395027243,0.0009845855084600714,0.0010826354059152638,0.0008869342300445732,0.0012499999999999994,0.0007130898242543166
22:41599255:-,0.0012507530395027243,0.0007374917406877638,0.0010826354059152638,0.0008869342300445732,0.0012499999999999994,0.0008835126948063207
22:41599279:-,0.0012507530395027243,0.0009845855084600714,0.0010826354059152638,0.0008869342300445732,0.0012499999999999994,0.0008835126948063207
22:42381237:-,0.0012507530395027243,0.0009845855084600714,0.0010826354059152638,0.0008869342300445732,0.0012499999999999994,0.0008835126948063207
22:42381262:-,0.0012507530395027243,0.0009845855084600714,0.0010826354059152638,0.0008869342300445732,0.0012499999999999994,0.0008835126948063207
22:42381369:-,0.0012507530395027243,0.0009845855084600714,0.0010826354059152638,0.0008869342300445732,0.0012499999999999994,0.0013138997317685543
22:42382830:-,0.0012507530395027243,0.0009845855084600714,0.0010826354059152638,0.0008869342300445732,0.0012499999999999994,0.0004545098787636788
22:42382869:-,0.0012507530395027243,0.0009845855084600714,0.0010826354059152638,0.0008869342300445732,0.0012499999999999994,0.0008835126948063207
22:42383474:-,0.0012507530395027243,0.0009845855084600714,0.0010826354059152638,0.0008869342300445732,0.0012499999999999994,0.0009736579152057419
22:42383480:-,0.0012507530395027243,0.0009845855084600714,0.0010826354059152638,0.0008869342300445732,0.0012499999999999994,0.0014393754736843605
22:42383500:-,0.0012507530395027243,0.0009845855084600714,0.0010826354059152638,0.0008869342300445732,0.0012499999999999994,0.0008835126948063207
22:42383504:-,0.0012507530395027243,0.0009845855084600714,0.0010826354059152638,0.00044780739280006433,0.0012499999999999994,0.0008835126948063207
22:42383532:-,0.0012507530395027243,0.0009845855084600714,0.0010826354059152638,0.005582724764354302,0.0012499999999999994,0.002657221515906053
22:42383533:-,0.0012507530395027243,0.0009845855084600714,0.0010826354059152638,0.0008869342300445732,0.0012499999999999994,0.0004961804172059126
22:42383582:-,0.0012507530395027243,0.0009845855084600714,0.0010826354059152638,0.0008869342300445732,0.0012499999999999994,0.00048261098236345384
22:42383646:-,0.0012507530395027243,0.0009845855084600714,0.0010826354059152638,0.0008869342300445732,0.0012499999999999994,0.0005677536577261615
22:42383670:-,0.0012507530395027243,0.0009845855084600714,0.0010826354059152638,0.0008869342300445732,0.0012499999999999994,0.0008835126948063207
22:50623950:-,0.0012507530395027243,0.0009845855084600714,0.0010826354059152638,0.0008869342300445732,0.0012499999999999994,0.0008835126948063207
22:50624024:-,0.0012507530395027243,0.0009845855084600714,0.0010826354059152638,0.0008869342300445732,0.0012499999999999994,0.0008835126948063207
22:50624361:-,0.0012507530395027243,0.0009845855084600714,0.0010826354059152638,0.0008869342300445732,0.0012499999999999994,0.0008835126948063207
2:128193936:+,0.0012507530395027243,0.0009845855084600714,0.0010826354059152638,0.0008869342300445732,0.0012499999999999994,0.0008835126948063207
2:152120203:-,0.0012507530395027243,0.0009845855084600714,0.0010826354059152638,0.0008869342300445732,0.0012499999999999994,0.0008835126948063207
2:159769457:-,0.0012507530395027243,0.0009845855084600714,0.0010826354059152638,0.000932933792130909,0.0012499999999999994,0.0008835126948063207
2:159769988:-,0.0012507530395027243,0.0009845855084600714,0.0010826354059152638,0.0008869342300445732,0.0012499999999999994,0.00044345324108843444
2:159770082:-,0.0012507530395027243,0.0009845855084600714,0.0010826354059152638,0.0006996219440473008,0.0012499999999999994,0.002302762964439863
2:159770173:-,0.0012507530395027243,0.0009845855084600714,0.0010826354059152638,0.0006312913470072974,0.0012499999999999994,0.0008185508504667569
2:200977710:-,0.0012507530395027243,0.0009845855084600714,0.0010826354059152638,0.0008869342300445732,0.0012499999999999994,0.0028550370929670394
2:200977768:-,0.0012507530395027243,0.0009845855084600714,0.0010826354059152638,0.0008869342300445732,0.0012499999999999994,0.00044175634740316035
2:200977820:-,0.0012507530395027243,0.0009845855084600714,0.0010826354059152638,0.0008869342300445732,0.0012499999999999994,0.0008835126948063207
2:200978571:-,0.0012507530395027243,0.0009845855084600714,0.0010826354059152638,0.0008869342300445732,0.0012499999999999994,0.0008835126948063207
2:201164009:+,0.0012507530395027243,0.0009845855084600714,0.0010826354059152638,0.0008869342300445732,0.0012499999999999994,0.0007463051765988686
2:201164040:+,0.0012507530395027243,0.0007844981746405841,0.0010826354059152638,0.0008869342300445732,0.0012499999999999994,0.0008835126948063207
2:201164055:+,0.0012507530395027243,0.0009845855084600714,0.0010826354059152638,0.0008869342300445732,0.0012499999999999994,0.0008835126948063207
2:201164079:+,0.0012507530395027243,0.0009845855084600714,0.0010826354059152638,0.0008869342300445732,0.0012499999999999994,0.0008835126948063207
2:201164087:+,0.0012507530395027243,0.0009845855084600714,0.0010826354059152638,0.0008869342300445732,0.0012499999999999994,0.0008835126948063207
2:201164143:+,0.0012507530395027243,0.0008922927542300359,0.0022774288140687436,0.0008869342300445732,0.0017699562321603006,0.0015723419880220336
2:201165370:+,0.0012507530395027243,0.0009845855084600714,0.0010826354059152638,0.0008869342300445732,0.001900510204081632,0.0004724826548806028
2:201165387:+,0.0012507530395027243,0.0009845855084600714,0.0010826354059152638,0.0008869342300445732,0.0012499999999999994,0.0014534908306130696
2:201165399:+,0.0012507530395027243,0.0009845855084600714,0.0010826354059152638,0.0008869342300445732,0.0012499999999999994,0.0008835126948063207
2:201165409:+,0.0012507530395027243,0.0009845855084600714,0.0010826354059152638,0.0008869342300445732,0.0012499999999999994,0.0008835126948063207
2:201165444:+,0.0012507530395027243,0.0009845855084600714,0.0010826354059152638,0.0008869342300445732,0.0012499999999999994,0.0004478188284566576
2:201165450:+,0.0012507530395027243,0.0009845855084600714,0.0010826354059152638,0.0008869342300445732,0.0012499999999999994,0.0008835126948063207
2:201165480:+,0.0012507530395027243,0.0009845855084600714,0.0010826354059152638,0.0008869342300445732,0.0012499999999999994,0.0004438937572044667
2:201165514:+,0.0012507530395027243,0.0009845855084600714,0.0010826354059152638,0.0008869342300445732,0.0012499999999999994,0.00047754358702608674
2:201165533:+,0.0012507530395027243,0.0009845855084600714,0.0010826354059152638,0.0008869342300445732,0.0012499999999999994,0.00044175634740316035
2:201165545:+,0.0012507530395027243,0.0009845855084600714,0.0010826354059152638,0.0008869342300445732,0.0012499999999999994,0.0009355835078969874
2:201175413:+,0.0012507530395027243,0.0009845855084600714,0.0010826354059152638,0.0008869342300445732,0.0012499999999999994,0.0008835126948063207
2:201218006:+,0.0012507530395027243,0.0009845855084600714,0.0010826354059152638,0.0008869342300445732,0.0012499999999999994,0.0008835126948063207
2:201219148:+,0.0012507530395027243,0.0009845855084600714,0.0010826354059152638,0.0008869342300445732,0.0012499999999999994,0.0008835126948063207
2:201219251:+,0.0012507530395027243,0.0009845855084600714,0.0010826354059152638,0.0008869342300445732,0.0012499999999999994,0.0008835126948063207
2:201286638:+,0.0031506290450038867,0.0004998721540719973,0.0026308763773947473,0.0035298868681087063,0.0024362062700807284,0.00057945453632216
2:201286665:+,0.0012507530395027243,0.0009845855084600714,0.0010826354059152638,0.0008869342300445732,0.0012499999999999994,0.0008835126948063207
2:201286714:+,0.0012507530395027243,0.0009845855084600714,0.0010826354059152638,0.0008869342300445732,0.0012499999999999994,0.0008835126948063207
2:201286732:+,0.0012507530395027243,0.0009845855084600714,0.0010826354059152638,0.0008869342300445732,0.0012499999999999994,0.0008835126948063207
2:201287274:+,0.0012507530395027243,0.0009845855084600714,0.0006504975570729786,0.0008869342300445732,0.0012499999999999994,0.0008835126948063207
2:201287277:+,0.0012507530395027243,0.0015613656266615064,0.0005977319221170661,0.0008869342300445732,0.0008596499745121512,0.0007596834084173424
2:201287293:+,0.0012507530395027243,0.0009845855084600714,0.0010826354059152638,0.0008869342300445732,0.0015832809229469045,0.0008835126948063207
2:201287299:+,0.0012507530395027243,0.0009845855084600714,0.0009292883182009746,0.0008869342300445732,0.0012499999999999994,0.0008835126948063207
2:201287323:+,0.0012507530395027243,0.0009845855084600714,0.0010826354059152638,0.0008869342300445732,0.0012499999999999994,0.0011784910412807113
2:201287338:+,0.0012507530395027243,0.0016108691978871659,0.004709247675083408,0.004349717115022286,0.001780292226091233,0.0010387807474409533
2:201287346:+,0.0012507530395027243,0.0009845855084600714,0.0010826354059152638,0.0008869342300445732,0.0012499999999999994,0.0008835126948063207
2:201287354:+,0.0020316265197513625,0.0009845855084600714,0.000562582073766598,0.0008869342300445732,0.0006264172335600904,0.0005578755507325301
2:201287362:+,0.0012507530395027243,0.0009845855084600714,0.0010826354059152638,0.0008869342300445732,0.0012499999999999994,0.0008835126948063207
2:201287367:+,0.0012507530395027243,0.0009845855084600714,0.0010826354059152638,0.0008869342300445732,0.0012499999999999994,0.0008835126948063207
2:201287384:+,0.0012507530395027243,0.0023082147583622665,0.0009208083421885312,0.0008869342300445732,0.0006919421487603302,0.0008835126948063207
2:216501791:+,0.0012507530395027243,0.0009845855084600714,0.0010826354059152638,0.0008869342300445732,0.0012499999999999994,0.0008835126948063207
2:219172105:-,0.0012507530395027243,0.0009845855084600714,0.0010826354059152638,0.0008869342300445732,0.0012499999999999994,0.0005522451128990282
2:230167361:-,0.0012507530395027243,0.0009845855084600714,0.0010826354059152638,0.0008869342300445732,0.0012499999999999994,0.0005325799509693795
2:230167390:-,0.0012507530395027243,0.0009845855084600714,0.0010826354059152638,0.0008869342300445732,0.0012499999999999994,0.0011661797021262719
2:230167981:-,0.0012507530395027243,0.0009845855084600714,0.0010826354059152638,0.0008869342300445732,0.0012499999999999994,0.0012763302276194602
2:230168008:-,0.0012507530395027243,0.0009845855084600714,0.0010826354059152638,0.0008869342300445732,0.0012499999999999994,0.0013182279540513604
2:3541907:-,0.0012507530395027243,0.0009845855084600714,0.000580380202957632,0.0008869342300445732,0.0012499999999999994,0.0008835126948063207
2:3541930:-,0.0012507530395027243,0.0009845855084600714,0.0010826354059152638,0.0008869342300445732,0.0012499999999999994,0.0008835126948063207
2:3543850:-,0.0012507530395027243,0.0009845855084600714,0.0010826354059152638,0.0008869342300445732,0.0012499999999999994,0.0008835126948063207
2:3545011:-,0.0012507530395027243,0.0009845855084600714,0.0010826354059152638,0.0008869342300445732,0.0012499999999999994,0.0008835126948063207
2:3545046:-,0.0012507530395027243,0.0009845855084600714,0.0010826354059152638,0.0008869342300445732,0.0012499999999999994,0.0008835126948063207
2:3545047:-,0.0012507530395027243,0.0009845855084600714,0.0010826354059152638,0.0008869342300445732,0.0012499999999999994,0.0008835126948063207
2:37100425:-,0.0012507530395027243,0.0009845855084600714,0.0010826354059152638,0.0008869342300445732,0.0012499999999999994,0.0008835126948063207
2:37100445:-,0.0012507530395027243,0.0009845855084600714,0.0010826354059152638,0.0008869342300445732,0.0012499999999999994,0.0019387092952489666
2:37100446:-,0.0012507530395027243,0.0009845855084600714,0.0010826354059152638,0.0008869342300445732,0.0012499999999999994,0.0012406214940001129
2:37100872:-,0.0012507530395027243,0.0009845855084600714,0.0010826354059152638,0.0008869342300445732,0.0012499999999999994,0.0008835126948063207
2:37100938:-,0.0012507530395027243,0.0009845855084600714,0.0010826354059152638,0.0008869342300445732,0.0012499999999999994,0.0008835126948063207
2:37100988:-,0.0012507530395027243,0.0009845855084600714,0.0010826354059152638,0.0008869342300445732,0.0012499999999999994,0.0060667563474031605
2:37101247:-,0.0012507530395027243,0.0009845855084600714,0.0010826354059152638,0.0008869342300445732,0.0012499999999999994,0.0025836742065168425
2:37101539:-,0.0012507530395027243,0.0009845855084600714,0.0010826354059152638,0.0008869342300445732,0.0012499999999999994,0.00657895092305048
2:37101620:-,0.0012507530395027243,0.0009845855084600714,0.0010826354059152638,0.0008869342300445732,0.0012499999999999994,0.0008308812070524196
2:37101656:-,0.0012507530395027243,0.0009845855084600714,0.0010826354059152638,0.0008869342300445732,0.0012499999999999994,0.0011192501131282691
2:37101910:-,0.0012507530395027243,0.0009845855084600714,0.0010826354059152638,0.0008869342300445732,0.0012499999999999994,0.0008835126948063207
2:37102036:-,0.0012507530395027243,0.0009845855084600714,0.0010826354059152638,0.0008869342300445732,0.0012499999999999994,0.0008835126948063207
2:37102070:-,0.0012507530395027243,0.0009845855084600714,0.0010826354059152638,0.0008869342300445732,0.0012499999999999994,0.004015716649860628
2:37102094:-,0.0012507530395027243,0.0009845855084600714,0.0010826354059152638,0.0008869342300445732,0.0012499999999999994,0.0008835126948063207
2:37102163:-,0.0012507530395027243,0.0009845855084600714,0.0010826354059152638,0.0008869342300445732,0.0012499999999999994,0.005758596625180939
2:37103894:-,0.0012507530395027243,0.0009845855084600714,0.0010826354059152638,0.0008869342300445732,0.0012499999999999994,0.003121272598347982
2:37103921:-,0.0012507530395027243,0.0009845855084600714,0.0010826354059152638,0.0008869342300445732,0.0012499999999999994,0.002111316532588345
2:37103933:-,0.0012507530395027243,0.0009845855084600714,0.0010826354059152638,0.0008869342300445732,0.0012499999999999994,0.0033116543065868343
2:37103975:-,0.0012507530395027243,0.0009845855084600714,0.0010826354059152638,0.0008869342300445732,0.0012499999999999994,0.0008835126948063207
2:37104381:-,0.0012507530395027243,0.0009845855084600714,0.0010826354059152638,0.0008869342300445732,0.0012499999999999994,0.0008835126948063207
2:37104411:-,0.0012507530395027243,0.0009845855084600714,0.0010826354059152638,0.0008869342300445732,0.0012499999999999994,0.0008835126948063207
2:37104785:-,0.0012507530395027243,0.0009845855084600714,0.0010826354059152638,0.0008869342300445732,0.0012499999999999994,0.0021117360071664735
2:37104872:-,0.0012507530395027243,0.0009845855084600714,0.0010826354059152638,0.0008869342300445732,0.0012499999999999994,0.0008835126948063207
2:37104880:-,0.0012507530395027243,0.0009845855084600714,0.0010826354059152638,0.0008869342300445732,0.0012499999999999994,0.00044292761480819396
2:37104898:-,0.0012507530395027243,0.0009845855084600714,0.0010826354059152638,0.0008869342300445732,0.0012499999999999994,0.0008835126948063207
2:37202382:+,0.0012507530395027243,0.0009845855084600714,0.0010826354059152638,0.0008869342300445732,0.0012499999999999994,0.0008835126948063207
2:37204341:+,0.0012507530395027243,0.0009845855084600714,0.0010826354059152638,0.0008869342300445732,0.0012499999999999994,0.0008835126948063207
2:68180525:-,0.0012507530395027243,0.0009845855084600714,0.0010826354059152638,0.0008869342300445732,0.0012499999999999994,0.0009159313078046544
2:68180529:-,0.0012507530395027243,0.0009845855084600714,0.0010826354059152638,0.0008869342300445732,0.0012499999999999994,0.0005907670426726669
2:69461662:-,0.0012507530395027243,0.0009845855084600714,0.0010826354059152638,0.0008869342300445732,0.0012499999999999994,0.0008835126948063207
2:69462637:-,0.0012507530395027243,0.0009845855084600714,0.0010826354059152638,0.0008869342300445732,0.0012499999999999994,0.0008835126948063207
2:69463444:-,0.0012507530395027243,0.0009845855084600714,0.0010826354059152638,0.0008869342300445732,0.0012499999999999994,0.0008835126948063207
2:85319249:-,0.0012507530395027243,0.0009845855084600714,0.0010826354059152638,0.0008869342300445732,0.0012499999999999994,0.0008835126948063207
2:85319274:-,0.0012507530395027243,0.0009845855084600714,0.0010826354059152638,0.0008869342300445732,0.0012499999999999994,0.0008835126948063207
2:85319302:-,0.0012507530395027243,0.0009845855084600714,0.0010826354059152638,0.0008869342300445732,0.0012499999999999994,0.0008835126948063207
2:85319333:-,0.0012507530395027243,0.0009845855084600714,0.0010826354059152638,0.0008869342300445732,0.0012499999999999994,0.0008835126948063207
2:85319448:-,0.0012507530395027243,0.0009845855084600714,0.0010826354059152638,0.0008869342300445732,0.0012499999999999994,0.0008835126948063207
2:96249499:-,0.0012507530395027243,0.0009845855084600714,0.0010826354059152638,0.0008869342300445732,0.0012499999999999994,0.0008835126948063207
2:96249574:-,0.0012507530395027243,0.0009845855084600714,0.0010826354059152638,0.0004674963345532363,0.0012499999999999994,0.0006132416081741354
2:98623011:-,0.0012507530395027243,0.0019715826950584383,0.0010826354059152638,0.0008869342300445732,0.0012499999999999994,0.0008835126948063207
3:10150923:+,0.0012507530395027243,0.0009845855084600714,0.0010826354059152638,0.0008869342300445732,0.0012499999999999994,0.0008835126948063207
3:10151019:+,0.0012507530395027243,0.0009845855084600714,0.0010826354059152638,0.0008869342300445732,0.0012499999999999994,0.0008835126948063207
3:10151032:+,0.0012507530395027243,0.0009845855084600714,0.0010826354059152638,0.0008869342300445732,0.0012499999999999994,0.0008835126948063207
3:10151939:+,0.0012507530395027243,0.0009845855084600714,0.0010826354059152638,0.0008869342300445732,0.0012499999999999994,0.0008835126948063207
3:10152047:+,0.0012507530395027243,0.0009845855084600714,0.0010826354059152638,0.0008869342300445732,0.0012499999999999994,0.0008835126948063207
3:10152221:+,0.0011512034252684708,0.0008111703052504436,0.0010826354059152638,0.0008869342300445732,0.0007353382529482379,0.0008835126948063207
3:10152293:+,0.0012302208539992227,0.0007921372099186472,0.0015677698717268403,0.0008869342300445732,0.0012499999999999994,0.0008835126948063207
3:10152309:+,0.0008919273540675949,0.0048901343567792285,0.0005450159278097029,0.00045639777253925635,0.0013961614812076075,0.0008835126948063207
3:10152313:+,0.0006389499269535782,0.0009845855084600714,0.0010826354059152638,0.0008869342300445732,0.0012499999999999994,0.0008835126948063207
3:10152320:+,0.000636174711302546,0.0009845855084600714,0.0010826354059152638,0.0018092516140771067,0.0012499999999999994,0.0008835126948063207
3:10152325:+,0.0012507530395027243,0.0009845855084600714,0.0010826354059152638,0.0008869342300445732,0.0012499999999999994,0.0008835126948063207
3:10152355:+,0.0012507530395027243,0.0009845855084600714,0.0010826354059152638,0.0008869342300445732,0.0012499999999999994,0.0008835126948063207
3:10152621:+,0.0017134600459859297,0.0009845855084600714,0.0010826354059152638,0.0008869342300445732,0.0012499999999999994,0.0008835126948063207
3:10152631:+,0.0009031542975291403,0.0008152977732311,0.0006704499343625904,0.0008869342300445732,0.0012499999999999994,0.0008835126948063207
3:10152671:+,0.0014574771114673382,0.0009845855084600714,0.0010826354059152638,0.0008869342300445732,0.0012499999999999994,0.0008835126948063207
3:10152750:+,0.0012507530395027243,0.0009845855084600714,0.0010826354059152638,0.0008869342300445732,0.0012499999999999994,0.0008835126948063207
3:10152763:+,0.006081213296610865,0.0009845855084600714,0.0010826354059152638,0.0008869342300445732,0.0012499999999999994,0.0008835126948063207
3:10152870:+,0.002616913379032015,0.0004922927542300357,0.0010826354059152638,0.0008869342300445732,0.004457199546485261,0.0008835126948063207
3:10152908:+,0.000689377210438461,0.0009845855084600714,0.0010826354059152638,0.0008869342300445732,0.0012499999999999994,0.0008835126948063207
3:10152956:+,0.0012507530395027243,0.0009845855084600714,0.0010826354059152638,0.0008869342300445732,0.0012499999999999994,0.0008835126948063207
3:10153020:+,0.0012507530395027243,0.0009845855084600714,0.0010826354059152638,0.0008869342300445732,0.0012499999999999994,0.0008835126948063207
3:10153059:+,0.0012507530395027243,0.0009845855084600714,0.0010826354059152638,0.0008869342300445732,0.0012499999999999994,0.0008835126948063207
3:10153099:+,0.0012507530395027243,0.0009845855084600714,0.0010826354059152638,0.0008869342300445732,0.0012499999999999994,0.0008835126948063207
3:10153156:+,0.0022983536667144,0.001329702098132886,0.0010826354059152638,0.0005653257758419863,0.0009237462753696516,0.0008835126948063207
3:10153166:+,0.0012507530395027243,0.0009845855084600714,0.0010826354059152638,0.0008869342300445732,0.0012499999999999994,0.0008835126948063207
3:10153197:+,0.00245659963475826,0.0009845855084600714,0.0010826354059152638,0.0008869342300445732,0.0012499999999999994,0.0008835126948063207
3:10153198:+,0.0012507530395027243,0.0009845855084600714,0.0010826354059152638,0.0008869342300445732,0.0012499999999999994,0.0008835126948063207
3:10153205:+,0.0012507530395027243,0.001525456019536158,0.0010826354059152638,0.0008869342300445732,0.0012499999999999994,0.0008835126948063207
3:10153222:+,0.0012507530395027243,0.0009845855084600714,0.0010826354059152638,0.0008869342300445732,0.0012499999999999994,0.0008835126948063207
3:10153237:+,0.0012507530395027243,0.0009845855084600714,0.0010826354059152638,0.0008869342300445732,0.0012499999999999994,0.0008835126948063207
3:10153248:+,0.0012507530395027243,0.000530871512765586,0.0010826354059152638,0.0008869342300445732,0.0012499999999999994,0.0008835126948063207
3:10153303:+,0.0012507530395027243,0.0009845855084600714,0.0010826354059152638,0.0008869342300445732,0.0012499999999999994,0.0008835126948063207
3:10153348:+,0.0012507530395027243,0.0009845855084600714,0.0013576442335698773,0.0008869342300445732,0.0012499999999999994,0.0008835126948063207
3:10153349:+,0.0012507530395027243,0.0009845855084600714,0.0010826354059152638,0.0008869342300445732,0.0012499999999999994,0.0008835126948063207
3:10153411:+,0.0016005768927761332,0.0009845855084600714,0.0010826354059152638,0.0008869342300445732,0.0012499999999999994,0.0008835126948063207
3:10153418:+,0.0012507530395027243,0.0009845855084600714,0.0010826354059152638,0.0008869342300445732,0.0012499999999999994,0.0008835126948063207
3:122573486:+,0.0012507530395027243,0.0009845855084600714,0.0010826354059152638,0.0008869342300445732,0.0012499999999999994,0.0019423460853454384
3:128071405:+,0.0012507530395027243,0.00120593894397823,0.0010826354059152638,0.0007765847039000059,0.003079752066115702,0.0008835126948063207
3:141948496:-,0.0012507530395027243,0.0009845855084600714,0.0010826354059152638,0.0008869342300445732,0.0012499999999999994,0.0008835126948063207
3:141949876:-,0.0012507530395027243,0.0009845855084600714,0.0010826354059152638,0.0008869342300445732,0.0012499999999999994,0.0008835126948063207
3:141950025:-,0.0012507530395027243,0.0009845855084600714,0.0010826354059152638,0.0008869342300445732,0.0012499999999999994,0.0008835126948063207
3:142160239:-,0.0012507530395027243,0.0009845855084600714,0.0010826354059152638,0.0008869342300445732,0.0012499999999999994,0.0008835126948063207
3:142160838:-,0.0012507530395027243,0.0009845855084600714,0.0010826354059152638,0.0008869342300445732,0.0012499999999999994,0.0008835126948063207
3:142160922:-,0.0012507530395027243,0.0009845855084600714,0.0010826354059152638,0.0008869342300445732,0.0012499999999999994,0.0008835126948063207
3:142160967:-,0.0012507530395027243,0.0009845855084600714,0.0010826354059152638,0.0008869342300445732,0.006201404115365156,0.0008835126948063207
3:142161013:-,0.0012507530395027243,0.0009845855084600714,0.0010826354059152638,0.0008869342300445732,0.0012499999999999994,0.0008835126948063207
3:142163777:-,0.0012507530395027243,0.0009845855084600714,0.0010826354059152638,0.0008869342300445732,0.0012499999999999994,0.0008835126948063207
3:150627663:+,0.0012507530395027243,0.0009845855084600714,0.0010826354059152638,0.0008869342300445732,0.0012499999999999994,0.0009043059468647249
3:15072147:-,0.0012507530395027243,0.0009845855084600714,0.0010826354059152638,0.0008869342300445732,0.0012499999999999994,0.0008835126948063207
3:15072186:-,0.0012507530395027243,0.0009845855084600714,0.0010826354059152638,0.0008869342300445732,0.0012499999999999994,0.0008835126948063207
3:156541439:-,0.0012507530395027243,0.0008426030290448714,0.0018376139992539277,0.0008869342300445732,0.0012499999999999994,0.0008835126948063207
3:156541617:-,0.0012507530395027243,0.0009845855084600714,0.0010826354059152638,0.0008869342300445732,0.0012499999999999994,0.0008835126948063207
3:179397622:-,0.0012507530395027243,0.0009845855084600714,0.0010826354059152638,0.0008869342300445732,0.0012499999999999994,0.0010391484823692523
3:179397782:-,0.0012507530395027243,0.0009845855084600714,0.0010826354059152638,0.0008869342300445732,0.0012499999999999994,0.0014689406586276496
3:179398209:-,0.0012507530395027243,0.0009845855084600714,0.0010826354059152638,0.0008869342300445732,0.0012499999999999994,0.0008835126948063207
3:183491237:-,0.0012507530395027243,0.0009845855084600714,0.0010826354059152638,0.0008869342300445732,0.0012499999999999994,0.0008835126948063207
3:183491273:-,0.0012507530395027243,0.0009845855084600714,0.0010826354059152638,0.0008869342300445732,0.0012499999999999994,0.0008835126948063207
3:32955481:+,0.0012507530395027243,0.0009845855084600714,0.0010826354059152638,0.0008869342300445732,0.0012499999999999994,0.0008835126948063207
3:32955738:+,0.0012507530395027243,0.0021836028870986096,0.0010826354059152638,0.0008869342300445732,0.0012499999999999994,0.0008835126948063207
3:32955793:+,0.0012507530395027243,0.0009845855084600714,0.0010826354059152638,0.0008869342300445732,0.0012499999999999994,0.0008835126948063207
3:32956061:+,0.0012507530395027243,0.0009845855084600714,0.0010826354059152638,0.0008869342300445732,0.0012499999999999994,0.0008835126948063207
3:38140548:+,0.0012507530395027243,0.0009845855084600714,0.0010826354059152638,0.0008869342300445732,0.0012499999999999994,0.0008835126948063207
3:45680343:+,0.0012507530395027243,0.0009845855084600714,0.0010826354059152638,0.0008869342300445732,0.0012499999999999994,0.0008835126948063207
3:45680550:+,0.0012507530395027243,0.0009845855084600714,0.0010826354059152638,0.0008869342300445732,0.0012499999999999994,0.0008835126948063207
3:45680562:+,0.0012507530395027243,0.0009845855084600714,0.0010826354059152638,0.0008869342300445732,0.0012499999999999994,0.0008835126948063207
3:48750422:-,0.0012507530395027243,0.008756755564147397,0.0010826354059152638,0.0008869342300445732,0.0012499999999999994,0.0008835126948063207
3:49415395:+,0.0012507530395027243,0.0009845855084600714,0.0010826354059152638,0.0008869342300445732,0.0012499999999999994,0.0008835126948063207
3:49423877:-,0.0012507530395027243,0.0009845855084600714,0.0010826354059152638,0.0008869342300445732,0.0012499999999999994,0.0008835126948063207
4:1386786:+,0.0012507530395027243,0.0009845855084600714,0.0010826354059152638,0.0008869342300445732,0.0012499999999999994,0.0008835126948063207
4:139045646:+,0.0012507530395027243,0.0009845855084600714,0.0010826354059152638,0.0008869342300445732,0.0012499999999999994,0.0008835126948063207
4:152622846:-,0.0012507530395027243,0.0009845855084600714,0.0010826354059152638,0.0008869342300445732,0.0012499999999999994,0.0008835126948063207
4:152622851:-,0.0012507530395027243,0.0009845855084600714,0.0010826354059152638,0.0008869342300445732,0.0012499999999999994,0.0008835126948063207
4:152622852:-,0.0012507530395027243,0.0009845855084600714,0.0010826354059152638,0.0008869342300445732,0.0012499999999999994,0.0006488485681088212
4:152622853:-,0.0012507530395027243,0.0009845855084600714,0.0010826354059152638,0.0008869342300445732,0.0012499999999999994,0.0021825763605774684
4:152622865:-,0.0012507530395027243,0.0009845855084600714,0.0010826354059152638,0.0008869342300445732,0.0012499999999999994,0.0006693051455220133
4:152622928:-,0.0012507530395027243,0.0009845855084600714,0.0010826354059152638,0.0008869342300445732,0.0012499999999999994,0.0006763210369626469
4:152622938:-,0.0012507530395027243,0.0009845855084600714,0.0010826354059152638,0.0008869342300445732,0.0012499999999999994,0.003279283166535237
4:152622951:-,0.0012507530395027243,0.0009845855084600714,0.0010826354059152638,0.0008869342300445732,0.0012499999999999994,0.0007772837845396401
4:152622980:-,0.0012507530395027243,0.0009845855084600714,0.0010826354059152638,0.0008869342300445732,0.0012499999999999994,0.0008835126948063207
4:152623028:-,0.0012507530395027243,0.0009845855084600714,0.0010826354059152638,0.0008869342300445732,0.0012499999999999994,0.0004602235680864474
4:152623053:-,0.0012507530395027243,0.0009845855084600714,0.0010826354059152638,0.0008869342300445732,0.0012499999999999994,0.00580778204145896
4:152623067:-,0.0012507530395027243,0.0009845855084600714,0.0010826354059152638,0.0008869342300445732,0.0012499999999999994,0.001057823841343829
4:152623117:-,0.0012507530395027243,0.0009845855084600714,0.0010826354059152638,0.0008869342300445732,0.0012499999999999994,0.0004826527769305013
4:152623606:-,0.0012507530395027243,0.0009845855084600714,0.0010826354059152638,0.0008869342300445732,0.0012499999999999994,0.0005160726375339571
4:152623661:-,0.0012507530395027243,0.0009845855084600714,0.0010826354059152638,0.0008869342300445732,0.0012499999999999994,0.003168039367978586
4:152623707:-,0.0012507530395027243,0.0009845855084600714,0.0010826354059152638,0.0008869342300445732,0.0012499999999999994,0.0026801192306450993
4:152623713:-,0.0012507530395027243,0.0009845855084600714,0.0010826354059152638,0.0008869342300445732,0.0012499999999999994,0.00044385674647898476
4:152623824:-,0.0012507530395027243,0.0009845855084600714,0.0010826354059152638,0.0008869342300445732,0.0012499999999999994,0.0008835126948063207
4:152623848:-,0.0012507530395027243,0.0009845855084600714,0.0010826354059152638,0.0008869342300445732,0.0012499999999999994,0.0008835126948063207
4:152624381:-,0.0012507530395027243,0.0009845855084600714,0.0010826354059152638,0.0008869342300445732,0.0012499999999999994,0.0005253243759204514
4:152624427:-,0.0012507530395027243,0.0009845855084600714,0.0010826354059152638,0.0008869342300445732,0.0012499999999999994,0.0015658241824230744
4:152624478:-,0.0012507530395027243,0.0009845855084600714,0.0010826354059152638,0.0008869342300445732,0.0012499999999999994,0.0008835126948063207
4:152624561:-,0.0012507530395027243,0.0009845855084600714,0.0010826354059152638,0.0008869342300445732,0.0012499999999999994,0.0008835126948063207
4:15732397:+,0.0012507530395027243,0.0009845855084600714,0.0010826354059152638,0.0008869342300445732,0.0012499999999999994,0.0008835126948063207
4:15849225:+,0.0012507530395027243,0.0009845855084600714,0.0010826354059152638,0.0008869342300445732,0.0012499999999999994,0.0008835126948063207
4:17626093:+,0.0012507530395027243,0.0009845855084600714,0.0010826354059152638,0.0008869342300445732,0.0012499999999999994,0.0008835126948063207
4:17801265:-,0.0012507530395027243,0.0009845855084600714,0.0010826354059152638,0.0008869342300445732,0.0012499999999999994,0.0008835126948063207
4:17801266:-,0.0012507530395027243,0.0009845855084600714,0.0010826354059152638,0.0008869342300445732,0.0012499999999999994,0.0008835126948063207
4:17801355:-,0.0012507530395027243,0.0009845855084600714,0.0010826354059152638,0.0008869342300445732,0.0012499999999999994,0.0008835126948063207
4:17801395:-,0.0012507530395027243,0.0009845855084600714,0.0010826354059152638,0.0008869342300445732,0.0012499999999999994,0.0008835126948063207
4:17802038:-,0.0012507530395027243,0.0009845855084600714,0.0010826354059152638,0.0008869342300445732,0.0012499999999999994,0.0008835126948063207
4:2833828:+,0.0012507530395027243,0.0009845855084600714,0.0010826354059152638,0.0008869342300445732,0.0012499999999999994,0.001742051342273902
4:2839660:+,0.0012507530395027243,0.0009845855084600714,0.0010826354059152638,0.0008869342300445732,0.0012499999999999994,0.0008835126948063207
4:2839706:+,0.0012507530395027243,0.0009845855084600714,0.0010826354059152638,0.0008869342300445732,0.0012499999999999994,0.0008835126948063207
4:2839792:+,0.006422361521281818,0.0009845855084600714,0.0010826354059152638,0.0008869342300445732,0.0012499999999999994,0.0008835126948063207
4:2839963:+,0.0006446132079631196,0.0009845855084600714,0.0010826354059152638,0.0008869342300445732,0.0012499999999999994,0.0008835126948063207
4:2839970:+,0.0012507530395027243,0.0009845855084600714,0.0010826354059152638,0.0060678931939938206,0.005673476454293628,0.001130650074054977
4:2840077:+,0.0012507530395027243,0.0009845855084600714,0.0010826354059152638,0.0017189773191039189,0.0012499999999999994,0.0008835126948063207
4:2840165:+,0.0012507530395027243,0.0009845855084600714,0.0010826354059152638,0.0008869342300445732,0.0012499999999999994,0.0008835126948063207
4:2840202:+,0.0012507530395027243,0.0009845855084600714,0.0010826354059152638,0.0008869342300445732,0.0012499999999999994,0.0008835126948063207
4:2938337:-,0.0012507530395027243,0.0009845855084600714,0.0010826354059152638,0.0008869342300445732,0.0012499999999999994,0.0008835126948063207
4:2938397:-,0.0012507530395027243,0.0009845855084600714,0.0010826354059152638,0.0008869342300445732,0.0012499999999999994,0.0008835126948063207
4:2938702:-,0.0012507530395027243,0.0009845855084600714,0.0010826354059152638,0.0008869342300445732,0.0012499999999999994,0.0008835126948063207
4:39549050:-,0.0012507530395027243,0.0009845855084600714,0.0010826354059152638,0.0008869342300445732,0.0012499999999999994,0.0008835126948063207
4:39549082:-,0.0012507530395027243,0.0009845855084600714,0.0010826354059152638,0.0008869342300445732,0.0012499999999999994,0.0008835126948063207
4:39549094:-,0.0006463570525684531,0.0009845855084600714,0.0010826354059152638,0.0008869342300445732,0.0012499999999999994,0.0008835126948063207
4:39549155:-,0.0033733152861748334,0.0009845855084600714,0.0010826354059152638,0.0008869342300445732,0.0012499999999999994,0.0008835126948063207
4:39549166:-,0.0012507530395027243,0.0009845855084600714,0.0010826354059152638,0.0008869342300445732,0.0012499999999999994,0.0008835126948063207
4:39549346:-,0.0012507530395027243,0.0009845855084600714,0.0010826354059152638,0.0008869342300445732,0.0012499999999999994,0.0008835126948063207
4:39549410:-,0.0037117962728377817,0.0009845855084600714,0.0010826354059152638,0.0008869342300445732,0.0012499999999999994,0.0008835126948063207
4:57110067:-,0.0012507530395027243,0.0009845855084600714,0.0010826354059152638,0.0008869342300445732,0.0007554057248113188,0.0008835126948063207
4:73057696:-,0.0012507530395027243,0.0009845855084600714,0.0010826354059152638,0.0008869342300445732,0.0012499999999999994,0.0008835126948063207
4:73057731:-,0.0012507530395027243,0.0009845855084600714,0.0010826354059152638,0.0008869342300445732,0.0012499999999999994,0.0008835126948063207
4:73742584:+,0.0012507530395027243,0.0009845855084600714,0.0010826354059152638,0.0008869342300445732,0.0012499999999999994,0.0008835126948063207
4:73742712:+,0.0012507530395027243,0.0009845855084600714,0.0010826354059152638,0.0008869342300445732,0.0012499999999999994,0.0008835126948063207
4:73742730:+,0.0012507530395027243,0.0009845855084600714,0.0010826354059152638,0.0006370810040269913,0.0012499999999999994,0.00046650567856163774
4:77048531:-,0.0012507530395027243,0.0009845855084600714,0.0010826354059152638,0.0008869342300445732,0.0012499999999999994,0.00047156692995897065
4:77056010:-,0.0012507530395027243,0.0009845855084600714,0.0010826354059152638,0.0008869342300445732,0.0012499999999999994,0.0005344893776338541
4:77058526:-,0.0012507530395027243,0.0004935186297976187,0.0010826354059152638,0.0008869342300445732,0.0012499999999999994,0.001044911317833702
4:83294325:-,0.0012507530395027243,0.0009845855084600714,0.0010826354059152638,0.025310331020347736,0.0012499999999999994,0.0008835126948063207
4:83294527:-,0.0012507530395027243,0.0009845855084600714,0.0010826354059152638,0.0008869342300445732,0.0012499999999999994,0.0008835126948063207
4:83294564:-,0.0012507530395027243,0.0009845855084600714,0.0010826354059152638,0.005876851888684838,0.0012499999999999994,0.0008835126948063207
4:83294643:-,0.0012507530395027243,0.0009845855084600714,0.0010826354059152638,0.0008869342300445732,0.0012499999999999994,0.0008835126948063207
4:83294650:-,0.0012507530395027243,0.0009845855084600714,0.0010826354059152638,0.0008869342300445732,0.0012499999999999994,0.0008835126948063207
4:83294697:-,0.0012507530395027243,0.0009845855084600714,0.0010826354059152638,0.0014766303803284088,0.0012499999999999994,0.0008835126948063207
4:83294757:-,0.0012507530395027243,0.0009845855084600714,0.0010826354059152638,0.0008869342300445732,0.0012499999999999994,0.0008835126948063207
4:83294836:-,0.0012507530395027243,0.0009845855084600714,0.0010826354059152638,0.0008869342300445732,0.0012499999999999994,0.0008835126948063207
4:83294883:-,0.0012507530395027243,0.0009845855084600714,0.0010826354059152638,0.0008869342300445732,0.0012499999999999994,0.0008835126948063207
4:83294981:-,0.0012507530395027243,0.0009845855084600714,0.0010826354059152638,0.0008869342300445732,0.0012499999999999994,0.0008835126948063207
4:83295015:-,0.0012507530395027243,0.0009845855084600714,0.0010826354059152638,0.0008523393036036019,0.0012499999999999994,0.0008835126948063207
5:109335496:-,0.0012507530395027243,0.0009845855084600714,0.0010826354059152638,0.0008869342300445732,0.0012499999999999994,0.0006398642855699778
5:119394842:+,0.0012507530395027243,0.0009845855084600714,0.0010826354059152638,0.0008869342300445732,0.0012499999999999994,0.0008835126948063207
5:119394868:+,0.0012507530395027243,0.0009845855084600714,0.0010826354059152638,0.0008869342300445732,0.0012499999999999994,0.0008835126948063207
5:131201061:+,0.0012507530395027243,0.0009845855084600714,0.0010826354059152638,0.0008869342300445732,0.0012499999999999994,0.0008835126948063207
5:131202580:+,0.0012507530395027243,0.0009845855084600714,0.0010826354059152638,0.0008869342300445732,0.0012499999999999994,0.0008835126948063207
5:143225440:+,0.0012507530395027243,0.0009845855084600714,0.0010826354059152638,0.0008869342300445732,0.0012499999999999994,0.0008835126948063207
5:143225870:+,0.0012507530395027243,0.0009845855084600714,0.0010826354059152638,0.0008869342300445732,0.0012499999999999994,0.004241758868674314
5:143226114:+,0.0012507530395027243,0.0009845855084600714,0.0010826354059152638,0.0008869342300445732,0.0012499999999999994,0.0008835126948063207
5:150402140:-,0.0012507530395027243,0.0009845855084600714,0.0010826354059152638,0.0008869342300445732,0.0012499999999999994,0.0010126908882243902
5:151268175:+,0.0012507530395027243,0.0009845855084600714,0.0010826354059152638,0.0005459110167417053,0.0012499999999999994,0.0008835126948063207
5:157309799:+,0.0012507530395027243,0.0009845855084600714,0.0010826354059152638,0.0008869342300445732,0.0012499999999999994,0.0008835126948063207
5:157477824:-,0.0012507530395027243,0.0009845855084600714,0.0010826354059152638,0.0008869342300445732,0.0012499999999999994,0.0008835126948063207
5:157477844:-,0.0012507530395027243,0.0009845855084600714,0.0010826354059152638,0.0008869342300445732,0.0012499999999999994,0.0008835126948063207
5:157477920:-,0.0012935237833230514,0.0009845855084600714,0.0010826354059152638,0.0008869342300445732,0.0012499999999999994,0.0008835126948063207
5:157477936:-,0.0012507530395027243,0.0009845855084600714,0.0010826354059152638,0.0008869342300445732,0.0012499999999999994,0.0008835126948063207
5:157477938:-,0.0007975452656398473,0.0009845855084600714,0.0010826354059152638,0.0008869342300445732,0.0012499999999999994,0.0008835126948063207
5:157477941:-,0.000662107465573217,0.0009845855084600714,0.0010826354059152638,0.0008869342300445732,0.0012499999999999994,0.0008835126948063207
5:157478364:-,0.0006390939408761906,0.0009845855084600714,0.0010826354059152638,0.0008869342300445732,0.0012499999999999994,0.0008835126948063207
5:157478387:-,0.0021778411725257582,0.0009845855084600714,0.0010826354059152638,0.0008869342300445732,0.0012499999999999994,0.0008835126948063207
5:157478389:-,0.002771431872365781,0.0009845855084600714,0.0010826354059152638,0.0008869342300445732,0.0012499999999999994,0.0008835126948063207
5:157478402:-,0.0018579929854642464,0.0009845855084600714,0.0010826354059152638,0.0008869342300445732,0.0012499999999999994,0.0008835126948063207
5:157478436:-,0.0012507530395027243,0.0009845855084600714,0.0010826354059152638,0.0008869342300445732,0.0012499999999999994,0.0008835126948063207
5:157478484:-,0.0012507530395027243,0.0009845855084600714,0.0010826354059152638,0.0008869342300445732,0.0012499999999999994,0.0008835126948063207
5:157478552:-,0.0012507530395027243,0.0009845855084600714,0.0010826354059152638,0.0008869342300445732,0.0012499999999999994,0.0008835126948063207
5:157478557:-,0.0009294083689552265,0.0009845855084600714,0.0010826354059152638,0.0008869342300445732,0.0012499999999999994,0.0008835126948063207
5:172043056:-,0.0012507530395027243,0.0009845855084600714,0.0010826354059152638,0.0008869342300445732,0.0012499999999999994,0.0008835126948063207
5:55940134:+,0.0012507530395027243,0.006417024865831638,0.0010826354059152638,0.0008869342300445732,0.0012499999999999994,0.0008835126948063207
5:65668352:-,0.0012507530395027243,0.0009845855084600714,0.0010826354059152638,0.0008869342300445732,0.0012499999999999994,0.0008835126948063207
5:65668392:-,0.0012507530395027243,0.0009845855084600714,0.0010826354059152638,0.0008869342300445732,0.0012499999999999994,0.0008835126948063207
5:69280912:-,0.0012507530395027243,0.0009845855084600714,0.0010826354059152638,0.0008869342300445732,0.0012499999999999994,0.0008835126948063207
5:79685799:+,0.0012507530395027243,0.0009845855084600714,0.0010826354059152638,0.0008869342300445732,0.0012499999999999994,0.0015438257422318333
5:96917784:+,0.0012507530395027243,0.0009845855084600714,0.0010826354059152638,0.0008869342300445732,0.0012499999999999994,0.0008835126948063207
6:109463123:-,0.0012507530395027243,0.0009845855084600714,0.0010826354059152638,0.0008869342300445732,0.0012499999999999994,0.0008835126948063207
6:134170114:-,0.0012507530395027243,0.0009845855084600714,0.0010826354059152638,0.0008869342300445732,0.0012499999999999994,0.0016988669814850298
6:149449356:-,0.0012507530395027243,0.0009845855084600714,0.0010826354059152638,0.0008869342300445732,0.0012499999999999994,0.0008835126948063207
6:149449360:-,0.004770504371821033,0.0009845855084600714,0.0010826354059152638,0.0008869342300445732,0.0012499999999999994,0.0008835126948063207
6:149449361:-,0.000917720954082774,0.0009845855084600714,0.0010826354059152638,0.0008869342300445732,0.0012499999999999994,0.0008835126948063207
6:149449381:-,0.005069820964195805,0.0019715826950584383,0.0010826354059152638,0.0008869342300445732,0.0012499999999999994,0.0008835126948063207
6:149449710:-,0.0012507530395027243,0.0009845855084600714,0.0010826354059152638,0.0008869342300445732,0.0012499999999999994,0.0008835126948063207
6:149591170:+,0.0012507530395027243,0.0009845855084600714,0.0010826354059152638,0.0008869342300445732,0.0012499999999999994,0.0008835126948063207
6:25986438:+,0.0012507530395027243,0.0009845855084600714,0.0010826354059152638,0.0008869342300445732,0.0012499999999999994,0.0008835126948063207
6:35575355:-,0.0012507530395027243,0.0009845855084600714,0.0010826354059152638,0.0008869342300445732,0.0012499999999999994,0.0027196489093866314
6:36140564:+,0.0012507530395027243,0.0009845855084600714,0.0010826354059152638,0.0008869342300445732,0.0012499999999999994,0.0007064023033107631
6:36140914:+,0.0012507530395027243,0.0009845855084600714,0.0006337733242594069,0.0008869342300445732,0.0012499999999999994,0.0040907899399692995
6:36141022:+,0.0012507530395027243,0.0009845855084600714,0.0010826354059152638,0.0008869342300445732,0.0012499999999999994,0.0007731224589757513
6:36141035:+,0.0012507530395027243,0.0009845855084600714,0.0010826354059152638,0.0008869342300445732,0.0012499999999999994,0.0014384957585601853
6:36141062:+,0.0012507530395027243,0.0009845855084600714,0.0010826354059152638,0.0008869342300445732,0.0012499999999999994,0.0013286678621706152
6:36141666:+,0.0012507530395027243,0.0009845855084600714,0.0010826354059152638,0.0008869342300445732,0.0012499999999999994,0.0008835126948063207
6:36144101:+,0.0012507530395027243,0.0009845855084600714,0.0010826354059152638,0.0008869342300445732,0.0012499999999999994,0.0008835126948063207
6:36495067:-,0.0012507530395027243,0.0009845855084600714,0.0010826354059152638,0.0008869342300445732,0.0012499999999999994,0.0014183188474031602
6:37028685:+,0.0012507530395027243,0.0009845855084600714,0.0010826354059152638,0.0008869342300445732,0.0012499999999999994,0.0008835126948063207
6:407707:+,0.0012507530395027243,0.0009845855084600714,0.0010826354059152638,0.0008869342300445732,0.0012499999999999994,0.0008835126948063207
6:42079687:+,0.0012507530395027243,0.0009845855084600714,0.0010826354059152638,0.0008869342300445732,0.0012499999999999994,0.0008835126948063207
6:42080537:+,0.0012507530395027243,0.0009845855084600714,0.0010826354059152638,0.0008869342300445732,0.0012499999999999994,0.0008835126948063207
6:42256770:-,0.0012507530395027243,0.0009845855084600714,0.0010826354059152638,0.0008869342300445732,0.0012499999999999994,0.0005801646519014302
6:42691943:+,0.0012507530395027243,0.0009845855084600714,0.0010826354059152638,0.0008869342300445732,0.0012499999999999994,0.0008835126948063207
6:42888240:+,0.0012507530395027243,0.0009845855084600714,0.0010826354059152638,0.0008869342300445732,0.0012499999999999994,0.0008835126948063207
6:42888591:+,0.0012507530395027243,0.0009845855084600714,0.0010826354059152638,0.0008869342300445732,0.0012499999999999994,0.0008835126948063207
6:42889397:+,0.0012507530395027243,0.0009845855084600714,0.0010826354059152638,0.0008869342300445732,0.0012499999999999994,0.0008835126948063207
6:63211926:+,0.0012507530395027243,0.0009845855084600714,0.0010826354059152638,0.0005565104496767984,0.0012499999999999994,0.005264287211600692
7:100399967:+,0.0012507530395027243,0.0009845855084600714,0.0010826354059152638,0.0008869342300445732,0.0012499999999999994,0.000460847388802134
7:101092132:+,0.0012507530395027243,0.0009845855084600714,0.0010826354059152638,0.0008869342300445732,0.0012499999999999994,0.0008835126948063207
7:102448589:+,0.0012507530395027243,0.0009845855084600714,0.0010826354059152638,0.0008869342300445732,0.0012499999999999994,0.0005112007918476048
7:102449381:+,0.0012507530395027243,0.0009845855084600714,0.0010826354059152638,0.0008869342300445732,0.0012499999999999994,0.0008835126948063207
7:102449810:+,0.0012507530395027243,0.0009845855084600714,0.0010826354059152638,0.0008869342300445732,0.0012499999999999994,0.0008835126948063207
7:102449913:+,0.0012507530395027243,0.0009845855084600714,0.0010826354059152638,0.0008869342300445732,0.0012499999999999994,0.0008835126948063207
7:102451079:+,0.0012507530395027243,0.0009845855084600714,0.0010826354059152638,0.0008869342300445732,0.0012499999999999994,0.0008835126948063207
7:102452878:+,0.0012507530395027243,0.0009845855084600714,0.0010826354059152638,0.0008869342300445732,0.0012499999999999994,0.0008835126948063207
7:102452937:+,0.0012507530395027243,0.0009845855084600714,0.0010826354059152638,0.0008869342300445732,0.0012499999999999994,0.0005834797034122306
7:102453345:+,0.0012507530395027243,0.0009845855084600714,0.0010826354059152638,0.0008869342300445732,0.0012499999999999994,0.0005244009755023339
7:102454179:+,0.0012507530395027243,0.0009845855084600714,0.0010826354059152638,0.0008869342300445732,0.0012499999999999994,0.0008835126948063207
7:102454184:+,0.0012507530395027243,0.0009845855084600714,0.0010826354059152638,0.0008869342300445732,0.0012499999999999994,0.0008835126948063207
7:102454913:+,0.0012507530395027243,0.0009845855084600714,0.0010826354059152638,0.0008869342300445732,0.0012499999999999994,0.0008835126948063207
7:102456453:+,0.0012507530395027243,0.0009845855084600714,0.0010826354059152638,0.0008869342300445732,0.0012499999999999994,0.0008835126948063207
7:102637153:-,0.0012507530395027243,0.0009845855084600714,0.0010826354059152638,0.0008869342300445732,0.0012499999999999994,0.0008835126948063207
7:102637213:-,0.0012507530395027243,0.0009845855084600714,0.0010826354059152638,0.0008869342300445732,0.0012499999999999994,0.0008835126948063207
7:102637230:-,0.0012507530395027243,0.0005160417520223289,0.0010826354059152638,0.0008869342300445732,0.0012499999999999994,0.0008835126948063207
7:102637274:-,0.0012507530395027243,0.0009845855084600714,0.0010826354059152638,0.0008869342300445732,0.0012499999999999994,0.0008835126948063207
7:102637284:-,0.0012507530395027243,0.0009845855084600714,0.0010826354059152638,0.0008869342300445732,0.0012499999999999994,0.0008835126948063207
7:102637313:-,0.0012507530395027243,0.0009845855084600714,0.0010826354059152638,0.0008869342300445732,0.0012499999999999994,0.0008835126948063207
7:102637333:-,0.0012507530395027243,0.0009845855084600714,0.0010826354059152638,0.0008869342300445732,0.0012499999999999994,0.0008835126948063207
7:139047444:-,0.0012507530395027243,0.0009845855084600714,0.0010826354059152638,0.0008869342300445732,0.0012499999999999994,0.0008835126948063207
7:156970053:+,0.0012507530395027243,0.0009845855084600714,0.0010826354059152638,0.0008869342300445732,0.0012499999999999994,0.0008835126948063207
7:17344729:+,0.0012507530395027243,0.0009845855084600714,0.0010826354059152638,0.001453707372230492,0.0012499999999999994,0.0008835126948063207
7:17344812:+,0.0012507530395027243,0.0009845855084600714,0.0010826354059152638,0.0004461940931517755,0.0012499999999999994,0.0008835126948063207
7:17344889:+,0.0012507530395027243,0.0009845855084600714,0.0010826354059152638,0.0008869342300445732,0.0012499999999999994,0.0008835126948063207
7:17345061:+,0.0012507530395027243,0.0009845855084600714,0.0010826354059152638,0.0008869342300445732,0.0012499999999999994,0.0008835126948063207
7:17345105:+,0.0012507530395027243,0.0009845855084600714,0.0010826354059152638,0.0010776406068589484,0.0012499999999999994,0.0008835126948063207
7:17345149:+,0.0012507530395027243,0.0009845855084600714,0.0010826354059152638,0.000699031353608351,0.0012499999999999994,0.0008835126948063207
7:17345193:+,0.0012507530395027243,0.0009845855084600714,0.0010826354059152638,0.001023971028127812,0.0012499999999999994,0.0008835126948063207
7:17345255:+,0.0012507530395027243,0.0009845855084600714,0.0010826354059152638,0.0012140024759810745,0.0012499999999999994,0.0008835126948063207
7:17345257:+,0.0012507530395027243,0.0009845855084600714,0.0005413177029576319,0.0010243177084991424,0.0012499999999999994,0.0008835126948063207
7:17345262:+,0.0012507530395027243,0.0009845855084600714,0.0010826354059152638,0.0005304108891147877,0.0012499999999999994,0.0008835126948063207
7:35633383:-,0.0012507530395027243,0.0009845855084600714,0.0010826354059152638,0.0008869342300445732,0.0012499999999999994,0.0008835126948063207
7:39950702:+,0.0012507530395027243,0.0009845855084600714,0.0010826354059152638,0.0008869342300445732,0.0012499999999999994,0.0008835126948063207
7:39950744:+,0.0012507530395027243,0.0009845855084600714,0.0010826354059152638,0.0008869342300445732,0.0012499999999999994,0.0008835126948063207
7:39950927:+,0.002539439019751362,0.0009845855084600714,0.0010826354059152638,0.0008869342300445732,0.0012499999999999994,0.0008835126948063207
7:39950978:+,0.0012507530395027243,0.0009845855084600714,0.0010826354059152638,0.0008869342300445732,0.0012499999999999994,0.0008835126948063207
7:39950990:+,0.0011388221524399654,0.0009845855084600714,0.0010826354059152638,0.0008869342300445732,0.0012499999999999994,0.0008835126948063207
7:44578827:-,0.0012507530395027243,0.0009845855084600714,0.0010826354059152638,0.0008869342300445732,0.0012499999999999994,0.0008835126948063207
7:44801787:+,0.0012507530395027243,0.0009845855084600714,0.0010826354059152638,0.0008869342300445732,0.0012499999999999994,0.0008835126948063207
7:44801919:+,0.0012507530395027243,0.00100882167984987,0.0010826354059152638,0.0008869342300445732,0.0012499999999999994,0.0008835126948063207
7:44801989:+,0.0008612374665492468,0.0005407814235268331,0.0019644016702262913,0.0008869342300445732,0.0012499999999999994,0.0008835126948063207
7:44802248:+,0.0012507530395027243,0.002903804233821873,0.0010826354059152638,0.0007623446660426944,0.029978513619247894,0.0008835126948063207
7:44802257:+,0.0012507530395027243,0.0009845855084600714,0.0010826354059152638,0.0008869342300445732,0.0012499999999999994,0.0008835126948063207
7:44802331:+,0.0012507530395027243,0.0009845855084600714,0.0010826354059152638,0.0008869342300445732,0.0012499999999999994,0.0008835126948063207
7:44802370:+,0.0012507530395027243,0.0009845855084600714,0.0010826354059152638,0.0008869342300445732,0.0012499999999999994,0.0008835126948063207
7:44802499:+,0.0018612262518010452,0.002905072681211373,0.0035123416010442226,0.0021317866522222446,0.008779464816942965,0.0008835126948063207
7:44832905:-,0.0012507530395027243,0.0009845855084600714,0.0010826354059152638,0.0008869342300445732,0.0012499999999999994,0.0008835126948063207
7:44833227:-,0.0012507530395027243,0.0009845855084600714,0.0010826354059152638,0.0008869342300445732,0.0012499999999999994,0.0008835126948063207
7:44833452:-,0.0012507530395027243,0.0009845855084600714,0.0010826354059152638,0.0008869342300445732,0.0012499999999999994,0.0008835126948063207
7:5621314:-,0.0012507530395027243,0.0009845855084600714,0.0010826354059152638,0.0008869342300445732,0.0012499999999999994,0.0008835126948063207
7:5622560:-,0.0012507530395027243,0.0009845855084600714,0.0010826354059152638,0.0008869342300445732,0.0012499999999999994,0.0007195341251809381
7:66153558:+,0.0012507530395027243,0.0009845855084600714,0.0010826354059152638,0.0008869342300445732,0.0012499999999999994,0.0008835126948063207
7:66153601:+,0.0012507530395027243,0.0009845855084600714,0.0010826354059152638,0.0008869342300445732,0.0012499999999999994,0.0008835126948063207
7:66153798:+,0.0012507530395027243,0.0009845855084600714,0.0010826354059152638,0.0008869342300445732,0.0012499999999999994,0.0008835126948063207
7:66153992:+,0.0012507530395027243,0.0009845855084600714,0.0010826354059152638,0.0008869342300445732,0.0012499999999999994,0.0008835126948063207
7:66154040:+,0.0012507530395027243,0.0009845855084600714,0.0010826354059152638,0.0008869342300445732,0.0012499999999999994,0.0008835126948063207
7:66154341:+,0.0012507530395027243,0.0009845855084600714,0.0010826354059152638,0.0008869342300445732,0.0006760204081632648,0.0008835126948063207
7:66154378:+,0.0012507530395027243,0.0009845855084600714,0.0010826354059152638,0.0008869342300445732,0.0012499999999999994,0.0008835126948063207
7:7245841:+,0.0012507530395027243,0.0009845855084600714,0.0010826354059152638,0.0008869342300445732,0.0012499999999999994,0.0008835126948063207
7:7246187:+,0.0012507530395027243,0.0009845855084600714,0.0010826354059152638,0.0008869342300445732,0.0012499999999999994,0.0008835126948063207
7:7246204:+,0.0012507530395027243,0.0009845855084600714,0.0010826354059152638,0.0008869342300445732,0.0012499999999999994,0.0008835126948063207
7:88277747:-,0.0012507530395027243,0.0009845855084600714,0.0010826354059152638,0.0008869342300445732,0.0012499999999999994,0.0008835126948063207
7:99574489:+,0.0012507530395027243,0.0009845855084600714,0.0010826354059152638,0.0008869342300445732,0.0012499999999999994,0.0008835126948063207
7:99574502:+,0.0012507530395027243,0.0009845855084600714,0.0010826354059152638,0.0008869342300445732,0.0012499999999999994,0.0008835126948063207
7:99574503:+,0.002795779378437369,0.0014814956249207959,0.0029583644113259132,0.0014125561189670594,0.0007634083044982696,0.0008835126948063207
7:99575318:+,0.0012507530395027243,0.0009845855084600714,0.0010826354059152638,0.0008869342300445732,0.0012499999999999994,0.0008835126948063207
8:102829408:-,0.0012507530395027243,0.0009845855084600714,0.0010826354059152638,0.0008869342300445732,0.0012499999999999994,0.0006026874108438763
8:11842703:-,0.0012507530395027243,0.0009845855084600714,0.0010826354059152638,0.002064419555819834,0.0012499999999999994,0.0008835126948063207
8:11842708:-,0.0012507530395027243,0.0009845855084600714,0.0010826354059152638,0.0008869342300445732,0.0012499999999999994,0.0008835126948063207
8:11842721:-,0.0012507530395027243,0.0009845855084600714,0.0010826354059152638,0.00343798242128105,0.0012499999999999994,0.0008835126948063207
8:11842733:-,0.0012507530395027243,0.0009845855084600714,0.0010826354059152638,0.000457902495331042,0.0012499999999999994,0.0008835126948063207
8:11842741:-,0.0012507530395027243,0.0009845855084600714,0.0010826354059152638,0.0008869342300445732,0.0012499999999999994,0.0008835126948063207
8:11842744:-,0.0012507530395027243,0.0009845855084600714,0.0010826354059152638,0.0008869342300445732,0.0012499999999999994,0.0008835126948063207
8:11842751:-,0.0012507530395027243,0.0009845855084600714,0.0010826354059152638,0.0015081544353387855,0.0012499999999999994,0.0008835126948063207
8:11842774:-,0.0012507530395027243,0.0009845855084600714,0.0010826354059152638,0.0008869342300445732,0.0012499999999999994,0.0008835126948063207
8:11842853:-,0.0012507530395027243,0.0009845855084600714,0.0010826354059152638,0.0021881296057266355,0.0012499999999999994,0.0008835126948063207
8:11842863:-,0.0012507530395027243,0.0009845855084600714,0.0010826354059152638,0.0008869342300445732,0.0012499999999999994,0.0008835126948063207
8:11842909:-,0.0012507530395027243,0.0009845855084600714,0.0010826354059152638,0.0008869342300445732,0.0012499999999999994,0.0008835126948063207
8:11843016:-,0.0012507530395027243,0.0009845855084600714,0.0010826354059152638,0.0008869342300445732,0.0012499999999999994,0.0008835126948063207
8:11843166:-,0.0012507530395027243,0.0009845855084600714,0.0010826354059152638,0.003582434901764867,0.0012499999999999994,0.0008835126948063207
8:11843167:-,0.0012507530395027243,0.0009845855084600714,0.0010826354059152638,0.0008869342300445732,0.0012499999999999994,0.0008835126948063207
8:11843175:-,0.0012507530395027243,0.0009845855084600714,0.0010826354059152638,0.0021795782261333978,0.0012499999999999994,0.0008835126948063207
8:11843813:-,0.0012507530395027243,0.0009845855084600714,0.0010826354059152638,0.0008869342300445732,0.0012499999999999994,0.0008835126948063207
8:11843847:-,0.0012507530395027243,0.0009845855084600714,0.0010826354059152638,0.0008421685804994123,0.0012499999999999994,0.0008835126948063207
8:11843909:-,0.0012507530395027243,0.0009845855084600714,0.0010826354059152638,0.0008869342300445732,0.0012499999999999994,0.0008835126948063207
8:11843919:-,0.0012507530395027243,0.0009845855084600714,0.0010826354059152638,0.0029572703122056265,0.0012499999999999994,0.0008835126948063207
8:11843931:-,0.0012507530395027243,0.004523534880710257,0.0010826354059152638,0.0032502001023348593,0.0012499999999999994,0.0008835126948063207
8:11843948:-,0.0012507530395027243,0.0009845855084600714,0.0010826354059152638,0.004865112391106092,0.0012499999999999994,0.0008835126948063207
8:11843970:-,0.0012507530395027243,0.0009845855084600714,0.0010826354059152638,0.0008869342300445732,0.0012499999999999994,0.0008835126948063207
8:11843994:-,0.0012507530395027243,0.0009845855084600714,0.0010826354059152638,0.0008869342300445732,0.0012499999999999994,0.0008835126948063207
8:11843999:-,0.0012507530395027243,0.0009845855084600714,0.0010826354059152638,0.001447899247986276,0.0012499999999999994,0.0008835126948063207
8:11844020:-,0.0012507530395027243,0.0009845855084600714,0.0010826354059152638,0.000485408225107441,0.0012499999999999994,0.0008835126948063207
8:11844026:-,0.0012507530395027243,0.0009845855084600714,0.0010826354059152638,0.000823380751690095,0.0012499999999999994,0.0008835126948063207
8:30678435:-,0.0012507530395027243,0.0009845855084600714,0.0010826354059152638,0.009689029245199803,0.0018348298676748582,0.005478881491578477
8:30678462:-,0.0012507530395027243,0.0006716613766790151,0.0010826354059152638,0.03021866848612303,0.0012499999999999994,0.000526234072316655
8:30678560:-,0.0012507530395027243,0.0009845855084600714,0.0010826354059152638,0.0027041931233036318,0.002464737120338331,0.0019928406443531833
8:30678607:-,0.0012507530395027243,0.0009845855084600714,0.0010826354059152638,0.0008869342300445732,0.0012499999999999994,0.0004609930356149178
8:30678892:-,0.0012507530395027243,0.0009845855084600714,0.0010826354059152638,0.0008869342300445732,0.0012499999999999994,0.0008835126948063207
8:30678932:-,0.0012507530395027243,0.0009845855084600714,0.0010826354059152638,0.0008869342300445732,0.0012499999999999994,0.0005214757351582626
8:30679085:-,0.0012507530395027243,0.0009845855084600714,0.0010826354059152638,0.0008869342300445732,0.0012499999999999994,0.0008835126948063207
8:38264244:-,0.0012507530395027243,0.0009845855084600714,0.0010826354059152638,0.0008869342300445732,0.0012499999999999994,0.0008835126948063207
8:38970717:+,0.0012507530395027243,0.0009845855084600714,0.0010826354059152638,0.0008869342300445732,0.0012499999999999994,0.0008835126948063207
8:38970747:+,0.000633452602699809,0.0009845855084600714,0.0010826354059152638,0.0008869342300445732,0.0012499999999999994,0.0017172665514847926
8:38971691:+,0.0012507530395027243,0.0009845855084600714,0.0010826354059152638,0.0008869342300445732,0.0012499999999999994,0.0008835126948063207
8:38971700:+,0.0012507530395027243,0.0009845855084600714,0.0010826354059152638,0.0008869342300445732,0.0012499999999999994,0.0008835126948063207
8:38971825:+,0.000967709123020984,0.0009845855084600714,0.0010826354059152638,0.0008869342300445732,0.00654215976331361,0.0007941750926790486
8:38971933:+,0.0012507530395027243,0.0009845855084600714,0.0010826354059152638,0.0008869342300445732,0.0012499999999999994,0.0008835126948063207
8:38972217:+,0.0014098604703864153,0.0009845855084600714,0.0029528291825494683,0.0008869342300445732,0.000854568411386593,0.0006983424948930672
8:38972234:+,0.0021194730309765384,0.0009845855084600714,0.0010826354059152638,0.0008869342300445732,0.0012499999999999994,0.0008835126948063207
8:38972255:+,0.0008686764086283821,0.0009845855084600714,0.0010826354059152638,0.0008869342300445732,0.0011876823314159455,0.0036054960168246473
8:38972290:+,0.000698507443964173,0.0009845855084600714,0.0010826354059152638,0.0008869342300445732,0.0012499999999999994,0.0008835126948063207
8:38972458:+,0.0006253765197513621,0.0009845855084600714,0.0010826354059152638,0.0008869342300445732,0.0012499999999999994,0.0008835126948063207
8:38972976:+,0.0012507530395027243,0.0009845855084600714,0.0010826354059152638,0.0008869342300445732,0.0012499999999999994,0.0008835126948063207
8:38973016:+,0.0012507530395027243,0.0009845855084600714,0.0010826354059152638,0.0008869342300445732,0.0012499999999999994,0.00044175634740316035
8:38973066:+,0.0006422787671728487,0.0009845855084600714,0.0010826354059152638,0.0008869342300445732,0.000643389708824706,0.0008835126948063207
8:97728665:+,0.0012507530395027243,0.0009845855084600714,0.0010826354059152638,0.0008869342300445732,0.0012499999999999994,0.0008835126948063207
8:97728671:+,0.0012507530395027243,0.0009845855084600714,0.0010826354059152638,0.0008869342300445732,0.0012499999999999994,0.0008835126948063207
8:97729161:+,0.0012507530395027243,0.0009845855084600714,0.0010826354059152638,0.0008869342300445732,0.0012499999999999994,0.0008835126948063207
8:97729188:+,0.0012507530395027243,0.0009845855084600714,0.0010826354059152638,0.0008869342300445732,0.0012499999999999994,0.0008835126948063207
9:112224150:-,0.0012507530395027243,0.0009845855084600714,0.0010826354059152638,0.0008869342300445732,0.0012499999999999994,0.0005798010572218667
9:114337101:-,0.0012507530395027243,0.0009845855084600714,0.0010826354059152638,0.0008869342300445732,0.0012499999999999994,0.0004634814264034476
9:120601926:-,0.0012507530395027243,0.0009845855084600714,0.0010826354059152638,0.0008869342300445732,0.0012499999999999994,0.00046859859482785155
9:123380441:-,0.0012507530395027243,0.0009845855084600714,0.0010826354059152638,0.0008869342300445732,0.0012499999999999994,0.0008835126948063207
9:129809391:+,0.0012507530395027243,0.0009845855084600714,0.0010826354059152638,0.0008869342300445732,0.0012499999999999994,0.0008835126948063207
9:131497876:+,0.0012507530395027243,0.0005967277046131835,0.0010826354059152638,0.0008869342300445732,0.0012499999999999994,0.0008835126948063207
9:133362695:-,0.0012507530395027243,0.0007278854862029159,0.0006448683896831527,0.0005529943646759044,0.000625413347971583,0.005738325174253299
9:134905623:-,0.0012507530395027243,0.0009845855084600714,0.0010826354059152638,0.0014323578779390236,0.0012499999999999994,0.0008835126948063207
9:134906088:-,0.0012507530395027243,0.0009845855084600714,0.0010826354059152638,0.0008869342300445732,0.0012499999999999994,0.0008835126948063207
9:134906133:-,0.0012507530395027243,0.0009845855084600714,0.0010826354059152638,0.0007148225023187231,0.0012499999999999994,0.0008835126948063207
9:134906167:-,0.0012507530395027243,0.0009845855084600714,0.0010826354059152638,0.0008869342300445732,0.0012499999999999994,0.0008835126948063207
9:134906213:-,0.0012507530395027243,0.0009845855084600714,0.0010826354059152638,0.0007578502212059365,0.0012499999999999994,0.0008835126948063207
9:134906813:-,0.0012507530395027243,0.0009845855084600714,0.0010826354059152638,0.0008869342300445732,0.0012499999999999994,0.0008835126948063207
9:134906826:-,0.0012507530395027243,0.0009845855084600714,0.0010826354059152638,0.0008869342300445732,0.0012499999999999994,0.0008835126948063207
9:134907065:-,0.0012507530395027243,0.0009845855084600714,0.0010826354059152638,0.0008869342300445732,0.0012499999999999994,0.0008835126948063207
9:136441102:-,0.0012507530395027243,0.0009845855084600714,0.0010826354059152638,0.0008869342300445732,0.0012499999999999994,0.0008835126948063207
9:136441170:-,0.0012507530395027243,0.0009845855084600714,0.0010826354059152638,0.0008869342300445732,0.0012499999999999994,0.0008835126948063207
9:32456319:-,0.0012507530395027243,0.0009845855084600714,0.0010826354059152638,0.0008869342300445732,0.0012499999999999994,0.007937867739618451
9:32456414:-,0.0012507530395027243,0.0009845855084600714,0.0010826354059152638,0.0008869342300445732,0.0012499999999999994,0.0008835126948063207
9:32456450:-,0.0012507530395027243,0.0009845855084600714,0.0010826354059152638,0.0008869342300445732,0.0012499999999999994,0.0040640128631781935
9:32456454:-,0.0012507530395027243,0.0009845855084600714,0.0010826354059152638,0.0008869342300445732,0.0012499999999999994,0.0008835126948063207
9:37503348:+,0.0012507530395027243,0.0007786832867744146,0.0010826354059152638,0.0008869342300445732,0.0012499999999999994,0.0008835126948063207
9:37503369:+,0.0012507530395027243,0.0009845855084600714,0.0010826354059152638,0.0008869342300445732,0.0012499999999999994,0.0008835126948063207
9:37503394:+,0.0012507530395027243,0.0004947039266385077,0.0006748494406291548,0.0008869342300445732,0.0012499999999999994,0.0008835126948063207
9:37503492:+,0.0012507530395027243,0.0009845855084600714,0.0010826354059152638,0.0008869342300445732,0.0012499999999999994,0.0008835126948063207
9:37503540:+,0.0012507530395027243,0.0009845855084600714,0.0010826354059152638,0.0008869342300445732,0.0012499999999999994,0.0008835126948063207
9:78272287:+,0.0012507530395027243,0.0009845855084600714,0.0010826354059152638,0.0008869342300445732,0.0012499999999999994,0.0008835126948063207
9:86027282:-,0.0012507530395027243,0.0009845855084600714,0.0010826354059152638,0.0008869342300445732,0.0012499999999999994,0.0008835126948063207
X:101009677:-,0.0012507530395027243,0.0009845855084600714,0.0010826354059152638,0.0008869342300445732,0.0012499999999999994,0.0008835126948063207
X:101009678:-,0.0012507530395027243,0.0009845855084600714,0.0010826354059152638,0.0008869342300445732,0.0012499999999999994,0.0008835126948063207
X:101010295:-,0.0012507530395027243,0.0009603493370702726,0.0010826354059152638,0.0008869342300445732,0.0012499999999999994,0.0008835126948063207
X:101010359:-,0.0012507530395027243,0.0009845855084600714,0.0010826354059152638,0.0008869342300445732,0.0012499999999999994,0.0008835126948063207
X:108077913:+,0.0012507530395027243,0.0009845855084600714,0.0010826354059152638,0.0008869342300445732,0.0012499999999999994,0.0008835126948063207
X:110174104:+,0.0012507530395027243,0.0009845855084600714,0.0010826354059152638,0.0008869342300445732,0.0012499999999999994,0.0020979294050070593
X:119539274:-,0.0012507530395027243,0.0009845855084600714,0.0010826354059152638,0.0008869342300445732,0.0012499999999999994,0.0008835126948063207
X:123913014:+,0.0012507530395027243,0.0009845855084600714,0.0010826354059152638,0.0008869342300445732,0.0012499999999999994,0.0008835126948063207
X:123913261:+,0.0012507530395027243,0.0009845855084600714,0.0010826354059152638,0.0008869342300445732,0.0012499999999999994,0.0008835126948063207
X:123913275:+,0.0012507530395027243,0.0009845855084600714,0.0010826354059152638,0.0008869342300445732,0.0012499999999999994,0.0008835126948063207
X:123913444:+,0.0012507530395027243,0.0009845855084600714,0.0010826354059152638,0.0008869342300445732,0.0012499999999999994,0.0008835126948063207
X:12922710:+,0.0012507530395027243,0.0009845855084600714,0.0010826354059152638,0.0008869342300445732,0.0012499999999999994,0.0008000688068477519
X:12922721:+,0.0012507530395027243,0.0009845855084600714,0.0010826354059152638,0.0008869342300445732,0.0012499999999999994,0.0008835126948063207
X:12922725:+,0.0012507530395027243,0.0009845855084600714,0.0010826354059152638,0.0008869342300445732,0.0012499999999999994,0.0004508037841033428
X:154011114:-,0.0012507530395027243,0.0009845855084600714,0.0010826354059152638,0.0008869342300445732,0.0012499999999999994,0.0008835126948063207
X:154011235:-,0.0012507530395027243,0.0009845855084600714,0.0010826354059152638,0.0008869342300445732,0.0012499999999999994,0.0008835126948063207
X:154011308:-,0.0012507530395027243,0.0009845855084600714,0.0010826354059152638,0.0008869342300445732,0.0012499999999999994,0.0008835126948063207
X:154011335:-,0.0012507530395027243,0.0009845855084600714,0.0010826354059152638,0.0008869342300445732,0.0012499999999999994,0.0008835126948063207
X:154351581:-,0.003223779552725214,0.0009845855084600714,0.0010826354059152638,0.0008869342300445732,0.0012499999999999994,0.0008835126948063207
X:154351588:-,0.0012507530395027243,0.0009845855084600714,0.0010826354059152638,0.0008869342300445732,0.0012499999999999994,0.0008835126948063207
X:15782971:+,0.0012507530395027243,0.0009845855084600714,0.0010826354059152638,0.0008869342300445732,0.0012499999999999994,0.0008835126948063207
X:24077207:+,0.0012507530395027243,0.0009845855084600714,0.0010826354059152638,0.0008869342300445732,0.0012499999999999994,0.0008609466714221852
X:24077265:+,0.0012507530395027243,0.0009845855084600714,0.0010826354059152638,0.0008869342300445732,0.0012499999999999994,0.0008835126948063207
X:2906197:-,0.0012507530395027243,0.0009845855084600714,0.0010826354059152638,0.0008869342300445732,0.0012499999999999994,0.0008835126948063207
X:46604578:-,0.0012507530395027243,0.0009845855084600714,0.0010826354059152638,0.0008869342300445732,0.0012499999999999994,0.0008835126948063207
X:46605078:-,0.0006763969279146275,0.0009845855084600714,0.0010826354059152638,0.0008869342300445732,0.0012499999999999994,0.0008835126948063207
X:46881375:+,0.0012507530395027243,0.0009845855084600714,0.0010826354059152638,0.0008869342300445732,0.0012499999999999994,0.0008835126948063207
X:48577959:+,0.0012507530395027243,0.0009845855084600714,0.0010826354059152638,0.0008869342300445732,0.0012499999999999994,0.0008835126948063207
X:54563646:+,0.0012507530395027243,0.0009845855084600714,0.0010826354059152638,0.0008869342300445732,0.0012499999999999994,0.0008835126948063207
X:77827509:-,0.0012507530395027243,0.0009845855084600714,0.0010826354059152638,0.0008869342300445732,0.0012499999999999994,0.0008835126948063207
X:77828076:-,0.0012507530395027243,0.0009845855084600714,0.0010826354059152638,0.0008869342300445732,0.0012499999999999994,0.0008835126948063207
X:77828077:-,0.0012507530395027243,0.0009845855084600714,0.0010826354059152638,0.0008869342300445732,0.0012499999999999994,0.0008835126948063207
X:77828119:-,0.0012507530395027243,0.0009845855084600714,0.0010826354059152638,0.0008869342300445732,0.0012499999999999994,0.0008835126948063207
X:77828225:-,0.0012507530395027243,0.0009845855084600714,0.0010826354059152638,0.0008869342300445732,0.0012499999999999994,0.0008835126948063207
X:77828466:-,0.0012507530395027243,0.0009845855084600714,0.0010826354059152638,0.0008869342300445732,0.0012499999999999994,0.0008835126948063207
X:77828483:-,0.0012507530395027243,0.0009845855084600714,0.0010826354059152638,0.0008869342300445732,0.0012499999999999994,0.0008835126948063207
X:77828503:-,0.0012507530395027243,0.0009845855084600714,0.0010826354059152638,0.004906277899983142,0.0012499999999999994,0.0008835126948063207
X:77828544:-,0.0012507530395027243,0.0009845855084600714,0.0010826354059152638,0.0008869342300445732,0.0012499999999999994,0.0008835126948063207
