,Bcells,CD4,CD8,Monocytes,NK,Neutrophils
10:100232436:-,43.032440800606416,40.59589755186453,43.46601894754824,27.570798951735714,42.778917405183556,19.02780039030904
10:100232925:-,43.032440800606416,40.59589755186453,43.46601894754824,27.570798951735714,42.778917405183556,19.02780039030904
10:100232926:-,43.032440800606416,40.59589755186453,43.46601894754824,27.570798951735714,42.778917405183556,19.02780039030904
10:100233035:-,43.032440800606416,40.59589755186453,43.46601894754824,27.570798951735714,42.778917405183556,19.02780039030904
10:100233052:-,43.032440800606416,40.59589755186453,43.46601894754824,27.570798951735714,42.778917405183556,19.02780039030904
10:100233090:-,43.032440800606416,40.59589755186453,43.46601894754824,27.570798951735714,42.778917405183556,19.02780039030904
10:12831014:+,264.46726907330293,76.92602446519449,57.917110112434536,49.710901112672516,97.9384692716755,143.7074056982252
10:12833566:+,264.46726907330293,76.92602446519449,57.917110112434536,49.710901112672516,97.9384692716755,143.7074056982252
10:14907006:-,69.98681108227824,31.360321317819874,27.62765446265275,31.57768799608897,45.05990444657015,17.446317909151773
10:20284377:+,0.3009556719945905,0.12112726505565671,1.3521103300095905,234.68058765617698,17.941492171298712,174.67911863278638
10:3778225:-,1616.073200273574,1164.5669237702173,1199.3183509208436,3434.4126405115153,1017.6084516291154,995.642731331231
10:49988823:+,2.0529377778764863,2.469030390191195,2.2729538260435773,0.8342553435027643,1.7278469748690026,0.10141181745568961
10:70404397:+,131.31237877105127,221.8120957904891,202.82692635456073,278.57619778577526,260.62137718533,227.58067624745425
10:70422696:+,131.31237877105127,221.8120957904891,202.82692635456073,278.57619778577526,260.62137718533,227.58067624745425
10:72234070:+,193.7900448538274,200.11470270240716,149.6931859045945,81.4486068410915,94.68615320716006,35.115163113926414
10:72234878:+,193.7900448538274,200.11470270240716,149.6931859045945,81.4486068410915,94.68615320716006,35.115163113926414
10:72234933:+,193.7900448538274,200.11470270240716,149.6931859045945,81.4486068410915,94.68615320716006,35.115163113926414
10:72234948:+,193.7900448538274,200.11470270240716,149.6931859045945,81.4486068410915,94.68615320716006,35.115163113926414
10:72234954:+,193.7900448538274,200.11470270240716,149.6931859045945,81.4486068410915,94.68615320716006,35.115163113926414
10:72235003:+,193.7900448538274,200.11470270240716,149.6931859045945,81.4486068410915,94.68615320716006,35.115163113926414
10:72235379:+,193.7900448538274,200.11470270240716,149.6931859045945,81.4486068410915,94.68615320716006,35.115163113926414
10:73249117:-,41.19058404019043,44.402599951000866,36.59275884128245,30.797766819722863,33.92786079012231,7.27316314581336
10:73250083:-,41.19058404019043,44.402599951000866,36.59275884128245,30.797766819722863,33.92786079012231,7.27316314581336
10:73250156:-,41.19058404019043,44.402599951000866,36.59275884128245,30.797766819722863,33.92786079012231,7.27316314581336
10:97664917:+,22.077749881830403,18.91853095047361,35.15171575513216,47.960159395521224,71.0755073107024,5.584216157895131
11:102396871:-,425.5129396821544,916.7711909406547,595.1398364485746,442.33753769698563,217.7857727377003,419.76178970706377
11:108365741:+,347.8118335198462,526.5732681962021,592.1927505918123,70.32380408489531,677.76735638276,63.57217071853885
11:108365793:+,347.8118335198462,526.5732681962021,592.1927505918123,70.32380408489531,677.76735638276,63.57217071853885
11:108365977:+,347.8118335198462,526.5732681962021,592.1927505918123,70.32380408489531,677.76735638276,63.57217071853885
11:108367126:+,347.8118335198462,526.5732681962021,592.1927505918123,70.32380408489531,677.76735638276,63.57217071853885
11:108367193:+,347.8118335198462,526.5732681962021,592.1927505918123,70.32380408489531,677.76735638276,63.57217071853885
11:108367225:+,347.8118335198462,526.5732681962021,592.1927505918123,70.32380408489531,677.76735638276,63.57217071853885
11:108367229:+,347.8118335198462,526.5732681962021,592.1927505918123,70.32380408489531,677.76735638276,63.57217071853885
11:108367260:+,347.8118335198462,526.5732681962021,592.1927505918123,70.32380408489531,677.76735638276,63.57217071853885
11:118748642:-,362.4033433092491,328.4741124446452,389.5202666201527,92.71234201366813,426.9259332638944,223.27412266490657
11:118898246:-,98.810490130998,453.7391548944843,589.1009820097705,44.76561612025213,502.1598697598121,5.499662693749008
11:44934804:-,89.88320444791123,6.5258902385070865,28.833229494420532,40.61981001303042,15.33133926330592,138.28682072614242
11:46678959:-,63.8683057692466,91.57475504928945,81.71260756494138,120.92316814626923,118.19607053064412,95.71828044977586
11:61007594:+,16.256020063607842,662.0039403474954,487.9988449206185,0.15488294097460403,91.31066469103054,0.19868791563094668
11:64219582:+,118.29273524845468,162.32990503326795,160.40755633271084,411.87662746882927,249.73257884982286,265.8117140749245
11:64307330:+,16.72942254880657,16.629703184167877,18.35799442327628,45.20038049213252,31.291928921584436,28.269625809609746
11:65321908:+,0.01914948849035314,0.001,0.001,0.26936646184684576,0.001,1.2234829516834926
11:65375817:-,73.18929036619629,85.29706871587902,84.4836277875237,12.080483415402337,79.21088530933258,6.938308454414891
11:65375897:-,73.18929036619629,85.29706871587902,84.4836277875237,12.080483415402337,79.21088530933258,6.938308454414891
11:65375978:-,73.18929036619629,85.29706871587902,84.4836277875237,12.080483415402337,79.21088530933258,6.938308454414891
11:65581686:+,246.13873584900938,264.11877617098435,250.33767445206615,720.4063496895754,282.0682061050833,733.092312606551
11:65774507:-,71.53033073685609,58.25276750615875,61.31643369971412,388.95562304307657,68.79216326368206,676.4284762978798
11:65774548:-,71.53033073685609,58.25276750615875,61.31643369971412,388.95562304307657,68.79216326368206,676.4284762978798
11:65774680:-,71.53033073685609,58.25276750615875,61.31643369971412,388.95562304307657,68.79216326368206,676.4284762978798
11:65774681:-,71.53033073685609,58.25276750615875,61.31643369971412,388.95562304307657,68.79216326368206,676.4284762978798
11:65775818:-,71.53033073685609,58.25276750615875,61.31643369971412,388.95562304307657,68.79216326368206,676.4284762978798
11:65775919:-,71.53033073685609,58.25276750615875,61.31643369971412,388.95562304307657,68.79216326368206,676.4284762978798
11:65775920:-,71.53033073685609,58.25276750615875,61.31643369971412,388.95562304307657,68.79216326368206,676.4284762978798
11:65775966:-,71.53033073685609,58.25276750615875,61.31643369971412,388.95562304307657,68.79216326368206,676.4284762978798
11:65775986:-,71.53033073685609,58.25276750615875,61.31643369971412,388.95562304307657,68.79216326368206,676.4284762978798
11:65776157:-,71.53033073685609,58.25276750615875,61.31643369971412,388.95562304307657,68.79216326368206,676.4284762978798
11:65776162:-,71.53033073685609,58.25276750615875,61.31643369971412,388.95562304307657,68.79216326368206,676.4284762978798
11:65776696:-,71.53033073685609,58.25276750615875,61.31643369971412,388.95562304307657,68.79216326368206,676.4284762978798
11:65776882:-,71.53033073685609,58.25276750615875,61.31643369971412,388.95562304307657,68.79216326368206,676.4284762978798
11:65776893:-,71.53033073685609,58.25276750615875,61.31643369971412,388.95562304307657,68.79216326368206,676.4284762978798
11:65776909:-,71.53033073685609,58.25276750615875,61.31643369971412,388.95562304307657,68.79216326368206,676.4284762978798
11:65776910:-,71.53033073685609,58.25276750615875,61.31643369971412,388.95562304307657,68.79216326368206,676.4284762978798
11:65776954:-,71.53033073685609,58.25276750615875,61.31643369971412,388.95562304307657,68.79216326368206,676.4284762978798
11:65776988:-,71.53033073685609,58.25276750615875,61.31643369971412,388.95562304307657,68.79216326368206,676.4284762978798
11:65776998:-,71.53033073685609,58.25276750615875,61.31643369971412,388.95562304307657,68.79216326368206,676.4284762978798
11:65777013:-,71.53033073685609,58.25276750615875,61.31643369971412,388.95562304307657,68.79216326368206,676.4284762978798
11:65777018:-,71.53033073685609,58.25276750615875,61.31643369971412,388.95562304307657,68.79216326368206,676.4284762978798
11:65777031:-,71.53033073685609,58.25276750615875,61.31643369971412,388.95562304307657,68.79216326368206,676.4284762978798
11:65777051:-,71.53033073685609,58.25276750615875,61.31643369971412,388.95562304307657,68.79216326368206,676.4284762978798
11:65777103:-,71.53033073685609,58.25276750615875,61.31643369971412,388.95562304307657,68.79216326368206,676.4284762978798
11:74455756:-,0.14742668067643333,0.09927957043810541,0.04137387067951287,67.76979001862033,0.7671693193015072,51.13806718465359
11:74455855:-,0.14742668067643333,0.09927957043810541,0.04137387067951287,67.76979001862033,0.7671693193015072,51.13806718465359
11:74455865:-,0.14742668067643333,0.09927957043810541,0.04137387067951287,67.76979001862033,0.7671693193015072,51.13806718465359
11:74456110:-,0.14742668067643333,0.09927957043810541,0.04137387067951287,67.76979001862033,0.7671693193015072,51.13806718465359
11:74456209:-,0.14742668067643333,0.09927957043810541,0.04137387067951287,67.76979001862033,0.7671693193015072,51.13806718465359
11:769402:-,65.56806239503194,62.19272154912835,50.978992548524126,31.77512954418007,50.09167459158714,4.021735445779533
11:769448:-,65.56806239503194,62.19272154912835,50.978992548524126,31.77512954418007,50.09167459158714,4.021735445779533
11:769458:-,65.56806239503194,62.19272154912835,50.978992548524126,31.77512954418007,50.09167459158714,4.021735445779533
11:769894:-,65.56806239503194,62.19272154912835,50.978992548524126,31.77512954418007,50.09167459158714,4.021735445779533
11:83157398:+,257.942899487226,189.0495501469119,168.1774424217735,150.46910460785438,146.24449069169657,203.7575460060099
11:8686359:+,1138.4602996925864,1461.2803907702864,1311.314212181965,528.6056824964844,482.1662049224991,63.72060336219458
11:8686369:+,1138.4602996925864,1461.2803907702864,1311.314212181965,528.6056824964844,482.1662049224991,63.72060336219458
11:8686404:+,1138.4602996925864,1461.2803907702864,1311.314212181965,528.6056824964844,482.1662049224991,63.72060336219458
11:8687341:+,1138.4602996925864,1461.2803907702864,1311.314212181965,528.6056824964844,482.1662049224991,63.72060336219458
11:93735604:-,134.79929415575896,98.3128469427848,95.67435400840935,30.494664077131254,63.512252535566844,18.828409392972976
11:93735629:-,134.79929415575896,98.3128469427848,95.67435400840935,30.494664077131254,63.512252535566844,18.828409392972976
12:10315185:+,0.032026841949032575,3.67691173355894,111.02477606371085,0.11781340642088621,790.2820973835654,0.56213531400023
12:10315251:+,0.032026841949032575,3.67691173355894,111.02477606371085,0.11781340642088621,790.2820973835654,0.56213531400023
12:10315315:+,0.032026841949032575,3.67691173355894,111.02477606371085,0.11781340642088621,790.2820973835654,0.56213531400023
12:10315360:+,0.032026841949032575,3.67691173355894,111.02477606371085,0.11781340642088621,790.2820973835654,0.56213531400023
12:10315372:+,0.032026841949032575,3.67691173355894,111.02477606371085,0.11781340642088621,790.2820973835654,0.56213531400023
12:10315387:+,0.032026841949032575,3.67691173355894,111.02477606371085,0.11781340642088621,790.2820973835654,0.56213531400023
12:10315861:+,0.032026841949032575,3.67691173355894,111.02477606371085,0.11781340642088621,790.2820973835654,0.56213531400023
12:10315862:+,0.032026841949032575,3.67691173355894,111.02477606371085,0.11781340642088621,790.2820973835654,0.56213531400023
12:10315884:+,0.032026841949032575,3.67691173355894,111.02477606371085,0.11781340642088621,790.2820973835654,0.56213531400023
12:10316458:+,0.032026841949032575,3.67691173355894,111.02477606371085,0.11781340642088621,790.2820973835654,0.56213531400023
12:10316476:+,0.032026841949032575,3.67691173355894,111.02477606371085,0.11781340642088621,790.2820973835654,0.56213531400023
12:10316495:+,0.032026841949032575,3.67691173355894,111.02477606371085,0.11781340642088621,790.2820973835654,0.56213531400023
12:10316549:+,0.032026841949032575,3.67691173355894,111.02477606371085,0.11781340642088621,790.2820973835654,0.56213531400023
12:10316588:+,0.032026841949032575,3.67691173355894,111.02477606371085,0.11781340642088621,790.2820973835654,0.56213531400023
12:10316637:+,0.032026841949032575,3.67691173355894,111.02477606371085,0.11781340642088621,790.2820973835654,0.56213531400023
12:10316663:+,0.032026841949032575,3.67691173355894,111.02477606371085,0.11781340642088621,790.2820973835654,0.56213531400023
12:10316676:+,0.032026841949032575,3.67691173355894,111.02477606371085,0.11781340642088621,790.2820973835654,0.56213531400023
12:10318784:+,0.032026841949032575,3.67691173355894,111.02477606371085,0.11781340642088621,790.2820973835654,0.56213531400023
12:108591202:-,0.13640048763303086,8.055713099020483,4.329881592714712,3.073338573917808,2.863718805054587,12.092012737911418
12:112971005:+,49.98937986363768,139.72265120101613,85.51593021144964,353.66518871619763,46.206870262941685,483.75015198136936
12:113390110:+,14.157659688281413,36.67004869923238,33.85154531562057,108.96723615698448,32.018132206531185,1.7332338606874858
12:113390120:+,14.157659688281413,36.67004869923238,33.85154531562057,108.96723615698448,32.018132206531185,1.7332338606874858
12:113391119:+,14.157659688281413,36.67004869923238,33.85154531562057,108.96723615698448,32.018132206531185,1.7332338606874858
12:120093527:+,23.921073743363394,140.68228579404698,162.92633044044183,0.10017008527645158,46.61604263315752,0.4261893745646011
12:120461139:+,47.36131325945592,42.46970331344133,39.61986196681479,22.832511277461805,43.81289601549968,9.256043343116286
12:122769109:+,72.87994965365169,75.69211808790561,57.54557122139382,45.81655460713606,54.766750334108295,28.411996113327405
12:122769131:+,72.87994965365169,75.69211808790561,57.54557122139382,45.81655460713606,54.766750334108295,28.411996113327405
12:122981653:+,143.54168402314968,180.31006744381472,163.93253440061,128.81396660036194,119.50618934305147,24.5781030653828
12:123661824:+,23.73500778498816,27.109839417915644,20.275815726021698,12.845858386312425,18.198944498495493,0.36471282565770846
12:124911941:-,1186.7464364186335,870.1607192702704,925.4211500771787,1646.7838846210545,928.5435814190764,1497.3569927752983
12:131922591:+,98.13267787352173,72.89799188333171,72.88084085268639,161.91701476083688,129.5601571024575,258.8860066179475
12:132721369:+,30.075887909087886,26.99247778783007,25.908583528774308,16.22546574565899,26.376645494769946,0.3853621599495194
12:132721508:+,30.075887909087886,26.99247778783007,25.908583528774308,16.22546574565899,26.376645494769946,0.3853621599495194
12:132721836:+,30.075887909087886,26.99247778783007,25.908583528774308,16.22546574565899,26.376645494769946,0.3853621599495194
12:132769999:-,131.2187114937226,103.81108385261342,124.6399637951832,48.23511787572035,116.86491650394322,23.9645813117979
12:2825793:+,22.182195132086413,23.899277528849584,26.464250634392375,8.509558698303213,16.40704893786712,0.8021763626792853
12:43787631:+,87.10787813352847,101.45034788421245,90.75926528502268,52.80130242710472,104.06660673258254,77.87701820824603
12:43787801:+,87.10787813352847,101.45034788421245,90.75926528502268,52.80130242710472,104.06660673258254,77.87701820824603
12:48342785:-,45.038969976022365,58.91835782170183,52.132646347100994,56.254559186109276,84.72397150827568,93.67849857459392
12:48342826:-,45.038969976022365,58.91835782170183,52.132646347100994,56.254559186109276,84.72397150827568,93.67849857459392
12:48937441:-,75.55406753698828,93.37814300772317,96.87611924764218,218.5224381689228,124.5135646670003,177.60683067850232
12:48938460:-,75.55406753698828,93.37814300772317,96.87611924764218,218.5224381689228,124.5135646670003,177.60683067850232
12:49763964:+,403.1227249420108,499.9878899442963,460.78765974403154,791.521526531755,462.6541622788666,879.1484210585343
12:49763989:+,403.1227249420108,499.9878899442963,460.78765974403154,791.521526531755,462.6541622788666,879.1484210585343
12:50930379:+,0.001,0.001,0.001,0.001,0.001,0.001
12:50930408:+,0.001,0.001,0.001,0.001,0.001,0.001
12:50930474:+,0.001,0.001,0.001,0.001,0.001,0.001
12:50930529:+,0.001,0.001,0.001,0.001,0.001,0.001
12:50930539:+,0.001,0.001,0.001,0.001,0.001,0.001
12:50930652:+,0.001,0.001,0.001,0.001,0.001,0.001
12:50930712:+,0.001,0.001,0.001,0.001,0.001,0.001
12:50930722:+,0.001,0.001,0.001,0.001,0.001,0.001
12:50930855:+,0.001,0.001,0.001,0.001,0.001,0.001
12:50931454:+,0.001,0.001,0.001,0.001,0.001,0.001
12:50931522:+,0.001,0.001,0.001,0.001,0.001,0.001
12:50931589:+,0.001,0.001,0.001,0.001,0.001,0.001
12:50931606:+,0.001,0.001,0.001,0.001,0.001,0.001
12:50931635:+,0.001,0.001,0.001,0.001,0.001,0.001
12:50931656:+,0.001,0.001,0.001,0.001,0.001,0.001
12:68843232:+,58.26215819357999,54.90247379095302,56.6432684192626,77.5510247060603,91.38475212320947,143.4576063761204
12:68843262:+,58.26215819357999,54.90247379095302,56.6432684192626,77.5510247060603,91.38475212320947,143.4576063761204
12:68843275:+,58.26215819357999,54.90247379095302,56.6432684192626,77.5510247060603,91.38475212320947,143.4576063761204
12:68843292:+,58.26215819357999,54.90247379095302,56.6432684192626,77.5510247060603,91.38475212320947,143.4576063761204
12:68843296:+,58.26215819357999,54.90247379095302,56.6432684192626,77.5510247060603,91.38475212320947,143.4576063761204
12:68843753:+,58.26215819357999,54.90247379095302,56.6432684192626,77.5510247060603,91.38475212320947,143.4576063761204
12:68843777:+,58.26215819357999,54.90247379095302,56.6432684192626,77.5510247060603,91.38475212320947,143.4576063761204
12:68843947:+,58.26215819357999,54.90247379095302,56.6432684192626,77.5510247060603,91.38475212320947,143.4576063761204
12:7094837:-,16.27493944278181,30.89891344720361,25.309814553456064,41.40282622911367,41.58357444477377,178.41741432782587
12:71702798:+,61.268804392242956,17.229341979313027,18.99461527497976,12.51306245924927,20.867341731372864,0.3864951553338412
12:98548842:+,137.08483537434023,136.59835096107977,96.00778965705895,99.14632894959855,69.97639905833536,1.771807532416144
12:98548864:+,137.08483537434023,136.59835096107977,96.00778965705895,99.14632894959855,69.97639905833536,1.771807532416144
12:98549026:+,137.08483537434023,136.59835096107977,96.00778965705895,99.14632894959855,69.97639905833536,1.771807532416144
12:98549061:+,137.08483537434023,136.59835096107977,96.00778965705895,99.14632894959855,69.97639905833536,1.771807532416144
12:98549106:+,137.08483537434023,136.59835096107977,96.00778965705895,99.14632894959855,69.97639905833536,1.771807532416144
12:98549232:+,137.08483537434023,136.59835096107977,96.00778965705895,99.14632894959855,69.97639905833536,1.771807532416144
12:98549317:+,137.08483537434023,136.59835096107977,96.00778965705895,99.14632894959855,69.97639905833536,1.771807532416144
12:98549324:+,137.08483537434023,136.59835096107977,96.00778965705895,99.14632894959855,69.97639905833536,1.771807532416144
12:98549370:+,137.08483537434023,136.59835096107977,96.00778965705895,99.14632894959855,69.97639905833536,1.771807532416144
12:98549422:+,137.08483537434023,136.59835096107977,96.00778965705895,99.14632894959855,69.97639905833536,1.771807532416144
12:98733532:+,48.74268688298284,40.406493913650806,37.83372845472799,108.41134802634028,58.49501503518183,257.368283709966
12:98733667:+,48.74268688298284,40.406493913650806,37.83372845472799,108.41134802634028,58.49501503518183,257.368283709966
12:98733685:+,48.74268688298284,40.406493913650806,37.83372845472799,108.41134802634028,58.49501503518183,257.368283709966
12:98733695:+,48.74268688298284,40.406493913650806,37.83372845472799,108.41134802634028,58.49501503518183,257.368283709966
12:98734992:+,48.74268688298284,40.406493913650806,37.83372845472799,108.41134802634028,58.49501503518183,257.368283709966
12:98734997:+,48.74268688298284,40.406493913650806,37.83372845472799,108.41134802634028,58.49501503518183,257.368283709966
12:98735013:+,48.74268688298284,40.406493913650806,37.83372845472799,108.41134802634028,58.49501503518183,257.368283709966
13:19672218:+,150.39881240637058,200.9450321121511,149.0308816515273,34.30856021261479,119.47590820240215,81.62421502253459
13:19672261:+,150.39881240637058,200.9450321121511,149.0308816515273,34.30856021261479,119.47590820240215,81.62421502253459
13:19672882:+,150.39881240637058,200.9450321121511,149.0308816515273,34.30856021261479,119.47590820240215,81.62421502253459
13:19672883:+,150.39881240637058,200.9450321121511,149.0308816515273,34.30856021261479,119.47590820240215,81.62421502253459
13:19672934:+,150.39881240637058,200.9450321121511,149.0308816515273,34.30856021261479,119.47590820240215,81.62421502253459
13:21374316:-,102.43596985632851,128.1301043579117,128.4244570901097,188.3455894007057,190.14788132877186,27.763697739654347
13:21374320:-,102.43596985632851,128.1301043579117,128.4244570901097,188.3455894007057,190.14788132877186,27.763697739654347
13:21374436:-,102.43596985632851,128.1301043579117,128.4244570901097,188.3455894007057,190.14788132877186,27.763697739654347
13:21374437:-,102.43596985632851,128.1301043579117,128.4244570901097,188.3455894007057,190.14788132877186,27.763697739654347
13:21374484:-,102.43596985632851,128.1301043579117,128.4244570901097,188.3455894007057,190.14788132877186,27.763697739654347
13:21374507:-,102.43596985632851,128.1301043579117,128.4244570901097,188.3455894007057,190.14788132877186,27.763697739654347
13:21374515:-,102.43596985632851,128.1301043579117,128.4244570901097,188.3455894007057,190.14788132877186,27.763697739654347
13:21374876:-,102.43596985632851,128.1301043579117,128.4244570901097,188.3455894007057,190.14788132877186,27.763697739654347
13:21374915:-,102.43596985632851,128.1301043579117,128.4244570901097,188.3455894007057,190.14788132877186,27.763697739654347
13:21374953:-,102.43596985632851,128.1301043579117,128.4244570901097,188.3455894007057,190.14788132877186,27.763697739654347
13:21375011:-,102.43596985632851,128.1301043579117,128.4244570901097,188.3455894007057,190.14788132877186,27.763697739654347
13:21375051:-,102.43596985632851,128.1301043579117,128.4244570901097,188.3455894007057,190.14788132877186,27.763697739654347
13:21375057:-,102.43596985632851,128.1301043579117,128.4244570901097,188.3455894007057,190.14788132877186,27.763697739654347
13:21375071:-,102.43596985632851,128.1301043579117,128.4244570901097,188.3455894007057,190.14788132877186,27.763697739654347
13:95793723:+,30.941077943477396,40.61433634216814,43.147553277385384,96.34978313066807,76.30744969828446,165.68356533577406
14:105049499:-,35.48722556581321,56.893396990226094,98.71624829980539,37.30250583223492,25.440202511840162,17.13911464537314
14:105049512:-,35.48722556581321,56.893396990226094,98.71624829980539,37.30250583223492,25.440202511840162,17.13911464537314
14:105049679:-,35.48722556581321,56.893396990226094,98.71624829980539,37.30250583223492,25.440202511840162,17.13911464537314
14:105049696:-,35.48722556581321,56.893396990226094,98.71624829980539,37.30250583223492,25.440202511840162,17.13911464537314
14:20366227:-,243.42006894251406,83.1807816038093,101.27311908105756,138.0266076684436,161.59648356142839,105.99228487925204
14:20366228:-,243.42006894251406,83.1807816038093,101.27311908105756,138.0266076684436,161.59648356142839,105.99228487925204
14:20366332:-,243.42006894251406,83.1807816038093,101.27311908105756,138.0266076684436,161.59648356142839,105.99228487925204
14:20366333:-,243.42006894251406,83.1807816038093,101.27311908105756,138.0266076684436,161.59648356142839,105.99228487925204
14:20366932:-,243.42006894251406,83.1807816038093,101.27311908105756,138.0266076684436,161.59648356142839,105.99228487925204
14:20366936:-,243.42006894251406,83.1807816038093,101.27311908105756,138.0266076684436,161.59648356142839,105.99228487925204
14:20366961:-,243.42006894251406,83.1807816038093,101.27311908105756,138.0266076684436,161.59648356142839,105.99228487925204
14:20366979:-,243.42006894251406,83.1807816038093,101.27311908105756,138.0266076684436,161.59648356142839,105.99228487925204
14:20367026:-,243.42006894251406,83.1807816038093,101.27311908105756,138.0266076684436,161.59648356142839,105.99228487925204
14:20367030:-,243.42006894251406,83.1807816038093,101.27311908105756,138.0266076684436,161.59648356142839,105.99228487925204
14:20367118:-,243.42006894251406,83.1807816038093,101.27311908105756,138.0266076684436,161.59648356142839,105.99228487925204
14:23296548:-,57.03526548380998,75.75436521749538,63.570743282820736,6.503012043185693,24.363510939882705,2.5525555605210544
14:52642958:-,50.879579084234535,119.8609561920715,88.33069812573768,82.59339267520683,52.085346871070215,149.92189589868195
14:52642959:-,50.879579084234535,119.8609561920715,88.33069812573768,82.59339267520683,52.085346871070215,149.92189589868195
14:52643091:-,50.879579084234535,119.8609561920715,88.33069812573768,82.59339267520683,52.085346871070215,149.92189589868195
14:52643106:-,50.879579084234535,119.8609561920715,88.33069812573768,82.59339267520683,52.085346871070215,149.92189589868195
14:58372551:+,106.28430006714731,86.24937941400492,85.16305868181928,54.601058419518466,88.19694581622814,136.1382784499254
14:64483589:-,51.168550452105094,121.71053028350887,98.57731269285088,7.315118784294868,48.99135234836235,1.1099050257045426
14:64484498:-,51.168550452105094,121.71053028350887,98.57731269285088,7.315118784294868,48.99135234836235,1.1099050257045426
14:74735608:+,43.596413385225354,43.291122550921706,38.967684213135804,28.621089076334563,35.422253347894234,14.793249766052305
14:74736152:+,43.596413385225354,43.291122550921706,38.967684213135804,28.621089076334563,35.422253347894234,14.793249766052305
14:76205038:+,80.05889811864371,90.14678149994711,80.62166219693621,65.44658776996431,96.69705089172518,47.91975074592042
14:89160383:-,265.46662103336047,245.21715657339425,271.8079740076793,222.42190537743326,341.38994841927814,190.72717901060187
14:89160386:-,265.46662103336047,245.21715657339425,271.8079740076793,222.42190537743326,341.38994841927814,190.72717901060187
14:95185096:-,64.52066727523648,0.5210193608773477,0.175367189236853,104.95002373306887,0.71415012935258,47.31284022555471
14:95186642:-,64.52066727523648,0.5210193608773477,0.175367189236853,104.95002373306887,0.71415012935258,47.31284022555471
14:95415466:-,170.3794231100423,188.9917911486066,122.87576323266552,120.32162041479339,41.98318989906924,18.536012795916005
15:34231141:-,208.39914898148615,146.62230465942872,113.7892535275528,153.77425300444497,120.9761902572437,437.97123327170334
15:34231314:-,208.39914898148615,146.62230465942872,113.7892535275528,153.77425300444497,120.9761902572437,437.97123327170334
15:34231354:-,208.39914898148615,146.62230465942872,113.7892535275528,153.77425300444497,120.9761902572437,437.97123327170334
15:34231360:-,208.39914898148615,146.62230465942872,113.7892535275528,153.77425300444497,120.9761902572437,437.97123327170334
15:34231407:-,208.39914898148615,146.62230465942872,113.7892535275528,153.77425300444497,120.9761902572437,437.97123327170334
15:34231474:-,208.39914898148615,146.62230465942872,113.7892535275528,153.77425300444497,120.9761902572437,437.97123327170334
15:34231649:-,208.39914898148615,146.62230465942872,113.7892535275528,153.77425300444497,120.9761902572437,437.97123327170334
15:34231665:-,208.39914898148615,146.62230465942872,113.7892535275528,153.77425300444497,120.9761902572437,437.97123327170334
15:34231694:-,208.39914898148615,146.62230465942872,113.7892535275528,153.77425300444497,120.9761902572437,437.97123327170334
15:34231727:-,208.39914898148615,146.62230465942872,113.7892535275528,153.77425300444497,120.9761902572437,437.97123327170334
15:34231753:-,208.39914898148615,146.62230465942872,113.7892535275528,153.77425300444497,120.9761902572437,437.97123327170334
15:34231975:-,208.39914898148615,146.62230465942872,113.7892535275528,153.77425300444497,120.9761902572437,437.97123327170334
15:34232287:-,208.39914898148615,146.62230465942872,113.7892535275528,153.77425300444497,120.9761902572437,437.97123327170334
15:34232343:-,208.39914898148615,146.62230465942872,113.7892535275528,153.77425300444497,120.9761902572437,437.97123327170334
15:34232454:-,208.39914898148615,146.62230465942872,113.7892535275528,153.77425300444497,120.9761902572437,437.97123327170334
15:34232506:-,208.39914898148615,146.62230465942872,113.7892535275528,153.77425300444497,120.9761902572437,437.97123327170334
15:41900146:-,17.563732538129123,51.61992845137362,45.83114098758992,68.3619992930243,28.362990101650794,8.50955997619975
15:42531589:+,140.11379692028487,76.44394925908357,66.24287232614753,164.19667887516795,78.68439503676389,266.3831778690165
15:42532147:+,140.11379692028487,76.44394925908357,66.24287232614753,164.19667887516795,78.68439503676389,266.3831778690165
15:42532296:+,140.11379692028487,76.44394925908357,66.24287232614753,164.19667887516795,78.68439503676389,266.3831778690165
15:43794609:+,7.625093878495317,8.00379501194044,6.650602616096007,9.655772504237573,6.208779910589696,2.3555238868152055
15:45482003:-,43.68945247942616,7.808001181722211,8.841811534013697,0.4107914313319304,23.1016077495768,0.03208390673495635
15:49126658:-,72.89471628822055,100.15295509889319,104.57525986219581,69.69338376905671,73.00982493858714,18.926443447743214
15:49126926:-,72.89471628822055,100.15295509889319,104.57525986219581,69.69338376905671,73.00982493858714,18.926443447743214
15:58184800:+,0.7067326221837511,0.49551903621037047,0.7850983534334597,135.82620722837098,15.788217353714527,2310.1691052847
15:64154841:+,304.0995999149243,3.025396180767218,4.904536754764127,2.877352374292114,6.4758338507677635,2.110217210714367
15:64154928:+,304.0995999149243,3.025396180767218,4.904536754764127,2.877352374292114,6.4758338507677635,2.110217210714367
15:64154936:+,304.0995999149243,3.025396180767218,4.904536754764127,2.877352374292114,6.4758338507677635,2.110217210714367
15:64155080:+,304.0995999149243,3.025396180767218,4.904536754764127,2.877352374292114,6.4758338507677635,2.110217210714367
15:64155171:+,304.0995999149243,3.025396180767218,4.904536754764127,2.877352374292114,6.4758338507677635,2.110217210714367
15:64155184:+,304.0995999149243,3.025396180767218,4.904536754764127,2.877352374292114,6.4758338507677635,2.110217210714367
15:64155196:+,304.0995999149243,3.025396180767218,4.904536754764127,2.877352374292114,6.4758338507677635,2.110217210714367
15:64155224:+,304.0995999149243,3.025396180767218,4.904536754764127,2.877352374292114,6.4758338507677635,2.110217210714367
15:64155236:+,304.0995999149243,3.025396180767218,4.904536754764127,2.877352374292114,6.4758338507677635,2.110217210714367
15:64155268:+,304.0995999149243,3.025396180767218,4.904536754764127,2.877352374292114,6.4758338507677635,2.110217210714367
15:64155432:+,304.0995999149243,3.025396180767218,4.904536754764127,2.877352374292114,6.4758338507677635,2.110217210714367
15:64155441:+,304.0995999149243,3.025396180767218,4.904536754764127,2.877352374292114,6.4758338507677635,2.110217210714367
15:84641813:-,50.746161002557145,63.669784575769434,61.969938514219464,24.9406161454995,47.41391472836834,13.716038872219196
15:84641973:-,50.746161002557145,63.669784575769434,61.969938514219464,24.9406161454995,47.41391472836834,13.716038872219196
15:84642182:-,50.746161002557145,63.669784575769434,61.969938514219464,24.9406161454995,47.41391472836834,13.716038872219196
15:84642201:-,50.746161002557145,63.669784575769434,61.969938514219464,24.9406161454995,47.41391472836834,13.716038872219196
15:84642217:-,50.746161002557145,63.669784575769434,61.969938514219464,24.9406161454995,47.41391472836834,13.716038872219196
15:89196030:+,38.66320840603482,63.42254387773724,57.35455609942934,185.99431329561986,207.5003566330331,494.8400795301258
15:89196098:+,38.66320840603482,63.42254387773724,57.35455609942934,185.99431329561986,207.5003566330331,494.8400795301258
15:89196116:+,38.66320840603482,63.42254387773724,57.35455609942934,185.99431329561986,207.5003566330331,494.8400795301258
15:93027251:+,510.4562720325149,507.80392965349745,540.9826257977443,176.47541337404704,494.83430346945033,306.1699060688095
16:10924260:+,2054.766377929969,8.786782891652017,21.822278840340825,332.70388841208944,19.52128565918273,16.41771309512824
16:10925418:+,2054.766377929969,8.786782891652017,21.822278840340825,332.70388841208944,19.52128565918273,16.41771309512824
16:10926740:+,2054.766377929969,8.786782891652017,21.822278840340825,332.70388841208944,19.52128565918273,16.41771309512824
16:10928388:+,2054.766377929969,8.786782891652017,21.822278840340825,332.70388841208944,19.52128565918273,16.41771309512824
16:10928417:+,2054.766377929969,8.786782891652017,21.822278840340825,332.70388841208944,19.52128565918273,16.41771309512824
16:10928470:+,2054.766377929969,8.786782891652017,21.822278840340825,332.70388841208944,19.52128565918273,16.41771309512824
16:10931042:+,0.001,0.001,0.001,0.001,0.001,0.001
16:10931068:+,0.001,0.001,0.001,0.001,0.001,0.001
16:10931069:+,0.001,0.001,0.001,0.001,0.001,0.001
16:10931085:+,0.001,0.001,0.001,0.001,0.001,0.001
16:10931104:+,0.001,0.001,0.001,0.001,0.001,0.001
16:10931114:+,0.001,0.001,0.001,0.001,0.001,0.001
16:10931207:+,0.001,0.001,0.001,0.001,0.001,0.001
16:10931213:+,0.001,0.001,0.001,0.001,0.001,0.001
16:10931217:+,0.001,0.001,0.001,0.001,0.001,0.001
16:10931231:+,0.001,0.001,0.001,0.001,0.001,0.001
16:10931236:+,0.001,0.001,0.001,0.001,0.001,0.001
16:10931257:+,0.001,0.001,0.001,0.001,0.001,0.001
16:10931609:+,0.001,0.001,0.001,0.001,0.001,0.001
16:10931633:+,0.001,0.001,0.001,0.001,0.001,0.001
16:10931691:+,0.001,0.001,0.001,0.001,0.001,0.001
16:10931699:+,0.001,0.001,0.001,0.001,0.001,0.001
16:10931735:+,0.001,0.001,0.001,0.001,0.001,0.001
16:10931759:+,0.001,0.001,0.001,0.001,0.001,0.001
16:10931768:+,0.001,0.001,0.001,0.001,0.001,0.001
16:10931779:+,0.001,0.001,0.001,0.001,0.001,0.001
16:10931796:+,0.001,0.001,0.001,0.001,0.001,0.001
16:10931799:+,0.001,0.001,0.001,0.001,0.001,0.001
16:10931822:+,0.001,0.001,0.001,0.001,0.001,0.001
16:10931865:+,0.001,0.001,0.001,0.001,0.001,0.001
16:10932756:+,0.001,0.001,0.001,0.001,0.001,0.001
16:10932790:+,0.001,0.001,0.001,0.001,0.001,0.001
16:10932804:+,0.001,0.001,0.001,0.001,0.001,0.001
16:10932816:+,0.001,0.001,0.001,0.001,0.001,0.001
16:10932871:+,0.001,0.001,0.001,0.001,0.001,0.001
16:10932885:+,0.001,0.001,0.001,0.001,0.001,0.001
16:10936195:+,0.001,0.001,0.001,0.001,0.001,0.001
16:12660855:-,9.099730842293518,7.25037121478734,7.108412896122816,338.5947668600959,20.77722175739352,1171.8633751698721
16:12660894:-,9.099730842293518,7.25037121478734,7.108412896122816,338.5947668600959,20.77722175739352,1171.8633751698721
16:12660924:-,9.099730842293518,7.25037121478734,7.108412896122816,338.5947668600959,20.77722175739352,1171.8633751698721
16:12661027:-,9.099730842293518,7.25037121478734,7.108412896122816,338.5947668600959,20.77722175739352,1171.8633751698721
16:12661105:-,9.099730842293518,7.25037121478734,7.108412896122816,338.5947668600959,20.77722175739352,1171.8633751698721
16:21640034:-,0.8738049916356312,0.848586218735767,0.913372433741803,107.6531716924809,4.226229384598263,392.0050434020933
16:21640137:-,0.8738049916356312,0.848586218735767,0.913372433741803,107.6531716924809,4.226229384598263,392.0050434020933
16:21640166:-,0.8738049916356312,0.848586218735767,0.913372433741803,107.6531716924809,4.226229384598263,392.0050434020933
16:21640183:-,0.8738049916356312,0.848586218735767,0.913372433741803,107.6531716924809,4.226229384598263,392.0050434020933
16:21640210:-,0.8738049916356312,0.848586218735767,0.913372433741803,107.6531716924809,4.226229384598263,392.0050434020933
16:21640237:-,0.8738049916356312,0.848586218735767,0.913372433741803,107.6531716924809,4.226229384598263,392.0050434020933
16:21640484:-,0.8738049916356312,0.848586218735767,0.913372433741803,107.6531716924809,4.226229384598263,392.0050434020933
16:21640666:-,0.8738049916356312,0.848586218735767,0.913372433741803,107.6531716924809,4.226229384598263,392.0050434020933
16:21640719:-,0.8738049916356312,0.848586218735767,0.913372433741803,107.6531716924809,4.226229384598263,392.0050434020933
16:21640720:-,0.8738049916356312,0.848586218735767,0.913372433741803,107.6531716924809,4.226229384598263,392.0050434020933
16:21640733:-,0.8738049916356312,0.848586218735767,0.913372433741803,107.6531716924809,4.226229384598263,392.0050434020933
16:21640740:-,0.8738049916356312,0.848586218735767,0.913372433741803,107.6531716924809,4.226229384598263,392.0050434020933
16:21640764:-,0.8738049916356312,0.848586218735767,0.913372433741803,107.6531716924809,4.226229384598263,392.0050434020933
16:21641222:-,0.8738049916356312,0.848586218735767,0.913372433741803,107.6531716924809,4.226229384598263,392.0050434020933
16:23463780:-,734.565754736679,137.13880434787208,142.62463883486512,105.95399073575608,103.13865365815703,1.9105236763676552
16:23463960:-,734.565754736679,137.13880434787208,142.62463883486512,105.95399073575608,103.13865365815703,1.9105236763676552
16:23465152:-,734.565754736679,137.13880434787208,142.62463883486512,105.95399073575608,103.13865365815703,1.9105236763676552
16:23465256:-,734.565754736679,137.13880434787208,142.62463883486512,105.95399073575608,103.13865365815703,1.9105236763676552
16:27450664:+,78.69910904097438,53.18302337506185,79.64997869471262,3.0949844810948077,64.11048233119479,0.11910224764834244
16:29665078:+,3.66810289711785,120.15197867136109,138.37075909916865,126.84262184472867,378.82700773214003,5.571424053313407
16:29667654:+,3.66810289711785,120.15197867136109,138.37075909916865,126.84262184472867,378.82700773214003,5.571424053313407
16:29667730:+,3.66810289711785,120.15197867136109,138.37075909916865,126.84262184472867,378.82700773214003,5.571424053313407
16:29668040:+,3.66810289711785,120.15197867136109,138.37075909916865,126.84262184472867,378.82700773214003,5.571424053313407
16:29668110:+,3.66810289711785,120.15197867136109,138.37075909916865,126.84262184472867,378.82700773214003,5.571424053313407
16:29668200:+,3.66810289711785,120.15197867136109,138.37075909916865,126.84262184472867,378.82700773214003,5.571424053313407
16:29668228:+,3.66810289711785,120.15197867136109,138.37075909916865,126.84262184472867,378.82700773214003,5.571424053313407
16:29668306:+,3.66810289711785,120.15197867136109,138.37075909916865,126.84262184472867,378.82700773214003,5.571424053313407
16:29668480:+,3.66810289711785,120.15197867136109,138.37075909916865,126.84262184472867,378.82700773214003,5.571424053313407
16:29668509:+,3.66810289711785,120.15197867136109,138.37075909916865,126.84262184472867,378.82700773214003,5.571424053313407
16:29668636:+,3.66810289711785,120.15197867136109,138.37075909916865,126.84262184472867,378.82700773214003,5.571424053313407
16:29668699:+,3.66810289711785,120.15197867136109,138.37075909916865,126.84262184472867,378.82700773214003,5.571424053313407
16:29668712:+,3.66810289711785,120.15197867136109,138.37075909916865,126.84262184472867,378.82700773214003,5.571424053313407
16:29668883:+,3.66810289711785,120.15197867136109,138.37075909916865,126.84262184472867,378.82700773214003,5.571424053313407
16:29668892:+,3.66810289711785,120.15197867136109,138.37075909916865,126.84262184472867,378.82700773214003,5.571424053313407
16:29668965:+,3.66810289711785,120.15197867136109,138.37075909916865,126.84262184472867,378.82700773214003,5.571424053313407
16:29669100:+,3.66810289711785,120.15197867136109,138.37075909916865,126.84262184472867,378.82700773214003,5.571424053313407
16:29669600:+,3.66810289711785,120.15197867136109,138.37075909916865,126.84262184472867,378.82700773214003,5.571424053313407
16:29669949:+,3.66810289711785,120.15197867136109,138.37075909916865,126.84262184472867,378.82700773214003,5.571424053313407
16:29669981:+,3.66810289711785,120.15197867136109,138.37075909916865,126.84262184472867,378.82700773214003,5.571424053313407
16:29670009:+,3.66810289711785,120.15197867136109,138.37075909916865,126.84262184472867,378.82700773214003,5.571424053313407
16:29670049:+,3.66810289711785,120.15197867136109,138.37075909916865,126.84262184472867,378.82700773214003,5.571424053313407
16:29670138:+,3.66810289711785,120.15197867136109,138.37075909916865,126.84262184472867,378.82700773214003,5.571424053313407
16:29670200:+,3.66810289711785,120.15197867136109,138.37075909916865,126.84262184472867,378.82700773214003,5.571424053313407
16:29670367:+,3.66810289711785,120.15197867136109,138.37075909916865,126.84262184472867,378.82700773214003,5.571424053313407
16:29670438:+,3.66810289711785,120.15197867136109,138.37075909916865,126.84262184472867,378.82700773214003,5.571424053313407
16:3242105:-,0.40394728538161323,0.24217706000137723,0.24149372744039072,137.70692376155392,3.75332479476647,543.4978404549947
16:3242117:-,0.40394728538161323,0.24217706000137723,0.24149372744039072,137.70692376155392,3.75332479476647,543.4978404549947
16:3242132:-,0.40394728538161323,0.24217706000137723,0.24149372744039072,137.70692376155392,3.75332479476647,543.4978404549947
16:3242199:-,0.40394728538161323,0.24217706000137723,0.24149372744039072,137.70692376155392,3.75332479476647,543.4978404549947
16:3242489:-,0.40394728538161323,0.24217706000137723,0.24149372744039072,137.70692376155392,3.75332479476647,543.4978404549947
16:48352383:+,121.73338648155408,149.76987320826976,129.52884506736257,61.602818386497965,114.16868653031642,14.474738111304442
16:48352442:+,121.73338648155408,149.76987320826976,129.52884506736257,61.602818386497965,114.16868653031642,14.474738111304442
16:48352443:+,121.73338648155408,149.76987320826976,129.52884506736257,61.602818386497965,114.16868653031642,14.474738111304442
16:48352578:+,121.73338648155408,149.76987320826976,129.52884506736257,61.602818386497965,114.16868653031642,14.474738111304442
16:48353398:+,121.73338648155408,149.76987320826976,129.52884506736257,61.602818386497965,114.16868653031642,14.474738111304442
16:48354482:+,121.73338648155408,149.76987320826976,129.52884506736257,61.602818386497965,114.16868653031642,14.474738111304442
16:50105571:+,26.39571506535428,31.50106639262087,33.88421105369261,49.44093888757367,38.75862262486057,3.448837330068754
16:50673292:-,44.094267192872806,80.4872858273111,52.25474994864865,62.249516506092846,81.45609731161215,94.56575560004589
16:57683958:+,0.18960059115717476,0.1414071591619036,1.0447141254522514,0.7206222850307605,32.43169232010375,606.3722466047523
16:67546369:+,260.7705038537314,40.35668179805813,31.832962112350522,149.6916050750192,71.07350421828905,112.99916039845095
16:69702643:+,86.02472883991334,81.4447744193429,86.56384088630634,39.18798213118998,189.16807150651684,159.27121322729727
16:70379917:-,80.64852707751095,51.54379006428289,55.50019970766378,65.68395903861946,73.15879700548105,221.71696566262594
16:75445495:-,38.23429557980934,45.15919972155383,56.97827643302981,34.15268688012061,69.05924021769206,17.38026334034523
16:75445992:-,38.23429557980934,45.15919972155383,56.97827643302981,34.15268688012061,69.05924021769206,17.38026334034523
16:75446008:-,38.23429557980934,45.15919972155383,56.97827643302981,34.15268688012061,69.05924021769206,17.38026334034523
16:75446074:-,38.23429557980934,45.15919972155383,56.97827643302981,34.15268688012061,69.05924021769206,17.38026334034523
16:89563497:+,2541.2729694703385,3440.4541971810186,2986.8176554741276,847.6710567241506,818.5821075383209,28.585407310568073
16:89563617:+,2541.2729694703385,3440.4541971810186,2986.8176554741276,847.6710567241506,818.5821075383209,28.585407310568073
17:1005526:-,140.4027801137388,135.78808943145282,136.15665993680315,224.66161198231362,219.36931848619176,214.90115966230974
17:1572942:-,89.50150682839106,5.5310718926313704,6.924777116794426,382.5466744963882,17.51395424431758,567.5859128747412
17:1573050:-,89.50150682839106,5.5310718926313704,6.924777116794426,382.5466744963882,17.51395424431758,567.5859128747412
17:1573080:-,89.50150682839106,5.5310718926313704,6.924777116794426,382.5466744963882,17.51395424431758,567.5859128747412
17:17186597:+,513.7539906684976,443.2069971356999,425.1179382411404,100.39349909250348,426.11564753387944,25.382440661465694
17:17186611:+,513.7539906684976,443.2069971356999,425.1179382411404,100.39349909250348,426.11564753387944,25.382440661465694
17:17186660:+,513.7539906684976,443.2069971356999,425.1179382411404,100.39349909250348,426.11564753387944,25.382440661465694
17:29551047:+,157.71484636774954,158.6851178130375,144.83551458359503,111.8386997936675,166.62778908112924,134.16346685533358
17:3035658:+,59.5632062985011,101.26097800385837,139.79702717658756,156.99201169714158,653.706363653251,178.38368997066667
17:30958767:+,10.032130016143942,0.014539306375055482,0.20735813592612423,84.21763603686027,0.15136217066160806,1.7712359909714785
17:31534384:+,129.39420046727548,114.12263977447809,136.11690817722499,61.55428292141504,169.14195865572532,162.23677781380175
17:31534509:+,129.39420046727548,114.12263977447809,136.11690817722499,61.55428292141504,169.14195865572532,162.23677781380175
17:35010639:-,21.035634687137563,58.09897655639537,48.07112880489559,23.931335972800092,42.01027405853867,77.30550082408196
17:35010995:-,21.035634687137563,58.09897655639537,48.07112880489559,23.931335972800092,42.01027405853867,77.30550082408196
17:35271156:+,13.775711775594147,317.28203677379713,241.3286712601112,22.999434080022297,244.18386092904095,7.876402066576021
17:35439591:-,18.91137775359171,52.69495479608753,64.64220432638787,1.4032720683469446,306.50332191574347,3.1023941373086066
17:35468033:-,5.938969990721888,268.45022690088723,321.2125376470085,2.1357178894327395,466.1643906525809,0.9453414884590051
17:35468168:-,5.938969990721888,268.45022690088723,321.2125376470085,2.1357178894327395,466.1643906525809,0.9453414884590051
17:35468774:-,5.938969990721888,268.45022690088723,321.2125376470085,2.1357178894327395,466.1643906525809,0.9453414884590051
17:35468784:-,5.938969990721888,268.45022690088723,321.2125376470085,2.1357178894327395,466.1643906525809,0.9453414884590051
17:35468795:-,5.938969990721888,268.45022690088723,321.2125376470085,2.1357178894327395,466.1643906525809,0.9453414884590051
17:35468880:-,5.938969990721888,268.45022690088723,321.2125376470085,2.1357178894327395,466.1643906525809,0.9453414884590051
17:35468891:-,5.938969990721888,268.45022690088723,321.2125376470085,2.1357178894327395,466.1643906525809,0.9453414884590051
17:35468903:-,5.938969990721888,268.45022690088723,321.2125376470085,2.1357178894327395,466.1643906525809,0.9453414884590051
17:35468906:-,5.938969990721888,268.45022690088723,321.2125376470085,2.1357178894327395,466.1643906525809,0.9453414884590051
17:35473996:-,5.938969990721888,268.45022690088723,321.2125376470085,2.1357178894327395,466.1643906525809,0.9453414884590051
17:35474731:-,5.938969990721888,268.45022690088723,321.2125376470085,2.1357178894327395,466.1643906525809,0.9453414884590051
17:35474922:-,5.938969990721888,268.45022690088723,321.2125376470085,2.1357178894327395,466.1643906525809,0.9453414884590051
17:37515695:-,182.50034567608185,214.64351251537636,233.1562778694451,35.175613866910844,183.57546405637356,53.754462579935705
17:38919642:+,139.6470251624081,168.08166447069704,183.09490147109096,371.3747420782182,448.8428222037053,746.4524163215412
17:3897601:-,60.84327204375312,0.10959005985054017,0.2529712109609784,111.91258832329558,3.039333145980224,87.83068857429909
17:39759158:-,448.44851491910254,200.6604489192403,270.0720969756336,0.23739771109790314,287.34295469801737,0.25035198637712786
17:39759180:-,448.44851491910254,200.6604489192403,270.0720969756336,0.23739771109790314,287.34295469801737,0.25035198637712786
17:39759293:-,448.44851491910254,200.6604489192403,270.0720969756336,0.23739771109790314,287.34295469801737,0.25035198637712786
17:39759298:-,448.44851491910254,200.6604489192403,270.0720969756336,0.23739771109790314,287.34295469801737,0.25035198637712786
17:39759353:-,448.44851491910254,200.6604489192403,270.0720969756336,0.23739771109790314,287.34295469801737,0.25035198637712786
17:39759377:-,448.44851491910254,200.6604489192403,270.0720969756336,0.23739771109790314,287.34295469801737,0.25035198637712786
17:39759379:-,448.44851491910254,200.6604489192403,270.0720969756336,0.23739771109790314,287.34295469801737,0.25035198637712786
17:39760207:-,448.44851491910254,200.6604489192403,270.0720969756336,0.23739771109790314,287.34295469801737,0.25035198637712786
17:39760536:-,448.44851491910254,200.6604489192403,270.0720969756336,0.23739771109790314,287.34295469801737,0.25035198637712786
17:39760560:-,448.44851491910254,200.6604489192403,270.0720969756336,0.23739771109790314,287.34295469801737,0.25035198637712786
17:39760595:-,448.44851491910254,200.6604489192403,270.0720969756336,0.23739771109790314,287.34295469801737,0.25035198637712786
17:39760596:-,448.44851491910254,200.6604489192403,270.0720969756336,0.23739771109790314,287.34295469801737,0.25035198637712786
17:39760920:-,448.44851491910254,200.6604489192403,270.0720969756336,0.23739771109790314,287.34295469801737,0.25035198637712786
17:39760965:-,448.44851491910254,200.6604489192403,270.0720969756336,0.23739771109790314,287.34295469801737,0.25035198637712786
17:39761010:-,448.44851491910254,200.6604489192403,270.0720969756336,0.23739771109790314,287.34295469801737,0.25035198637712786
17:39761057:-,448.44851491910254,200.6604489192403,270.0720969756336,0.23739771109790314,287.34295469801737,0.25035198637712786
17:39761068:-,448.44851491910254,200.6604489192403,270.0720969756336,0.23739771109790314,287.34295469801737,0.25035198637712786
17:39761076:-,448.44851491910254,200.6604489192403,270.0720969756336,0.23739771109790314,287.34295469801737,0.25035198637712786
17:39761469:-,448.44851491910254,200.6604489192403,270.0720969756336,0.23739771109790314,287.34295469801737,0.25035198637712786
17:39761473:-,448.44851491910254,200.6604489192403,270.0720969756336,0.23739771109790314,287.34295469801737,0.25035198637712786
17:39761481:-,448.44851491910254,200.6604489192403,270.0720969756336,0.23739771109790314,287.34295469801737,0.25035198637712786
17:39761495:-,448.44851491910254,200.6604489192403,270.0720969756336,0.23739771109790314,287.34295469801737,0.25035198637712786
17:39761516:-,448.44851491910254,200.6604489192403,270.0720969756336,0.23739771109790314,287.34295469801737,0.25035198637712786
17:39761549:-,448.44851491910254,200.6604489192403,270.0720969756336,0.23739771109790314,287.34295469801737,0.25035198637712786
17:39761885:-,448.44851491910254,200.6604489192403,270.0720969756336,0.23739771109790314,287.34295469801737,0.25035198637712786
17:39761941:-,448.44851491910254,200.6604489192403,270.0720969756336,0.23739771109790314,287.34295469801737,0.25035198637712786
17:39761977:-,448.44851491910254,200.6604489192403,270.0720969756336,0.23739771109790314,287.34295469801737,0.25035198637712786
17:39762027:-,448.44851491910254,200.6604489192403,270.0720969756336,0.23739771109790314,287.34295469801737,0.25035198637712786
17:39762629:-,448.44851491910254,200.6604489192403,270.0720969756336,0.23739771109790314,287.34295469801737,0.25035198637712786
17:39763882:-,448.44851491910254,200.6604489192403,270.0720969756336,0.23739771109790314,287.34295469801737,0.25035198637712786
17:39763950:-,448.44851491910254,200.6604489192403,270.0720969756336,0.23739771109790314,287.34295469801737,0.25035198637712786
17:39763964:-,448.44851491910254,200.6604489192403,270.0720969756336,0.23739771109790314,287.34295469801737,0.25035198637712786
17:39763990:-,448.44851491910254,200.6604489192403,270.0720969756336,0.23739771109790314,287.34295469801737,0.25035198637712786
17:39764007:-,448.44851491910254,200.6604489192403,270.0720969756336,0.23739771109790314,287.34295469801737,0.25035198637712786
17:39764206:-,448.44851491910254,200.6604489192403,270.0720969756336,0.23739771109790314,287.34295469801737,0.25035198637712786
17:39764280:-,448.44851491910254,200.6604489192403,270.0720969756336,0.23739771109790314,287.34295469801737,0.25035198637712786
17:39764368:-,448.44851491910254,200.6604489192403,270.0720969756336,0.23739771109790314,287.34295469801737,0.25035198637712786
17:39764402:-,448.44851491910254,200.6604489192403,270.0720969756336,0.23739771109790314,287.34295469801737,0.25035198637712786
17:39764407:-,448.44851491910254,200.6604489192403,270.0720969756336,0.23739771109790314,287.34295469801737,0.25035198637712786
17:39764418:-,448.44851491910254,200.6604489192403,270.0720969756336,0.23739771109790314,287.34295469801737,0.25035198637712786
17:42702335:-,149.39590511527467,146.55119526650975,128.49745554995928,70.10974364010094,125.82069126995465,101.48425115593997
17:43218105:+,24.55572928675004,5.881590375143928,6.266392492037361,19.65502839987384,11.57457451756892,1.7880880708847684
17:440932:-,2.056146607356316,135.32700781106556,112.78579195522622,134.3476397316211,84.05338382103238,248.6176928698491
17:441919:-,2.056146607356316,135.32700781106556,112.78579195522622,134.3476397316211,84.05338382103238,248.6176928698491
17:441981:-,2.056146607356316,135.32700781106556,112.78579195522622,134.3476397316211,84.05338382103238,248.6176928698491
17:441991:-,2.056146607356316,135.32700781106556,112.78579195522622,134.3476397316211,84.05338382103238,248.6176928698491
17:48121400:+,33.937912330870915,22.377298519042732,25.474532906471563,40.21821196769592,34.58617876543607,78.96815591945693
17:49831007:+,101.5635947702845,116.14219512169826,152.03564255096194,94.41769809821199,160.9268070524302,63.80978586199936
17:56891473:-,135.21721017241606,78.00821254454017,72.67558072979514,166.98046415124523,103.5790066305031,569.5538089698973
17:63694744:+,113.56347460890599,142.9065932219692,141.25916219885602,423.49217104933336,142.8704401335054,339.21639863633754
17:64321539:-,96.18942932807575,41.38680762814645,125.3023439278381,827.9967939418625,88.68578183128822,1210.5675596162907
17:64321638:-,96.18942932807575,41.38680762814645,125.3023439278381,827.9967939418625,88.68578183128822,1210.5675596162907
17:64321677:-,96.18942932807575,41.38680762814645,125.3023439278381,827.9967939418625,88.68578183128822,1210.5675596162907
17:64322853:-,96.18942932807575,41.38680762814645,125.3023439278381,827.9967939418625,88.68578183128822,1210.5675596162907
17:64322879:-,96.18942932807575,41.38680762814645,125.3023439278381,827.9967939418625,88.68578183128822,1210.5675596162907
17:64322885:-,96.18942932807575,41.38680762814645,125.3023439278381,827.9967939418625,88.68578183128822,1210.5675596162907
17:64322886:-,96.18942932807575,41.38680762814645,125.3023439278381,827.9967939418625,88.68578183128822,1210.5675596162907
17:64322996:-,96.18942932807575,41.38680762814645,125.3023439278381,827.9967939418625,88.68578183128822,1210.5675596162907
17:64468388:+,11.652828386243025,0.0496221214650443,0.17630835530729932,33.50426213628024,1.2311379175662183,7.792757871850018
17:6774884:+,219.84667465377697,184.81137055471262,113.54699932172224,176.61289373027705,183.6998945173616,252.09247882303504
17:7246055:-,120.75645337003492,107.96986212473571,118.34254046288157,152.29537950221578,108.77607602500352,86.14085275989774
17:75889325:-,41.40027518691264,41.02168957612634,43.44888860545453,18.360422655867637,44.1655574870514,0.9546359171262926
17:75889857:-,41.40027518691264,41.02168957612634,43.44888860545453,18.360422655867637,44.1655574870514,0.9546359171262926
17:75890130:-,41.40027518691264,41.02168957612634,43.44888860545453,18.360422655867637,44.1655574870514,0.9546359171262926
17:75943360:-,19.378395954212703,23.411852871808026,22.22799373152161,43.06327971060289,34.8581016768802,191.3020215004429
17:75943521:-,19.378395954212703,23.411852871808026,22.22799373152161,43.06327971060289,34.8581016768802,191.3020215004429
17:75943995:-,19.378395954212703,23.411852871808026,22.22799373152161,43.06327971060289,34.8581016768802,191.3020215004429
17:75944038:-,19.378395954212703,23.411852871808026,22.22799373152161,43.06327971060289,34.8581016768802,191.3020215004429
17:75944149:-,19.378395954212703,23.411852871808026,22.22799373152161,43.06327971060289,34.8581016768802,191.3020215004429
17:75944151:-,19.378395954212703,23.411852871808026,22.22799373152161,43.06327971060289,34.8581016768802,191.3020215004429
17:75944358:-,19.378395954212703,23.411852871808026,22.22799373152161,43.06327971060289,34.8581016768802,191.3020215004429
17:75944793:-,19.378395954212703,23.411852871808026,22.22799373152161,43.06327971060289,34.8581016768802,191.3020215004429
17:75944836:-,19.378395954212703,23.411852871808026,22.22799373152161,43.06327971060289,34.8581016768802,191.3020215004429
17:75944850:-,19.378395954212703,23.411852871808026,22.22799373152161,43.06327971060289,34.8581016768802,191.3020215004429
17:75944877:-,19.378395954212703,23.411852871808026,22.22799373152161,43.06327971060289,34.8581016768802,191.3020215004429
17:75945012:-,19.378395954212703,23.411852871808026,22.22799373152161,43.06327971060289,34.8581016768802,191.3020215004429
17:75945017:-,19.378395954212703,23.411852871808026,22.22799373152161,43.06327971060289,34.8581016768802,191.3020215004429
17:75945026:-,19.378395954212703,23.411852871808026,22.22799373152161,43.06327971060289,34.8581016768802,191.3020215004429
17:78109578:-,596.3333842791884,933.5249346777364,965.6577531928344,174.2798420692281,817.5807781030396,94.22427294676046
17:78110521:-,596.3333842791884,933.5249346777364,965.6577531928344,174.2798420692281,817.5807781030396,94.22427294676046
17:7911910:+,266.90751962788715,970.0644001669589,772.6087104346345,176.784393199598,629.6238017524809,88.38126102902663
17:81681339:-,31.698095758238004,36.31893587368183,35.92673214760298,15.796220726171805,32.42464829498587,6.488017786640671
17:81681365:-,31.698095758238004,36.31893587368183,35.92673214760298,15.796220726171805,32.42464829498587,6.488017786640671
17:8224975:-,357.9309407988733,432.80141550552116,392.3333400651635,47.56870942409837,305.4501774613822,65.03626703412858
18:32068939:+,33.74330685814192,168.4098595194992,269.0959834681875,38.13306792147,344.8219406289519,3.4696364296791997
18:32068940:+,33.74330685814192,168.4098595194992,269.0959834681875,38.13306792147,344.8219406289519,3.4696364296791997
18:32068983:+,33.74330685814192,168.4098595194992,269.0959834681875,38.13306792147,344.8219406289519,3.4696364296791997
18:32069035:+,33.74330685814192,168.4098595194992,269.0959834681875,38.13306792147,344.8219406289519,3.4696364296791997
18:32069053:+,33.74330685814192,168.4098595194992,269.0959834681875,38.13306792147,344.8219406289519,3.4696364296791997
18:32069157:+,33.74330685814192,168.4098595194992,269.0959834681875,38.13306792147,344.8219406289519,3.4696364296791997
18:32070101:+,33.74330685814192,168.4098595194992,269.0959834681875,38.13306792147,344.8219406289519,3.4696364296791997
18:32070140:+,33.74330685814192,168.4098595194992,269.0959834681875,38.13306792147,344.8219406289519,3.4696364296791997
18:32070205:+,33.74330685814192,168.4098595194992,269.0959834681875,38.13306792147,344.8219406289519,3.4696364296791997
18:32071299:+,33.74330685814192,168.4098595194992,269.0959834681875,38.13306792147,344.8219406289519,3.4696364296791997
18:32071398:+,33.74330685814192,168.4098595194992,269.0959834681875,38.13306792147,344.8219406289519,3.4696364296791997
18:32071973:+,33.74330685814192,168.4098595194992,269.0959834681875,38.13306792147,344.8219406289519,3.4696364296791997
18:32072115:+,33.74330685814192,168.4098595194992,269.0959834681875,38.13306792147,344.8219406289519,3.4696364296791997
18:32072155:+,33.74330685814192,168.4098595194992,269.0959834681875,38.13306792147,344.8219406289519,3.4696364296791997
18:58753332:+,245.19310760834884,218.0684191132806,128.5481132591114,75.66670999284514,96.793735781061,14.1963625331564
19:10930129:+,8.286616095140577,15.510220346580772,17.79595057461575,7.171576351623887,22.01126966582714,2.5389108496377175
19:12079390:+,0.001,0.001,0.001,0.001,0.001,0.001
19:12080806:+,0.001,0.001,0.001,0.001,0.001,0.001
19:12670968:-,0.001,0.001,0.001,0.001,0.001,0.001
19:12672568:-,0.001,0.001,0.001,0.001,0.001,0.001
19:13772619:+,60.40155784575026,90.01408188474677,77.24217081488817,32.53934403280175,62.096882574400595,3.122888154825919
19:13773028:+,60.40155784575026,90.01408188474677,77.24217081488817,32.53934403280175,62.096882574400595,3.122888154825919
19:13773040:+,60.40155784575026,90.01408188474677,77.24217081488817,32.53934403280175,62.096882574400595,3.122888154825919
19:13773047:+,60.40155784575026,90.01408188474677,77.24217081488817,32.53934403280175,62.096882574400595,3.122888154825919
19:13773059:+,60.40155784575026,90.01408188474677,77.24217081488817,32.53934403280175,62.096882574400595,3.122888154825919
19:13773147:+,60.40155784575026,90.01408188474677,77.24217081488817,32.53934403280175,62.096882574400595,3.122888154825919
19:13773191:+,60.40155784575026,90.01408188474677,77.24217081488817,32.53934403280175,62.096882574400595,3.122888154825919
19:13773205:+,60.40155784575026,90.01408188474677,77.24217081488817,32.53934403280175,62.096882574400595,3.122888154825919
19:13773361:+,60.40155784575026,90.01408188474677,77.24217081488817,32.53934403280175,62.096882574400595,3.122888154825919
19:13773384:+,60.40155784575026,90.01408188474677,77.24217081488817,32.53934403280175,62.096882574400595,3.122888154825919
19:13773416:+,60.40155784575026,90.01408188474677,77.24217081488817,32.53934403280175,62.096882574400595,3.122888154825919
19:13773757:+,60.40155784575026,90.01408188474677,77.24217081488817,32.53934403280175,62.096882574400595,3.122888154825919
19:13773912:+,60.40155784575026,90.01408188474677,77.24217081488817,32.53934403280175,62.096882574400595,3.122888154825919
19:13773924:+,60.40155784575026,90.01408188474677,77.24217081488817,32.53934403280175,62.096882574400595,3.122888154825919
19:13773927:+,60.40155784575026,90.01408188474677,77.24217081488817,32.53934403280175,62.096882574400595,3.122888154825919
19:14610598:+,171.07620392688557,0.07547034594454666,0.12045792629729365,0.8576959793355322,0.24222780669838556,10.519097258060407
19:14610605:+,171.07620392688557,0.07547034594454666,0.12045792629729365,0.8576959793355322,0.24222780669838556,10.519097258060407
19:14610618:+,171.07620392688557,0.07547034594454666,0.12045792629729365,0.8576959793355322,0.24222780669838556,10.519097258060407
19:14610684:+,171.07620392688557,0.07547034594454666,0.12045792629729365,0.8576959793355322,0.24222780669838556,10.519097258060407
19:14610685:+,171.07620392688557,0.07547034594454666,0.12045792629729365,0.8576959793355322,0.24222780669838556,10.519097258060407
19:14610717:+,171.07620392688557,0.07547034594454666,0.12045792629729365,0.8576959793355322,0.24222780669838556,10.519097258060407
19:14610740:+,171.07620392688557,0.07547034594454666,0.12045792629729365,0.8576959793355322,0.24222780669838556,10.519097258060407
19:14610781:+,171.07620392688557,0.07547034594454666,0.12045792629729365,0.8576959793355322,0.24222780669838556,10.519097258060407
19:14610788:+,171.07620392688557,0.07547034594454666,0.12045792629729365,0.8576959793355322,0.24222780669838556,10.519097258060407
19:14610794:+,171.07620392688557,0.07547034594454666,0.12045792629729365,0.8576959793355322,0.24222780669838556,10.519097258060407
19:14611400:+,171.07620392688557,0.07547034594454666,0.12045792629729365,0.8576959793355322,0.24222780669838556,10.519097258060407
19:14611690:+,171.07620392688557,0.07547034594454666,0.12045792629729365,0.8576959793355322,0.24222780669838556,10.519097258060407
19:14611729:+,171.07620392688557,0.07547034594454666,0.12045792629729365,0.8576959793355322,0.24222780669838556,10.519097258060407
19:14611737:+,171.07620392688557,0.07547034594454666,0.12045792629729365,0.8576959793355322,0.24222780669838556,10.519097258060407
19:14611746:+,171.07620392688557,0.07547034594454666,0.12045792629729365,0.8576959793355322,0.24222780669838556,10.519097258060407
19:14611791:+,171.07620392688557,0.07547034594454666,0.12045792629729365,0.8576959793355322,0.24222780669838556,10.519097258060407
19:14611805:+,171.07620392688557,0.07547034594454666,0.12045792629729365,0.8576959793355322,0.24222780669838556,10.519097258060407
19:14734291:-,1.8300325818693972,3.989684813714314,5.5605880653669875,167.76422736061159,24.540573808337896,488.264779753237
19:14734323:-,1.8300325818693972,3.989684813714314,5.5605880653669875,167.76422736061159,24.540573808337896,488.264779753237
19:14734348:-,1.8300325818693972,3.989684813714314,5.5605880653669875,167.76422736061159,24.540573808337896,488.264779753237
19:14734350:-,1.8300325818693972,3.989684813714314,5.5605880653669875,167.76422736061159,24.540573808337896,488.264779753237
19:14734437:-,1.8300325818693972,3.989684813714314,5.5605880653669875,167.76422736061159,24.540573808337896,488.264779753237
19:14734608:-,1.8300325818693972,3.989684813714314,5.5605880653669875,167.76422736061159,24.540573808337896,488.264779753237
19:14734644:-,1.8300325818693972,3.989684813714314,5.5605880653669875,167.76422736061159,24.540573808337896,488.264779753237
19:14734650:-,1.8300325818693972,3.989684813714314,5.5605880653669875,167.76422736061159,24.540573808337896,488.264779753237
19:14734663:-,1.8300325818693972,3.989684813714314,5.5605880653669875,167.76422736061159,24.540573808337896,488.264779753237
19:14734668:-,1.8300325818693972,3.989684813714314,5.5605880653669875,167.76422736061159,24.540573808337896,488.264779753237
19:14734701:-,1.8300325818693972,3.989684813714314,5.5605880653669875,167.76422736061159,24.540573808337896,488.264779753237
19:14734717:-,1.8300325818693972,3.989684813714314,5.5605880653669875,167.76422736061159,24.540573808337896,488.264779753237
19:15661100:+,0.14877493330642838,0.16570828536481846,0.14380807036442433,2.6207513342445328,3.3423929852872436,537.0456305736229
19:15661101:+,0.14877493330642838,0.16570828536481846,0.14380807036442433,2.6207513342445328,3.3423929852872436,537.0456305736229
19:15661114:+,0.14877493330642838,0.16570828536481846,0.14380807036442433,2.6207513342445328,3.3423929852872436,537.0456305736229
19:15661150:+,0.14877493330642838,0.16570828536481846,0.14380807036442433,2.6207513342445328,3.3423929852872436,537.0456305736229
19:15661157:+,0.14877493330642838,0.16570828536481846,0.14380807036442433,2.6207513342445328,3.3423929852872436,537.0456305736229
19:15661206:+,0.14877493330642838,0.16570828536481846,0.14380807036442433,2.6207513342445328,3.3423929852872436,537.0456305736229
19:15661211:+,0.14877493330642838,0.16570828536481846,0.14380807036442433,2.6207513342445328,3.3423929852872436,537.0456305736229
19:15661251:+,0.14877493330642838,0.16570828536481846,0.14380807036442433,2.6207513342445328,3.3423929852872436,537.0456305736229
19:15662215:+,0.14877493330642838,0.16570828536481846,0.14380807036442433,2.6207513342445328,3.3423929852872436,537.0456305736229
19:17552139:+,1309.0402317122596,0.7058436693923675,2.796351073576674,1.2619695770781356,1.4901779425111163,2.4899991966660413
19:17552177:+,1309.0402317122596,0.7058436693923675,2.796351073576674,1.2619695770781356,1.4901779425111163,2.4899991966660413
19:17552178:+,1309.0402317122596,0.7058436693923675,2.796351073576674,1.2619695770781356,1.4901779425111163,2.4899991966660413
19:17552212:+,1309.0402317122596,0.7058436693923675,2.796351073576674,1.2619695770781356,1.4901779425111163,2.4899991966660413
19:17552261:+,1309.0402317122596,0.7058436693923675,2.796351073576674,1.2619695770781356,1.4901779425111163,2.4899991966660413
19:17552278:+,1309.0402317122596,0.7058436693923675,2.796351073576674,1.2619695770781356,1.4901779425111163,2.4899991966660413
19:17552352:+,1309.0402317122596,0.7058436693923675,2.796351073576674,1.2619695770781356,1.4901779425111163,2.4899991966660413
19:17552370:+,1309.0402317122596,0.7058436693923675,2.796351073576674,1.2619695770781356,1.4901779425111163,2.4899991966660413
19:17552400:+,1309.0402317122596,0.7058436693923675,2.796351073576674,1.2619695770781356,1.4901779425111163,2.4899991966660413
19:17552437:+,1309.0402317122596,0.7058436693923675,2.796351073576674,1.2619695770781356,1.4901779425111163,2.4899991966660413
19:17552438:+,1309.0402317122596,0.7058436693923675,2.796351073576674,1.2619695770781356,1.4901779425111163,2.4899991966660413
19:17552485:+,1309.0402317122596,0.7058436693923675,2.796351073576674,1.2619695770781356,1.4901779425111163,2.4899991966660413
19:17552652:+,1309.0402317122596,0.7058436693923675,2.796351073576674,1.2619695770781356,1.4901779425111163,2.4899991966660413
19:17552661:+,1309.0402317122596,0.7058436693923675,2.796351073576674,1.2619695770781356,1.4901779425111163,2.4899991966660413
19:17552674:+,1309.0402317122596,0.7058436693923675,2.796351073576674,1.2619695770781356,1.4901779425111163,2.4899991966660413
19:17552675:+,1309.0402317122596,0.7058436693923675,2.796351073576674,1.2619695770781356,1.4901779425111163,2.4899991966660413
19:17552680:+,1309.0402317122596,0.7058436693923675,2.796351073576674,1.2619695770781356,1.4901779425111163,2.4899991966660413
19:17552683:+,1309.0402317122596,0.7058436693923675,2.796351073576674,1.2619695770781356,1.4901779425111163,2.4899991966660413
19:17552777:+,1309.0402317122596,0.7058436693923675,2.796351073576674,1.2619695770781356,1.4901779425111163,2.4899991966660413
19:17552817:+,1309.0402317122596,0.7058436693923675,2.796351073576674,1.2619695770781356,1.4901779425111163,2.4899991966660413
19:17552828:+,1309.0402317122596,0.7058436693923675,2.796351073576674,1.2619695770781356,1.4901779425111163,2.4899991966660413
19:17552838:+,1309.0402317122596,0.7058436693923675,2.796351073576674,1.2619695770781356,1.4901779425111163,2.4899991966660413
19:17553031:+,1309.0402317122596,0.7058436693923675,2.796351073576674,1.2619695770781356,1.4901779425111163,2.4899991966660413
19:17825711:-,177.13549215320123,422.3236883616942,328.19286141059683,80.13916847365141,179.3593196075468,479.9127465674949
19:17826308:-,177.13549215320123,422.3236883616942,328.19286141059683,80.13916847365141,179.3593196075468,479.9127465674949
19:17826378:-,177.13549215320123,422.3236883616942,328.19286141059683,80.13916847365141,179.3593196075468,479.9127465674949
19:18149698:+,126.44370843639713,104.16767011652975,114.20338225618015,98.83829795799711,196.63876477954665,357.3764383535367
19:18173936:+,0.1250439994738277,0.001,0.020686935339756435,2.7992494210485184,0.001,0.08688452114531714
19:18177740:+,0.1250439994738277,0.001,0.020686935339756435,2.7992494210485184,0.001,0.08688452114531714
19:18365365:+,31.648192970672902,46.79742522395957,54.83056367491887,59.20219338406345,92.48946831847725,12.637994632484755
19:18366898:+,31.648192970672902,46.79742522395957,54.83056367491887,59.20219338406345,92.48946831847725,12.637994632484755
19:18368011:+,31.648192970672902,46.79742522395957,54.83056367491887,59.20219338406345,92.48946831847725,12.637994632484755
19:18368074:+,31.648192970672902,46.79742522395957,54.83056367491887,59.20219338406345,92.48946831847725,12.637994632484755
19:19177384:-,16.32277558560378,14.355520762521842,11.989380751786408,18.721114905503867,13.88094367895927,24.20099560055891
19:19177394:-,16.32277558560378,14.355520762521842,11.989380751786408,18.721114905503867,13.88094367895927,24.20099560055891
19:19681494:+,54.50953137899311,124.12567088372276,89.15448735600627,5.2921580094234475,34.84298614902472,11.37860573268437
19:19681646:+,54.50953137899311,124.12567088372276,89.15448735600627,5.2921580094234475,34.84298614902472,11.37860573268437
19:19682267:+,54.50953137899311,124.12567088372276,89.15448735600627,5.2921580094234475,34.84298614902472,11.37860573268437
19:19682923:+,54.50953137899311,124.12567088372276,89.15448735600627,5.2921580094234475,34.84298614902472,11.37860573268437
19:20198687:+,14.407335101458385,7.888511890690156,5.5063687341107075,1.5404242460264248,4.8293857973035585,28.18402404894138
19:20198783:+,14.407335101458385,7.888511890690156,5.5063687341107075,1.5404242460264248,4.8293857973035585,28.18402404894138
19:20199510:+,14.407335101458385,7.888511890690156,5.5063687341107075,1.5404242460264248,4.8293857973035585,28.18402404894138
19:2072922:-,299.321968746298,112.3459835170963,184.33353235709652,338.6064937534507,351.3021537112362,743.2892393804856
19:2072971:-,299.321968746298,112.3459835170963,184.33353235709652,338.6064937534507,351.3021537112362,743.2892393804856
19:21184264:+,58.21849051970754,43.51124901243778,39.557101808479565,15.498386898011894,45.784140377202,11.096981480787827
19:2512165:-,314.80109955892766,12.508065972220098,10.57198698346948,6.504632518138164,1.5602852201054636,27.96541747180653
19:3466357:+,21.607748333100492,44.634577426455365,35.278670316368164,53.719288893858035,21.51900934008053,54.92000947476231
19:35746747:+,8.254873084923346,7.777060944658725,8.013525766156244,18.776507918455433,11.889549490912126,25.934266260845927
19:38868138:-,38.55012842536358,50.68254095722461,45.67992443949324,10.417987428735074,65.15241738331413,35.03661353977131
19:38868225:-,38.55012842536358,50.68254095722461,45.67992443949324,10.417987428735074,65.15241738331413,35.03661353977131
19:38868387:-,38.55012842536358,50.68254095722461,45.67992443949324,10.417987428735074,65.15241738331413,35.03661353977131
19:38868429:-,38.55012842536358,50.68254095722461,45.67992443949324,10.417987428735074,65.15241738331413,35.03661353977131
19:38868459:-,38.55012842536358,50.68254095722461,45.67992443949324,10.417987428735074,65.15241738331413,35.03661353977131
19:38868509:-,38.55012842536358,50.68254095722461,45.67992443949324,10.417987428735074,65.15241738331413,35.03661353977131
19:38868521:-,38.55012842536358,50.68254095722461,45.67992443949324,10.417987428735074,65.15241738331413,35.03661353977131
19:38868549:-,38.55012842536358,50.68254095722461,45.67992443949324,10.417987428735074,65.15241738331413,35.03661353977131
19:38868588:-,38.55012842536358,50.68254095722461,45.67992443949324,10.417987428735074,65.15241738331413,35.03661353977131
19:38869066:-,38.55012842536358,50.68254095722461,45.67992443949324,10.417987428735074,65.15241738331413,35.03661353977131
19:39426983:+,91.85498210988115,70.04986348302535,72.58374844512036,287.1507764091033,69.429486016957,6.032401614305425
19:39427166:+,91.85498210988115,70.04986348302535,72.58374844512036,287.1507764091033,69.429486016957,6.032401614305425
19:39427504:+,91.85498210988115,70.04986348302535,72.58374844512036,287.1507764091033,69.429486016957,6.032401614305425
19:39427589:+,91.85498210988115,70.04986348302535,72.58374844512036,287.1507764091033,69.429486016957,6.032401614305425
19:39427968:+,91.85498210988115,70.04986348302535,72.58374844512036,287.1507764091033,69.429486016957,6.032401614305425
19:41323065:+,62.48126418686665,58.054915609519256,53.67026565710706,35.16455986824567,70.32823375446765,55.575425784917456
19:41871485:+,1434.835450352028,1555.2990155578614,1465.0319007475505,448.8906218705673,531.5522327740903,20.90815794778663
19:41872625:+,1434.835450352028,1555.2990155578614,1465.0319007475505,448.8906218705673,531.5522327740903,20.90815794778663
19:41872633:+,1434.835450352028,1555.2990155578614,1465.0319007475505,448.8906218705673,531.5522327740903,20.90815794778663
19:41872642:+,1434.835450352028,1555.2990155578614,1465.0319007475505,448.8906218705673,531.5522327740903,20.90815794778663
19:41872774:+,1434.835450352028,1555.2990155578614,1465.0319007475505,448.8906218705673,531.5522327740903,20.90815794778663
19:4511817:+,2.241559909861131,2.5609428507793064,3.783798812070704,1.331648404414069,5.153745192909049,98.05249473997041
19:4522774:-,0.2012995163758091,0.6869912608508526,1.1040408299202398,1.658384591661306,0.8705194816508044,63.48320022747909
19:4522826:-,0.2012995163758091,0.6869912608508526,1.1040408299202398,1.658384591661306,0.8705194816508044,63.48320022747909
19:4523012:-,0.2012995163758091,0.6869912608508526,1.1040408299202398,1.658384591661306,0.8705194816508044,63.48320022747909
19:4523035:-,0.2012995163758091,0.6869912608508526,1.1040408299202398,1.658384591661306,0.8705194816508044,63.48320022747909
19:47321816:+,1.7759992754441707,1.2593769242916237,1.4191983382044044,778.5481936420138,23.30714059119864,1819.1832337669734
19:47342090:+,0.9473790756164049,1.2299365245881733,1.049626914583494,34.23947260210115,10.290843674408087,258.4331821846347
19:47342098:+,0.9473790756164049,1.2299365245881733,1.049626914583494,34.23947260210115,10.290843674408087,258.4331821846347
19:47342099:+,0.9473790756164049,1.2299365245881733,1.049626914583494,34.23947260210115,10.290843674408087,258.4331821846347
19:47342104:+,0.9473790756164049,1.2299365245881733,1.049626914583494,34.23947260210115,10.290843674408087,258.4331821846347
19:47342619:+,0.9473790756164049,1.2299365245881733,1.049626914583494,34.23947260210115,10.290843674408087,258.4331821846347
19:47343547:+,0.9473790756164049,1.2299365245881733,1.049626914583494,34.23947260210115,10.290843674408087,258.4331821846347
19:47344199:+,0.9473790756164049,1.2299365245881733,1.049626914583494,34.23947260210115,10.290843674408087,258.4331821846347
19:48249812:-,155.035203521744,206.80690824353272,181.3493614053168,114.23476172090179,186.5650953407461,409.2511545133263
19:48249840:-,155.035203521744,206.80690824353272,181.3493614053168,114.23476172090179,186.5650953407461,409.2511545133263
19:48255828:-,155.035203521744,206.80690824353272,181.3493614053168,114.23476172090179,186.5650953407461,409.2511545133263
19:48255860:-,155.035203521744,206.80690824353272,181.3493614053168,114.23476172090179,186.5650953407461,409.2511545133263
19:5151479:+,205.4046494048196,51.53543047171267,53.87664561925312,74.98877822066612,78.52182835611934,274.87990731561615
19:51518411:-,22.97033776242006,0.10536124288791944,0.0176011244443149,0.001,0.22931913664066128,0.001
19:51612339:-,9.467950159805726,0.07547034594454666,0.08740954788243434,51.10639789285561,2.3083918687560074,296.916173016135
19:51643652:-,38.49379336522169,0.12431551072434595,0.20595561246923003,202.10209857070657,1.1924325418359483,188.66311856364578
19:52839309:-,26.61073237306599,15.150581804293662,18.65495496946047,8.905765211460269,32.74624720151557,8.239145046241735
19:55389284:+,1303.6421718378808,1635.4320665073574,1544.4094840989521,719.2607437909435,531.4824306226507,136.1611269622115
19:55390413:+,1303.6421718378808,1635.4320665073574,1544.4094840989521,719.2607437909435,531.4824306226507,136.1611269622115
19:57757103:+,53.90139009821256,37.579094287743516,32.70297245300235,13.28474712811386,32.03205106325951,58.902158019904704
19:57843026:+,55.92824427157488,50.07285676222662,53.80431201078053,15.026504916867403,52.33422893226263,9.509075992290368
19:57843226:+,55.92824427157488,50.07285676222662,53.80431201078053,15.026504916867403,52.33422893226263,9.509075992290368
19:57843243:+,55.92824427157488,50.07285676222662,53.80431201078053,15.026504916867403,52.33422893226263,9.509075992290368
19:57844421:+,55.92824427157488,50.07285676222662,53.80431201078053,15.026504916867403,52.33422893226263,9.509075992290368
19:57844442:+,55.92824427157488,50.07285676222662,53.80431201078053,15.026504916867403,52.33422893226263,9.509075992290368
19:57845109:+,55.92824427157488,50.07285676222662,53.80431201078053,15.026504916867403,52.33422893226263,9.509075992290368
19:57845789:+,55.92824427157488,50.07285676222662,53.80431201078053,15.026504916867403,52.33422893226263,9.509075992290368
19:57860468:+,49.06463004109568,42.97544368403678,40.7173276327717,22.80774281654522,56.361911050036056,31.966977430464777
19:57861973:+,49.06463004109568,42.97544368403678,40.7173276327717,22.80774281654522,56.361911050036056,31.966977430464777
19:5909552:+,27.2406867281626,42.338366900649966,36.204638325339296,13.52853412411934,32.12199014979831,3.7742391937078117
19:5909553:+,27.2406867281626,42.338366900649966,36.204638325339296,13.52853412411934,32.12199014979831,3.7742391937078117
19:5909608:+,27.2406867281626,42.338366900649966,36.204638325339296,13.52853412411934,32.12199014979831,3.7742391937078117
19:5909618:+,27.2406867281626,42.338366900649966,36.204638325339296,13.52853412411934,32.12199014979831,3.7742391937078117
19:5909628:+,27.2406867281626,42.338366900649966,36.204638325339296,13.52853412411934,32.12199014979831,3.7742391937078117
19:5909649:+,27.2406867281626,42.338366900649966,36.204638325339296,13.52853412411934,32.12199014979831,3.7742391937078117
19:5910413:+,27.2406867281626,42.338366900649966,36.204638325339296,13.52853412411934,32.12199014979831,3.7742391937078117
19:5910657:+,27.2406867281626,42.338366900649966,36.204638325339296,13.52853412411934,32.12199014979831,3.7742391937078117
19:5910723:+,27.2406867281626,42.338366900649966,36.204638325339296,13.52853412411934,32.12199014979831,3.7742391937078117
19:9562242:-,84.24808892978672,72.19471319364882,84.38051591443073,37.38395657091404,68.70495749510611,0.8299389377935042
19:9562833:-,84.24808892978672,72.19471319364882,84.38051591443073,37.38395657091404,68.70495749510611,0.8299389377935042
19:9562853:-,84.24808892978672,72.19471319364882,84.38051591443073,37.38395657091404,68.70495749510611,0.8299389377935042
19:9562995:-,84.24808892978672,72.19471319364882,84.38051591443073,37.38395657091404,68.70495749510611,0.8299389377935042
19:9563661:-,84.24808892978672,72.19471319364882,84.38051591443073,37.38395657091404,68.70495749510611,0.8299389377935042
19:9563674:-,84.24808892978672,72.19471319364882,84.38051591443073,37.38395657091404,68.70495749510611,0.8299389377935042
1:10457994:-,33.94317210337546,33.79221292730098,32.108491764374065,22.41750669352238,30.001763980439407,1.4483883430725952
1:148102826:-,32.112109035913285,22.603799180909142,24.535261942387134,12.88816016578653,23.554144707773137,1.3346876573438307
1:149887303:-,1.2781012794612434,1.1149917961917473,1.2849192388591826,1.8260999913336113,1.4399451022637015,10.13567357522685
1:149887583:+,0.14216036121532352,0.09000965231960215,0.2142125681416839,0.43101012769451436,0.23567779234709646,1.7811142622285017
1:150731017:-,355.75121343473677,145.27318009539087,121.77003835727017,5196.464174204635,178.935201243777,3160.0056241829
1:150731108:-,355.75121343473677,145.27318009539087,121.77003835727017,5196.464174204635,178.935201243777,3160.0056241829
1:150731136:-,355.75121343473677,145.27318009539087,121.77003835727017,5196.464174204635,178.935201243777,3160.0056241829
1:150731142:-,355.75121343473677,145.27318009539087,121.77003835727017,5196.464174204635,178.935201243777,3160.0056241829
1:150731170:-,355.75121343473677,145.27318009539087,121.77003835727017,5196.464174204635,178.935201243777,3160.0056241829
1:150731195:-,355.75121343473677,145.27318009539087,121.77003835727017,5196.464174204635,178.935201243777,3160.0056241829
1:150731202:-,355.75121343473677,145.27318009539087,121.77003835727017,5196.464174204635,178.935201243777,3160.0056241829
1:150731221:-,355.75121343473677,145.27318009539087,121.77003835727017,5196.464174204635,178.935201243777,3160.0056241829
1:150731238:-,355.75121343473677,145.27318009539087,121.77003835727017,5196.464174204635,178.935201243777,3160.0056241829
1:150731239:-,355.75121343473677,145.27318009539087,121.77003835727017,5196.464174204635,178.935201243777,3160.0056241829
1:150731243:-,355.75121343473677,145.27318009539087,121.77003835727017,5196.464174204635,178.935201243777,3160.0056241829
1:150731265:-,355.75121343473677,145.27318009539087,121.77003835727017,5196.464174204635,178.935201243777,3160.0056241829
1:150731268:-,355.75121343473677,145.27318009539087,121.77003835727017,5196.464174204635,178.935201243777,3160.0056241829
1:150731275:-,355.75121343473677,145.27318009539087,121.77003835727017,5196.464174204635,178.935201243777,3160.0056241829
1:150731287:-,355.75121343473677,145.27318009539087,121.77003835727017,5196.464174204635,178.935201243777,3160.0056241829
1:150731300:-,355.75121343473677,145.27318009539087,121.77003835727017,5196.464174204635,178.935201243777,3160.0056241829
1:150731304:-,355.75121343473677,145.27318009539087,121.77003835727017,5196.464174204635,178.935201243777,3160.0056241829
1:150731305:-,355.75121343473677,145.27318009539087,121.77003835727017,5196.464174204635,178.935201243777,3160.0056241829
1:150731310:-,355.75121343473677,145.27318009539087,121.77003835727017,5196.464174204635,178.935201243777,3160.0056241829
1:150731335:-,355.75121343473677,145.27318009539087,121.77003835727017,5196.464174204635,178.935201243777,3160.0056241829
1:150731343:-,355.75121343473677,145.27318009539087,121.77003835727017,5196.464174204635,178.935201243777,3160.0056241829
1:150731361:-,355.75121343473677,145.27318009539087,121.77003835727017,5196.464174204635,178.935201243777,3160.0056241829
1:150731383:-,355.75121343473677,145.27318009539087,121.77003835727017,5196.464174204635,178.935201243777,3160.0056241829
1:150731385:-,355.75121343473677,145.27318009539087,121.77003835727017,5196.464174204635,178.935201243777,3160.0056241829
1:150731936:-,355.75121343473677,145.27318009539087,121.77003835727017,5196.464174204635,178.935201243777,3160.0056241829
1:150731941:-,355.75121343473677,145.27318009539087,121.77003835727017,5196.464174204635,178.935201243777,3160.0056241829
1:150731966:-,355.75121343473677,145.27318009539087,121.77003835727017,5196.464174204635,178.935201243777,3160.0056241829
1:150731971:-,355.75121343473677,145.27318009539087,121.77003835727017,5196.464174204635,178.935201243777,3160.0056241829
1:150731999:-,355.75121343473677,145.27318009539087,121.77003835727017,5196.464174204635,178.935201243777,3160.0056241829
1:150732006:-,355.75121343473677,145.27318009539087,121.77003835727017,5196.464174204635,178.935201243777,3160.0056241829
1:150732009:-,355.75121343473677,145.27318009539087,121.77003835727017,5196.464174204635,178.935201243777,3160.0056241829
1:150732023:-,355.75121343473677,145.27318009539087,121.77003835727017,5196.464174204635,178.935201243777,3160.0056241829
1:150732031:-,355.75121343473677,145.27318009539087,121.77003835727017,5196.464174204635,178.935201243777,3160.0056241829
1:150732067:-,355.75121343473677,145.27318009539087,121.77003835727017,5196.464174204635,178.935201243777,3160.0056241829
1:150732071:-,355.75121343473677,145.27318009539087,121.77003835727017,5196.464174204635,178.935201243777,3160.0056241829
1:150732108:-,355.75121343473677,145.27318009539087,121.77003835727017,5196.464174204635,178.935201243777,3160.0056241829
1:150732128:-,355.75121343473677,145.27318009539087,121.77003835727017,5196.464174204635,178.935201243777,3160.0056241829
1:150732136:-,355.75121343473677,145.27318009539087,121.77003835727017,5196.464174204635,178.935201243777,3160.0056241829
1:150732177:-,355.75121343473677,145.27318009539087,121.77003835727017,5196.464174204635,178.935201243777,3160.0056241829
1:150732182:-,355.75121343473677,145.27318009539087,121.77003835727017,5196.464174204635,178.935201243777,3160.0056241829
1:150732735:-,355.75121343473677,145.27318009539087,121.77003835727017,5196.464174204635,178.935201243777,3160.0056241829
1:150732739:-,355.75121343473677,145.27318009539087,121.77003835727017,5196.464174204635,178.935201243777,3160.0056241829
1:150732771:-,355.75121343473677,145.27318009539087,121.77003835727017,5196.464174204635,178.935201243777,3160.0056241829
1:150732801:-,355.75121343473677,145.27318009539087,121.77003835727017,5196.464174204635,178.935201243777,3160.0056241829
1:150732809:-,355.75121343473677,145.27318009539087,121.77003835727017,5196.464174204635,178.935201243777,3160.0056241829
1:150732828:-,355.75121343473677,145.27318009539087,121.77003835727017,5196.464174204635,178.935201243777,3160.0056241829
1:150732855:-,355.75121343473677,145.27318009539087,121.77003835727017,5196.464174204635,178.935201243777,3160.0056241829
1:151121699:+,39.16421125536844,66.3134144739311,71.98701691711692,16.652394221467972,49.74773792384632,3.66319912256775
1:151124328:+,39.16421125536844,66.3134144739311,71.98701691711692,16.652394221467972,49.74773792384632,3.66319912256775
1:151871158:-,13.080271992064024,108.83551748518443,61.27942283289206,2.840974368915921,18.884491097318296,0.22149462327746744
1:15934353:+,341.51887447161323,221.52604292384845,223.71291902154712,213.7918000643457,317.3211367036535,264.4061622811578
1:160332453:-,98.08889126463468,101.2194264380086,101.44924666600402,192.00578036715027,122.57957850038105,87.05284448564923
1:160350196:+,115.98591275961196,83.01585413378844,81.10475430969407,237.13344784116248,120.03171845536467,183.6930470566823
1:160996510:-,13.015093798668165,14.911472900819359,12.799275240438126,37.986653896556916,22.14221801669853,143.6588109938836
1:160996560:-,13.015093798668165,14.911472900819359,12.799275240438126,37.986653896556916,22.14221801669853,143.6588109938836
1:160996561:-,13.015093798668165,14.911472900819359,12.799275240438126,37.986653896556916,22.14221801669853,143.6588109938836
1:160996582:-,13.015093798668165,14.911472900819359,12.799275240438126,37.986653896556916,22.14221801669853,143.6588109938836
1:160996682:-,13.015093798668165,14.911472900819359,12.799275240438126,37.986653896556916,22.14221801669853,143.6588109938836
1:160998025:-,0.6913097384112127,0.6281440557339881,0.45557157862938236,0.09675823226343427,0.5332807661683358,0.41423814049199725
1:160998147:-,0.6913097384112127,0.6281440557339881,0.45557157862938236,0.09675823226343427,0.5332807661683358,0.41423814049199725
1:161047799:-,364.3053748208276,488.2935327866329,448.17971590365033,495.80274625387926,600.6516510109822,844.4359387744504
1:1663537:-,115.89118544727543,140.88953919710485,127.21398978032906,48.08021115956233,111.70938932660128,42.710675341918964
1:1663567:-,115.89118544727543,140.88953919710485,127.21398978032906,48.08021115956233,111.70938932660128,42.710675341918964
1:1663581:-,115.89118544727543,140.88953919710485,127.21398978032906,48.08021115956233,111.70938932660128,42.710675341918964
1:1663585:-,115.89118544727543,140.88953919710485,127.21398978032906,48.08021115956233,111.70938932660128,42.710675341918964
1:1663591:-,115.89118544727543,140.88953919710485,127.21398978032906,48.08021115956233,111.70938932660128,42.710675341918964
1:1663608:-,115.89118544727543,140.88953919710485,127.21398978032906,48.08021115956233,111.70938932660128,42.710675341918964
1:1663634:-,115.89118544727543,140.88953919710485,127.21398978032906,48.08021115956233,111.70938932660128,42.710675341918964
1:1663740:-,115.89118544727543,140.88953919710485,127.21398978032906,48.08021115956233,111.70938932660128,42.710675341918964
1:17069157:-,0.31635035265921085,0.07569863304521633,0.2840209915798033,120.96913984672524,3.7891461809336997,704.5591696574855
1:184791988:-,11.021890715028647,62.492531256798046,60.32814405256122,74.72267336077638,89.60340693423086,1834.4632469049652
1:184791994:-,11.021890715028647,62.492531256798046,60.32814405256122,74.72267336077638,89.60340693423086,1834.4632469049652
1:184792044:-,11.021890715028647,62.492531256798046,60.32814405256122,74.72267336077638,89.60340693423086,1834.4632469049652
1:184792053:-,11.021890715028647,62.492531256798046,60.32814405256122,74.72267336077638,89.60340693423086,1834.4632469049652
1:184792094:-,11.021890715028647,62.492531256798046,60.32814405256122,74.72267336077638,89.60340693423086,1834.4632469049652
1:184792139:-,11.021890715028647,62.492531256798046,60.32814405256122,74.72267336077638,89.60340693423086,1834.4632469049652
1:184792177:-,11.021890715028647,62.492531256798046,60.32814405256122,74.72267336077638,89.60340693423086,1834.4632469049652
1:184792215:-,11.021890715028647,62.492531256798046,60.32814405256122,74.72267336077638,89.60340693423086,1834.4632469049652
1:184792226:-,11.021890715028647,62.492531256798046,60.32814405256122,74.72267336077638,89.60340693423086,1834.4632469049652
1:184793337:-,11.021890715028647,62.492531256798046,60.32814405256122,74.72267336077638,89.60340693423086,1834.4632469049652
1:184793352:-,11.021890715028647,62.492531256798046,60.32814405256122,74.72267336077638,89.60340693423086,1834.4632469049652
1:184793389:-,11.021890715028647,62.492531256798046,60.32814405256122,74.72267336077638,89.60340693423086,1834.4632469049652
1:184793446:-,11.021890715028647,62.492531256798046,60.32814405256122,74.72267336077638,89.60340693423086,1834.4632469049652
1:184793455:-,11.021890715028647,62.492531256798046,60.32814405256122,74.72267336077638,89.60340693423086,1834.4632469049652
1:184793541:-,11.021890715028647,62.492531256798046,60.32814405256122,74.72267336077638,89.60340693423086,1834.4632469049652
1:204550605:+,303.349984584901,184.5012641317584,195.51512776808772,122.81544114515398,235.10814111257343,67.44854056012994
1:204550649:+,303.349984584901,184.5012641317584,195.51512776808772,122.81544114515398,235.10814111257343,67.44854056012994
1:204550768:+,303.349984584901,184.5012641317584,195.51512776808772,122.81544114515398,235.10814111257343,67.44854056012994
1:204552031:+,303.349984584901,184.5012641317584,195.51512776808772,122.81544114515398,235.10814111257343,67.44854056012994
1:204552193:+,303.349984584901,184.5012641317584,195.51512776808772,122.81544114515398,235.10814111257343,67.44854056012994
1:204552583:+,303.349984584901,184.5012641317584,195.51512776808772,122.81544114515398,235.10814111257343,67.44854056012994
1:204552595:+,303.349984584901,184.5012641317584,195.51512776808772,122.81544114515398,235.10814111257343,67.44854056012994
1:204555617:+,303.349984584901,184.5012641317584,195.51512776808772,122.81544114515398,235.10814111257343,67.44854056012994
1:204555677:+,303.349984584901,184.5012641317584,195.51512776808772,122.81544114515398,235.10814111257343,67.44854056012994
1:204555717:+,303.349984584901,184.5012641317584,195.51512776808772,122.81544114515398,235.10814111257343,67.44854056012994
1:204555821:+,303.349984584901,184.5012641317584,195.51512776808772,122.81544114515398,235.10814111257343,67.44854056012994
1:204556404:+,303.349984584901,184.5012641317584,195.51512776808772,122.81544114515398,235.10814111257343,67.44854056012994
1:204556419:+,303.349984584901,184.5012641317584,195.51512776808772,122.81544114515398,235.10814111257343,67.44854056012994
1:204556450:+,303.349984584901,184.5012641317584,195.51512776808772,122.81544114515398,235.10814111257343,67.44854056012994
1:204556462:+,303.349984584901,184.5012641317584,195.51512776808772,122.81544114515398,235.10814111257343,67.44854056012994
1:204556471:+,303.349984584901,184.5012641317584,195.51512776808772,122.81544114515398,235.10814111257343,67.44854056012994
1:204556512:+,303.349984584901,184.5012641317584,195.51512776808772,122.81544114515398,235.10814111257343,67.44854056012994
1:204556519:+,303.349984584901,184.5012641317584,195.51512776808772,122.81544114515398,235.10814111257343,67.44854056012994
1:204556558:+,303.349984584901,184.5012641317584,195.51512776808772,122.81544114515398,235.10814111257343,67.44854056012994
1:204556584:+,303.349984584901,184.5012641317584,195.51512776808772,122.81544114515398,235.10814111257343,67.44854056012994
1:204556652:+,303.349984584901,184.5012641317584,195.51512776808772,122.81544114515398,235.10814111257343,67.44854056012994
1:204556661:+,303.349984584901,184.5012641317584,195.51512776808772,122.81544114515398,235.10814111257343,67.44854056012994
1:204557425:+,303.349984584901,184.5012641317584,195.51512776808772,122.81544114515398,235.10814111257343,67.44854056012994
1:204557466:+,303.349984584901,184.5012641317584,195.51512776808772,122.81544114515398,235.10814111257343,67.44854056012994
1:204557502:+,303.349984584901,184.5012641317584,195.51512776808772,122.81544114515398,235.10814111257343,67.44854056012994
1:204557531:+,303.349984584901,184.5012641317584,195.51512776808772,122.81544114515398,235.10814111257343,67.44854056012994
1:204557623:+,303.349984584901,184.5012641317584,195.51512776808772,122.81544114515398,235.10814111257343,67.44854056012994
1:204557666:+,303.349984584901,184.5012641317584,195.51512776808772,122.81544114515398,235.10814111257343,67.44854056012994
1:212816222:+,21.584462880715712,10.47509004225408,9.585018749329075,13.861628813305071,6.039663246836734,25.050913882152233
1:225846244:-,260.28229931594524,510.7695249097982,375.10096732286576,48.03091196323081,163.7190395499827,44.910682306372635
1:225983638:-,62.602514224845024,70.46069815556285,98.15635528598555,48.89378041697627,129.0289058130144,59.89569679220727
1:225983698:-,62.602514224845024,70.46069815556285,98.15635528598555,48.89378041697627,129.0289058130144,59.89569679220727
1:225984620:-,62.602514224845024,70.46069815556285,98.15635528598555,48.89378041697627,129.0289058130144,59.89569679220727
1:24537642:+,66.29903502456038,534.7720008141346,301.5754846399103,18.138570682389346,11.00925374315609,0.5628216424194267
1:24537828:+,66.29903502456038,534.7720008141346,301.5754846399103,18.138570682389346,11.00925374315609,0.5628216424194267
1:24538468:+,66.29903502456038,534.7720008141346,301.5754846399103,18.138570682389346,11.00925374315609,0.5628216424194267
1:24538697:+,66.29903502456038,534.7720008141346,301.5754846399103,18.138570682389346,11.00925374315609,0.5628216424194267
1:24538857:+,66.29903502456038,534.7720008141346,301.5754846399103,18.138570682389346,11.00925374315609,0.5628216424194267
1:26879110:-,39.84041418547786,44.856843557799195,44.74842990860955,20.527919671563524,48.38616520749535,11.378691984414306
1:28498857:+,44.97322683941026,38.95166211423708,45.99028547683991,36.77246651727971,55.80540902060202,3.9412767606885017
1:28499572:+,44.97322683941026,38.95166211423708,45.99028547683991,36.77246651727971,55.80540902060202,3.9412767606885017
1:35602075:-,56.07301781530601,61.69205266717048,70.49293113182914,97.18533194112806,78.9179272299333,17.55339685130958
1:35602147:-,56.07301781530601,61.69205266717048,70.49293113182914,97.18533194112806,78.9179272299333,17.55339685130958
1:35602150:-,56.07301781530601,61.69205266717048,70.49293113182914,97.18533194112806,78.9179272299333,17.55339685130958
1:35602182:-,56.07301781530601,61.69205266717048,70.49293113182914,97.18533194112806,78.9179272299333,17.55339685130958
1:35602215:-,56.07301781530601,61.69205266717048,70.49293113182914,97.18533194112806,78.9179272299333,17.55339685130958
1:35602564:-,56.07301781530601,61.69205266717048,70.49293113182914,97.18533194112806,78.9179272299333,17.55339685130958
1:35602608:-,56.07301781530601,61.69205266717048,70.49293113182914,97.18533194112806,78.9179272299333,17.55339685130958
1:35602629:-,56.07301781530601,61.69205266717048,70.49293113182914,97.18533194112806,78.9179272299333,17.55339685130958
1:35602723:-,56.07301781530601,61.69205266717048,70.49293113182914,97.18533194112806,78.9179272299333,17.55339685130958
1:35602768:-,56.07301781530601,61.69205266717048,70.49293113182914,97.18533194112806,78.9179272299333,17.55339685130958
1:3780492:-,50.508581881784544,61.938639659843275,66.07757889466167,40.71824077447918,70.20106112112171,18.438566152414754
1:37860921:-,58.175640225063475,35.658430131092615,45.48992596033664,27.115792276622706,63.054756178042496,10.58533782666654
1:37860970:-,58.175640225063475,35.658430131092615,45.48992596033664,27.115792276622706,63.054756178042496,10.58533782666654
1:37861027:-,58.175640225063475,35.658430131092615,45.48992596033664,27.115792276622706,63.054756178042496,10.58533782666654
1:37861055:-,58.175640225063475,35.658430131092615,45.48992596033664,27.115792276622706,63.054756178042496,10.58533782666654
1:37861065:-,58.175640225063475,35.658430131092615,45.48992596033664,27.115792276622706,63.054756178042496,10.58533782666654
1:37861101:-,58.175640225063475,35.658430131092615,45.48992596033664,27.115792276622706,63.054756178042496,10.58533782666654
1:37862027:-,58.175640225063475,35.658430131092615,45.48992596033664,27.115792276622706,63.054756178042496,10.58533782666654
1:52823874:+,33.88715791317723,44.443641420372735,30.868266391695588,31.735523003277038,19.38491811212874,43.989026813026165
1:6522364:-,47.67894895333977,65.23407376419875,58.46446115061525,17.299666845505513,49.39571179507476,1.4951071910186124
1:66985111:+,75.04600596497937,115.13888247621524,106.62968461975414,61.8371805860349,98.88348641365005,128.94928733282606
1:66985165:+,75.04600596497937,115.13888247621524,106.62968461975414,61.8371805860349,98.88348641365005,128.94928733282606
1:89182619:-,59.47428652618533,121.17227899078028,77.3831718999537,80.09015165677737,111.04791077606411,107.0652082434521
1:89182705:-,59.47428652618533,121.17227899078028,77.3831718999537,80.09015165677737,111.04791077606411,107.0652082434521
1:89182751:-,59.47428652618533,121.17227899078028,77.3831718999537,80.09015165677737,111.04791077606411,107.0652082434521
1:89183643:-,59.47428652618533,121.17227899078028,77.3831718999537,80.09015165677737,111.04791077606411,107.0652082434521
1:89183685:-,59.47428652618533,121.17227899078028,77.3831718999537,80.09015165677737,111.04791077606411,107.0652082434521
1:89183695:-,59.47428652618533,121.17227899078028,77.3831718999537,80.09015165677737,111.04791077606411,107.0652082434521
1:89183803:-,59.47428652618533,121.17227899078028,77.3831718999537,80.09015165677737,111.04791077606411,107.0652082434521
1:89183838:-,59.47428652618533,121.17227899078028,77.3831718999537,80.09015165677737,111.04791077606411,107.0652082434521
1:89183865:-,59.47428652618533,121.17227899078028,77.3831718999537,80.09015165677737,111.04791077606411,107.0652082434521
1:9266897:+,113.38389438445257,92.03946527752481,82.8793215320963,100.45944177742511,117.25723951649985,27.441900357938927
20:20390866:-,51.84897826306556,71.13906058067982,68.29047708834553,54.91515643657173,64.73062989985195,137.3854087390504
20:36891631:-,27.913150951822484,486.4292972498051,329.9209536934446,760.0748554736676,277.53825850749894,126.28473106214878
20:36892531:-,27.913150951822484,486.4292972498051,329.9209536934446,760.0748554736676,277.53825850749894,126.28473106214878
20:36892555:-,27.913150951822484,486.4292972498051,329.9209536934446,760.0748554736676,277.53825850749894,126.28473106214878
20:36892573:-,27.913150951822484,486.4292972498051,329.9209536934446,760.0748554736676,277.53825850749894,126.28473106214878
20:37519160:-,131.69314517048517,59.91249648641454,60.043834059439064,44.55559140127059,61.35708740721904,21.31733627117325
20:37519169:-,131.69314517048517,59.91249648641454,60.043834059439064,44.55559140127059,61.35708740721904,21.31733627117325
20:37519232:-,131.69314517048517,59.91249648641454,60.043834059439064,44.55559140127059,61.35708740721904,21.31733627117325
20:3869565:+,147.3926662400836,164.68019439920374,142.9178506236307,107.10640715415244,144.01812106228766,43.43535704212279
20:3869813:+,147.3926662400836,164.68019439920374,142.9178506236307,107.10640715415244,144.01812106228766,43.43535704212279
20:3869839:+,147.3926662400836,164.68019439920374,142.9178506236307,107.10640715415244,144.01812106228766,43.43535704212279
20:3869866:+,147.3926662400836,164.68019439920374,142.9178506236307,107.10640715415244,144.01812106228766,43.43535704212279
20:3872210:+,147.3926662400836,164.68019439920374,142.9178506236307,107.10640715415244,144.01812106228766,43.43535704212279
20:3872213:+,147.3926662400836,164.68019439920374,142.9178506236307,107.10640715415244,144.01812106228766,43.43535704212279
20:3872376:+,147.3926662400836,164.68019439920374,142.9178506236307,107.10640715415244,144.01812106228766,43.43535704212279
20:3872412:+,147.3926662400836,164.68019439920374,142.9178506236307,107.10640715415244,144.01812106228766,43.43535704212279
20:3928531:-,7.0320144254805665,13.78643547711265,11.06724283206979,57.335568806666544,16.29223808874757,377.3976864693663
20:3928567:-,7.0320144254805665,13.78643547711265,11.06724283206979,57.335568806666544,16.29223808874757,377.3976864693663
20:3928592:-,7.0320144254805665,13.78643547711265,11.06724283206979,57.335568806666544,16.29223808874757,377.3976864693663
20:3928618:-,7.0320144254805665,13.78643547711265,11.06724283206979,57.335568806666544,16.29223808874757,377.3976864693663
20:3928671:-,7.0320144254805665,13.78643547711265,11.06724283206979,57.335568806666544,16.29223808874757,377.3976864693663
20:3928883:-,7.0320144254805665,13.78643547711265,11.06724283206979,57.335568806666544,16.29223808874757,377.3976864693663
20:3928930:-,7.0320144254805665,13.78643547711265,11.06724283206979,57.335568806666544,16.29223808874757,377.3976864693663
20:3928933:-,7.0320144254805665,13.78643547711265,11.06724283206979,57.335568806666544,16.29223808874757,377.3976864693663
20:3928944:-,7.0320144254805665,13.78643547711265,11.06724283206979,57.335568806666544,16.29223808874757,377.3976864693663
20:3928953:-,7.0320144254805665,13.78643547711265,11.06724283206979,57.335568806666544,16.29223808874757,377.3976864693663
20:3928959:-,7.0320144254805665,13.78643547711265,11.06724283206979,57.335568806666544,16.29223808874757,377.3976864693663
20:3928985:-,7.0320144254805665,13.78643547711265,11.06724283206979,57.335568806666544,16.29223808874757,377.3976864693663
20:3929065:-,7.0320144254805665,13.78643547711265,11.06724283206979,57.335568806666544,16.29223808874757,377.3976864693663
20:3929232:-,7.0320144254805665,13.78643547711265,11.06724283206979,57.335568806666544,16.29223808874757,377.3976864693663
20:3929281:-,7.0320144254805665,13.78643547711265,11.06724283206979,57.335568806666544,16.29223808874757,377.3976864693663
20:3929291:-,7.0320144254805665,13.78643547711265,11.06724283206979,57.335568806666544,16.29223808874757,377.3976864693663
20:3929316:-,7.0320144254805665,13.78643547711265,11.06724283206979,57.335568806666544,16.29223808874757,377.3976864693663
20:3929346:-,7.0320144254805665,13.78643547711265,11.06724283206979,57.335568806666544,16.29223808874757,377.3976864693663
20:3929376:-,7.0320144254805665,13.78643547711265,11.06724283206979,57.335568806666544,16.29223808874757,377.3976864693663
20:45077524:+,290.15602697564816,488.1823365115724,403.5051193711228,183.03002268287955,385.13922195851416,388.610652414715
20:45078228:+,290.15602697564816,488.1823365115724,403.5051193711228,183.03002268287955,385.13922195851416,388.610652414715
20:45078305:+,290.15602697564816,488.1823365115724,403.5051193711228,183.03002268287955,385.13922195851416,388.610652414715
20:45078344:+,290.15602697564816,488.1823365115724,403.5051193711228,183.03002268287955,385.13922195851416,388.610652414715
20:45078346:+,290.15602697564816,488.1823365115724,403.5051193711228,183.03002268287955,385.13922195851416,388.610652414715
20:45079027:+,290.15602697564816,488.1823365115724,403.5051193711228,183.03002268287955,385.13922195851416,388.610652414715
20:45079067:+,290.15602697564816,488.1823365115724,403.5051193711228,183.03002268287955,385.13922195851416,388.610652414715
20:45079094:+,290.15602697564816,488.1823365115724,403.5051193711228,183.03002268287955,385.13922195851416,388.610652414715
20:45079117:+,290.15602697564816,488.1823365115724,403.5051193711228,183.03002268287955,385.13922195851416,388.610652414715
20:45079129:+,290.15602697564816,488.1823365115724,403.5051193711228,183.03002268287955,385.13922195851416,388.610652414715
20:45079143:+,290.15602697564816,488.1823365115724,403.5051193711228,183.03002268287955,385.13922195851416,388.610652414715
20:45079148:+,290.15602697564816,488.1823365115724,403.5051193711228,183.03002268287955,385.13922195851416,388.610652414715
20:45079172:+,290.15602697564816,488.1823365115724,403.5051193711228,183.03002268287955,385.13922195851416,388.610652414715
20:45802003:+,8.39332704326658,10.3888784168064,7.308522771822277,27.418043260672103,7.302483942537232,85.13797776522101
20:50876763:+,44.5586948683465,16.01679666934575,22.385608029592483,0.05723326257874549,7.078060613553849,0.016398412686126903
20:5195165:+,98.67449203289222,111.928468976606,121.50218762008066,76.64642563073924,115.50352753123602,175.3159896942598
20:62813216:+,77.97280838351955,67.89524193777311,69.40894737199608,131.87832663082952,89.6313218792098,165.30619906902905
21:33263910:+,30.866283677016497,46.92719957490874,35.92931433563095,46.87686737876044,62.345273424078115,94.7422996939966
21:33263997:+,30.866283677016497,46.92719957490874,35.92931433563095,46.87686737876044,62.345273424078115,94.7422996939966
21:33264782:+,30.866283677016497,46.92719957490874,35.92931433563095,46.87686737876044,62.345273424078115,94.7422996939966
21:33264843:+,30.866283677016497,46.92719957490874,35.92931433563095,46.87686737876044,62.345273424078115,94.7422996939966
21:33264853:+,30.866283677016497,46.92719957490874,35.92931433563095,46.87686737876044,62.345273424078115,94.7422996939966
21:33265139:+,30.866283677016497,46.92719957490874,35.92931433563095,46.87686737876044,62.345273424078115,94.7422996939966
21:33355908:+,103.51275741945389,52.711106863403955,36.3109334402997,82.84082522922367,29.842240999679106,259.31561554746236
21:33357801:+,103.51275741945389,52.711106863403955,36.3109334402997,82.84082522922367,29.842240999679106,259.31561554746236
21:33358770:+,103.51275741945389,52.711106863403955,36.3109334402997,82.84082522922367,29.842240999679106,259.31561554746236
21:33550441:+,802.1864598326767,714.5797547255114,789.4967640440818,402.34858855233927,799.9480192855058,326.7448898433378
21:33550481:+,802.1864598326767,714.5797547255114,789.4967640440818,402.34858855233927,799.9480192855058,326.7448898433378
21:33550852:+,802.1864598326767,714.5797547255114,789.4967640440818,402.34858855233927,799.9480192855058,326.7448898433378
21:33550949:+,802.1864598326767,714.5797547255114,789.4967640440818,402.34858855233927,799.9480192855058,326.7448898433378
21:33551012:+,802.1864598326767,714.5797547255114,789.4967640440818,402.34858855233927,799.9480192855058,326.7448898433378
21:33551528:+,802.1864598326767,714.5797547255114,789.4967640440818,402.34858855233927,799.9480192855058,326.7448898433378
21:33551798:+,802.1864598326767,714.5797547255114,789.4967640440818,402.34858855233927,799.9480192855058,326.7448898433378
21:38302921:+,0.20213550755642307,0.22964142610424856,0.26016150925906895,5.9130285564186735,5.299667277600209,593.8524818557473
21:42909822:+,18.442373757021002,23.44186099620181,20.4772518212362,28.74551364721978,20.508553637913806,4.041586789896712
21:44224635:-,55.751440758085046,2.5654555483064505,1.7798524040765078,6.569006043618605,0.21930333924469023,0.10141181745568961
21:45512814:+,8.579403985955228,12.951427123908502,9.951853463362784,46.659347004060564,4.905540070030652,231.69917395522094
22:17110242:+,41.83677519713426,157.15867572735527,118.90245990560254,460.48770010302445,89.93942273905355,853.2036964374324
22:17110376:+,41.83677519713426,157.15867572735527,118.90245990560254,460.48770010302445,89.93942273905355,853.2036964374324
22:17110777:+,41.83677519713426,157.15867572735527,118.90245990560254,460.48770010302445,89.93942273905355,853.2036964374324
22:17113267:+,41.83677519713426,157.15867572735527,118.90245990560254,460.48770010302445,89.93942273905355,853.2036964374324
22:17113310:+,41.83677519713426,157.15867572735527,118.90245990560254,460.48770010302445,89.93942273905355,853.2036964374324
22:17113448:+,41.83677519713426,157.15867572735527,118.90245990560254,460.48770010302445,89.93942273905355,853.2036964374324
22:17113458:+,41.83677519713426,157.15867572735527,118.90245990560254,460.48770010302445,89.93942273905355,853.2036964374324
22:17113470:+,41.83677519713426,157.15867572735527,118.90245990560254,460.48770010302445,89.93942273905355,853.2036964374324
22:17116946:-,0.15062609372170532,0.16952267072801924,0.2647753349153217,14.014722856949904,0.3755599398002925,27.1051183860792
22:17116947:-,0.15062609372170532,0.16952267072801924,0.2647753349153217,14.014722856949904,0.3755599398002925,27.1051183860792
22:18088707:+,56.41670588577783,80.2779926012299,75.62477295184465,42.696349302330894,74.78211366506952,4.967295617872582
22:20065601:+,44.83988145788676,41.672496375413324,40.09717802180623,59.56234856163002,55.26686110761455,69.07694906769625
22:21922604:-,61.69179697145697,66.13585235567872,61.03589849851291,331.21707875277843,76.12448904631349,370.0299034423978
22:24572666:+,0.001,0.001,0.001,0.001,0.001,0.001
22:24573002:+,0.001,0.001,0.001,0.001,0.001,0.001
22:24573020:+,0.001,0.001,0.001,0.001,0.001,0.001
22:24573082:+,0.001,0.001,0.001,0.001,0.001,0.001
22:24573092:+,0.001,0.001,0.001,0.001,0.001,0.001
22:24573123:+,0.001,0.001,0.001,0.001,0.001,0.001
22:24573190:+,0.001,0.001,0.001,0.001,0.001,0.001
22:24573659:+,0.001,0.001,0.001,0.001,0.001,0.001
22:24573660:+,0.001,0.001,0.001,0.001,0.001,0.001
22:24573786:+,0.001,0.001,0.001,0.001,0.001,0.001
22:24573813:+,0.001,0.001,0.001,0.001,0.001,0.001
22:24574706:+,0.001,0.001,0.001,0.001,0.001,0.001
22:24574751:+,0.001,0.001,0.001,0.001,0.001,0.001
22:25724899:+,218.8523625429194,5.690118064414422,5.132118905267237,190.64454030732406,2.9458254025086146,11.727595325223254
22:25725025:+,218.8523625429194,5.690118064414422,5.132118905267237,190.64454030732406,2.9458254025086146,11.727595325223254
22:25725030:+,218.8523625429194,5.690118064414422,5.132118905267237,190.64454030732406,2.9458254025086146,11.727595325223254
22:25725098:+,218.8523625429194,5.690118064414422,5.132118905267237,190.64454030732406,2.9458254025086146,11.727595325223254
22:25725109:+,218.8523625429194,5.690118064414422,5.132118905267237,190.64454030732406,2.9458254025086146,11.727595325223254
22:26522822:-,33.8496398735632,49.76973019935966,153.77606621600296,63.545268416002116,337.01663621283825,59.096086711173015
22:26522896:-,33.8496398735632,49.76973019935966,153.77606621600296,63.545268416002116,337.01663621283825,59.096086711173015
22:26523182:-,33.8496398735632,49.76973019935966,153.77606621600296,63.545268416002116,337.01663621283825,59.096086711173015
22:26523800:-,33.8496398735632,49.76973019935966,153.77606621600296,63.545268416002116,337.01663621283825,59.096086711173015
22:26524341:-,33.8496398735632,49.76973019935966,153.77606621600296,63.545268416002116,337.01663621283825,59.096086711173015
22:26524444:-,33.8496398735632,49.76973019935966,153.77606621600296,63.545268416002116,337.01663621283825,59.096086711173015
22:26524475:-,33.8496398735632,49.76973019935966,153.77606621600296,63.545268416002116,337.01663621283825,59.096086711173015
22:26524500:-,33.8496398735632,49.76973019935966,153.77606621600296,63.545268416002116,337.01663621283825,59.096086711173015
22:26524504:-,33.8496398735632,49.76973019935966,153.77606621600296,63.545268416002116,337.01663621283825,59.096086711173015
22:26525284:-,33.8496398735632,49.76973019935966,153.77606621600296,63.545268416002116,337.01663621283825,59.096086711173015
22:26525341:-,33.8496398735632,49.76973019935966,153.77606621600296,63.545268416002116,337.01663621283825,59.096086711173015
22:35659829:+,25.508503949463016,165.01449728694638,203.72187465519164,125.4420565472556,486.0581094364017,228.26722042301955
22:35659868:+,25.508503949463016,165.01449728694638,203.72187465519164,125.4420565472556,486.0581094364017,228.26722042301955
22:35659926:+,25.508503949463016,165.01449728694638,203.72187465519164,125.4420565472556,486.0581094364017,228.26722042301955
22:35659931:+,25.508503949463016,165.01449728694638,203.72187465519164,125.4420565472556,486.0581094364017,228.26722042301955
22:35659975:+,25.508503949463016,165.01449728694638,203.72187465519164,125.4420565472556,486.0581094364017,228.26722042301955
22:35660344:+,25.508503949463016,165.01449728694638,203.72187465519164,125.4420565472556,486.0581094364017,228.26722042301955
22:35660361:+,25.508503949463016,165.01449728694638,203.72187465519164,125.4420565472556,486.0581094364017,228.26722042301955
22:35660445:+,25.508503949463016,165.01449728694638,203.72187465519164,125.4420565472556,486.0581094364017,228.26722042301955
22:35660498:+,25.508503949463016,165.01449728694638,203.72187465519164,125.4420565472556,486.0581094364017,228.26722042301955
22:35660516:+,25.508503949463016,165.01449728694638,203.72187465519164,125.4420565472556,486.0581094364017,228.26722042301955
22:35660582:+,25.508503949463016,165.01449728694638,203.72187465519164,125.4420565472556,486.0581094364017,228.26722042301955
22:35660617:+,25.508503949463016,165.01449728694638,203.72187465519164,125.4420565472556,486.0581094364017,228.26722042301955
22:35660702:+,25.508503949463016,165.01449728694638,203.72187465519164,125.4420565472556,486.0581094364017,228.26722042301955
22:35661307:+,25.508503949463016,165.01449728694638,203.72187465519164,125.4420565472556,486.0581094364017,228.26722042301955
22:36266114:+,6.757508783046058,17.92394331575032,19.3108258111133,35.35968967546961,52.69485590758581,123.22290726648707
22:36266649:+,6.757508783046058,17.92394331575032,19.3108258111133,35.35968967546961,52.69485590758581,123.22290726648707
22:36266650:+,6.757508783046058,17.92394331575032,19.3108258111133,35.35968967546961,52.69485590758581,123.22290726648707
22:36266793:+,6.757508783046058,17.92394331575032,19.3108258111133,35.35968967546961,52.69485590758581,123.22290726648707
22:36266794:+,6.757508783046058,17.92394331575032,19.3108258111133,35.35968967546961,52.69485590758581,123.22290726648707
22:36266854:+,6.757508783046058,17.92394331575032,19.3108258111133,35.35968967546961,52.69485590758581,123.22290726648707
22:36266886:+,6.757508783046058,17.92394331575032,19.3108258111133,35.35968967546961,52.69485590758581,123.22290726648707
22:39018748:+,107.09425916790312,47.982045894640315,59.34755832307948,81.21787158986827,145.00273782225844,4.604990821174353
22:39018894:+,107.09425916790312,47.982045894640315,59.34755832307948,81.21787158986827,145.00273782225844,4.604990821174353
22:39018917:+,107.09425916790312,47.982045894640315,59.34755832307948,81.21787158986827,145.00273782225844,4.604990821174353
22:39019885:+,107.09425916790312,47.982045894640315,59.34755832307948,81.21787158986827,145.00273782225844,4.604990821174353
22:39019975:+,107.09425916790312,47.982045894640315,59.34755832307948,81.21787158986827,145.00273782225844,4.604990821174353
22:39020029:+,107.09425916790312,47.982045894640315,59.34755832307948,81.21787158986827,145.00273782225844,4.604990821174353
22:39020057:+,107.09425916790312,47.982045894640315,59.34755832307948,81.21787158986827,145.00273782225844,4.604990821174353
22:39020075:+,107.09425916790312,47.982045894640315,59.34755832307948,81.21787158986827,145.00273782225844,4.604990821174353
22:39032721:+,6.975858795249172,3.7796430660113445,3.6994410323163045,0.2188869318384799,6.223919729803974,0.35621098244634053
22:41178990:+,324.06139420386893,232.46668530171044,260.06270018601987,234.7863386087633,289.35708839927634,360.7647056502456
22:41599255:-,35.354128951984805,45.92439808644222,43.69671405998758,48.82436345423092,33.002166975106284,13.7873690471915
22:41599279:-,35.354128951984805,45.92439808644222,43.69671405998758,48.82436345423092,33.002166975106284,13.7873690471915
22:42381237:-,3.336354370920223,0.6024086288724388,0.6026207325669843,574.182377816378,6.713596074557943,923.0706721901
22:42381262:-,3.336354370920223,0.6024086288724388,0.6026207325669843,574.182377816378,6.713596074557943,923.0706721901
22:42381369:-,3.336354370920223,0.6024086288724388,0.6026207325669843,574.182377816378,6.713596074557943,923.0706721901
22:42382830:-,3.336354370920223,0.6024086288724388,0.6026207325669843,574.182377816378,6.713596074557943,923.0706721901
22:42382869:-,3.336354370920223,0.6024086288724388,0.6026207325669843,574.182377816378,6.713596074557943,923.0706721901
22:42383474:-,3.336354370920223,0.6024086288724388,0.6026207325669843,574.182377816378,6.713596074557943,923.0706721901
22:42383480:-,3.336354370920223,0.6024086288724388,0.6026207325669843,574.182377816378,6.713596074557943,923.0706721901
22:42383500:-,3.336354370920223,0.6024086288724388,0.6026207325669843,574.182377816378,6.713596074557943,923.0706721901
22:42383504:-,3.336354370920223,0.6024086288724388,0.6026207325669843,574.182377816378,6.713596074557943,923.0706721901
22:42383532:-,3.336354370920223,0.6024086288724388,0.6026207325669843,574.182377816378,6.713596074557943,923.0706721901
22:42383533:-,3.336354370920223,0.6024086288724388,0.6026207325669843,574.182377816378,6.713596074557943,923.0706721901
22:42383582:-,3.336354370920223,0.6024086288724388,0.6026207325669843,574.182377816378,6.713596074557943,923.0706721901
22:42383646:-,3.336354370920223,0.6024086288724388,0.6026207325669843,574.182377816378,6.713596074557943,923.0706721901
22:42383670:-,3.336354370920223,0.6024086288724388,0.6026207325669843,574.182377816378,6.713596074557943,923.0706721901
22:50623950:-,115.55731383571242,146.73301405607813,146.29031938550554,84.21725250899799,134.08386258834418,172.59517687598165
22:50624024:-,115.55731383571242,146.73301405607813,146.29031938550554,84.21725250899799,134.08386258834418,172.59517687598165
22:50624361:-,115.55731383571242,146.73301405607813,146.29031938550554,84.21725250899799,134.08386258834418,172.59517687598165
2:128193936:+,75.281730221593,85.24292927714501,98.09607431556498,93.15271077943758,140.46069266826996,91.34806587207959
2:152120203:-,23.70898091268813,16.529524360929795,17.419117167029896,17.000684852941866,24.72127842188329,44.55417322593311
2:159769457:-,0.9682041814574018,1.2110429320915221,1.1216031991461741,91.10785272030974,1.5906084253328305,50.0230657733416
2:159769988:-,0.9682041814574018,1.2110429320915221,1.1216031991461741,91.10785272030974,1.5906084253328305,50.0230657733416
2:159770082:-,0.9682041814574018,1.2110429320915221,1.1216031991461741,91.10785272030974,1.5906084253328305,50.0230657733416
2:159770173:-,0.9682041814574018,1.2110429320915221,1.1216031991461741,91.10785272030974,1.5906084253328305,50.0230657733416
2:200977710:-,48.183528779941824,52.34806016579539,60.52481124467443,35.67221736594308,78.97422251573303,280.23173403264843
2:200977768:-,48.183528779941824,52.34806016579539,60.52481124467443,35.67221736594308,78.97422251573303,280.23173403264843
2:200977820:-,48.183528779941824,52.34806016579539,60.52481124467443,35.67221736594308,78.97422251573303,280.23173403264843
2:200978571:-,48.183528779941824,52.34806016579539,60.52481124467443,35.67221736594308,78.97422251573303,280.23173403264843
2:201164009:+,146.97180042186017,293.54709662043035,263.63013964752304,240.13021034817507,484.4755212901507,1179.893780896706
2:201164040:+,146.97180042186017,293.54709662043035,263.63013964752304,240.13021034817507,484.4755212901507,1179.893780896706
2:201164055:+,146.97180042186017,293.54709662043035,263.63013964752304,240.13021034817507,484.4755212901507,1179.893780896706
2:201164079:+,146.97180042186017,293.54709662043035,263.63013964752304,240.13021034817507,484.4755212901507,1179.893780896706
2:201164087:+,146.97180042186017,293.54709662043035,263.63013964752304,240.13021034817507,484.4755212901507,1179.893780896706
2:201164143:+,146.97180042186017,293.54709662043035,263.63013964752304,240.13021034817507,484.4755212901507,1179.893780896706
2:201165370:+,146.97180042186017,293.54709662043035,263.63013964752304,240.13021034817507,484.4755212901507,1179.893780896706
2:201165387:+,146.97180042186017,293.54709662043035,263.63013964752304,240.13021034817507,484.4755212901507,1179.893780896706
2:201165399:+,146.97180042186017,293.54709662043035,263.63013964752304,240.13021034817507,484.4755212901507,1179.893780896706
2:201165409:+,146.97180042186017,293.54709662043035,263.63013964752304,240.13021034817507,484.4755212901507,1179.893780896706
2:201165444:+,146.97180042186017,293.54709662043035,263.63013964752304,240.13021034817507,484.4755212901507,1179.893780896706
2:201165450:+,146.97180042186017,293.54709662043035,263.63013964752304,240.13021034817507,484.4755212901507,1179.893780896706
2:201165480:+,146.97180042186017,293.54709662043035,263.63013964752304,240.13021034817507,484.4755212901507,1179.893780896706
2:201165514:+,146.97180042186017,293.54709662043035,263.63013964752304,240.13021034817507,484.4755212901507,1179.893780896706
2:201165533:+,146.97180042186017,293.54709662043035,263.63013964752304,240.13021034817507,484.4755212901507,1179.893780896706
2:201165545:+,146.97180042186017,293.54709662043035,263.63013964752304,240.13021034817507,484.4755212901507,1179.893780896706
2:201175413:+,146.97180042186017,293.54709662043035,263.63013964752304,240.13021034817507,484.4755212901507,1179.893780896706
2:201218006:+,40.96994813838597,65.49584431021358,51.46063903783888,45.56764092326388,114.53783654149501,13.979487054717195
2:201219148:+,40.96994813838597,65.49584431021358,51.46063903783888,45.56764092326388,114.53783654149501,13.979487054717195
2:201219251:+,40.96994813838597,65.49584431021358,51.46063903783888,45.56764092326388,114.53783654149501,13.979487054717195
2:201286638:+,95.6073267721567,200.72762224856382,228.70845402163542,92.56523486429242,344.6711067463159,233.08001760868706
2:201286665:+,95.6073267721567,200.72762224856382,228.70845402163542,92.56523486429242,344.6711067463159,233.08001760868706
2:201286714:+,95.6073267721567,200.72762224856382,228.70845402163542,92.56523486429242,344.6711067463159,233.08001760868706
2:201286732:+,95.6073267721567,200.72762224856382,228.70845402163542,92.56523486429242,344.6711067463159,233.08001760868706
2:201287274:+,95.6073267721567,200.72762224856382,228.70845402163542,92.56523486429242,344.6711067463159,233.08001760868706
2:201287277:+,95.6073267721567,200.72762224856382,228.70845402163542,92.56523486429242,344.6711067463159,233.08001760868706
2:201287293:+,95.6073267721567,200.72762224856382,228.70845402163542,92.56523486429242,344.6711067463159,233.08001760868706
2:201287299:+,95.6073267721567,200.72762224856382,228.70845402163542,92.56523486429242,344.6711067463159,233.08001760868706
2:201287323:+,95.6073267721567,200.72762224856382,228.70845402163542,92.56523486429242,344.6711067463159,233.08001760868706
2:201287338:+,95.6073267721567,200.72762224856382,228.70845402163542,92.56523486429242,344.6711067463159,233.08001760868706
2:201287346:+,95.6073267721567,200.72762224856382,228.70845402163542,92.56523486429242,344.6711067463159,233.08001760868706
2:201287354:+,95.6073267721567,200.72762224856382,228.70845402163542,92.56523486429242,344.6711067463159,233.08001760868706
2:201287362:+,95.6073267721567,200.72762224856382,228.70845402163542,92.56523486429242,344.6711067463159,233.08001760868706
2:201287367:+,95.6073267721567,200.72762224856382,228.70845402163542,92.56523486429242,344.6711067463159,233.08001760868706
2:201287384:+,95.6073267721567,200.72762224856382,228.70845402163542,92.56523486429242,344.6711067463159,233.08001760868706
2:216501791:+,1132.3686246445743,1253.9627379269812,1097.6266620027757,486.0081497480197,477.4534381266693,20.28368066317177
2:219172105:-,225.64174307873918,84.44816057425535,84.58017007810783,117.16179579887503,125.89235214469586,65.40663826187328
2:230167361:-,270.4934782763098,131.6104095764264,102.42387246465071,103.35825195638897,93.26605555612618,511.4432492712475
2:230167390:-,270.4934782763098,131.6104095764264,102.42387246465071,103.35825195638897,93.26605555612618,511.4432492712475
2:230167981:-,270.4934782763098,131.6104095764264,102.42387246465071,103.35825195638897,93.26605555612618,511.4432492712475
2:230168008:-,270.4934782763098,131.6104095764264,102.42387246465071,103.35825195638897,93.26605555612618,511.4432492712475
2:3541907:-,59.74077506672188,59.24271985384844,67.50776677925208,23.442472776591288,61.614370694890994,4.1346434422166976
2:3541930:-,59.74077506672188,59.24271985384844,67.50776677925208,23.442472776591288,61.614370694890994,4.1346434422166976
2:3543850:-,59.74077506672188,59.24271985384844,67.50776677925208,23.442472776591288,61.614370694890994,4.1346434422166976
2:3545011:-,59.74077506672188,59.24271985384844,67.50776677925208,23.442472776591288,61.614370694890994,4.1346434422166976
2:3545046:-,59.74077506672188,59.24271985384844,67.50776677925208,23.442472776591288,61.614370694890994,4.1346434422166976
2:3545047:-,59.74077506672188,59.24271985384844,67.50776677925208,23.442472776591288,61.614370694890994,4.1346434422166976
2:37100425:-,72.53865499002053,65.01451941389543,54.8869917269829,95.0457750758236,74.11777029024971,227.68377112358473
2:37100445:-,72.53865499002053,65.01451941389543,54.8869917269829,95.0457750758236,74.11777029024971,227.68377112358473
2:37100446:-,72.53865499002053,65.01451941389543,54.8869917269829,95.0457750758236,74.11777029024971,227.68377112358473
2:37100872:-,72.53865499002053,65.01451941389543,54.8869917269829,95.0457750758236,74.11777029024971,227.68377112358473
2:37100938:-,72.53865499002053,65.01451941389543,54.8869917269829,95.0457750758236,74.11777029024971,227.68377112358473
2:37100988:-,72.53865499002053,65.01451941389543,54.8869917269829,95.0457750758236,74.11777029024971,227.68377112358473
2:37101247:-,72.53865499002053,65.01451941389543,54.8869917269829,95.0457750758236,74.11777029024971,227.68377112358473
2:37101539:-,72.53865499002053,65.01451941389543,54.8869917269829,95.0457750758236,74.11777029024971,227.68377112358473
2:37101620:-,72.53865499002053,65.01451941389543,54.8869917269829,95.0457750758236,74.11777029024971,227.68377112358473
2:37101656:-,72.53865499002053,65.01451941389543,54.8869917269829,95.0457750758236,74.11777029024971,227.68377112358473
2:37101910:-,72.53865499002053,65.01451941389543,54.8869917269829,95.0457750758236,74.11777029024971,227.68377112358473
2:37102036:-,72.53865499002053,65.01451941389543,54.8869917269829,95.0457750758236,74.11777029024971,227.68377112358473
2:37102070:-,72.53865499002053,65.01451941389543,54.8869917269829,95.0457750758236,74.11777029024971,227.68377112358473
2:37102094:-,72.53865499002053,65.01451941389543,54.8869917269829,95.0457750758236,74.11777029024971,227.68377112358473
2:37102163:-,72.53865499002053,65.01451941389543,54.8869917269829,95.0457750758236,74.11777029024971,227.68377112358473
2:37103894:-,72.53865499002053,65.01451941389543,54.8869917269829,95.0457750758236,74.11777029024971,227.68377112358473
2:37103921:-,72.53865499002053,65.01451941389543,54.8869917269829,95.0457750758236,74.11777029024971,227.68377112358473
2:37103933:-,72.53865499002053,65.01451941389543,54.8869917269829,95.0457750758236,74.11777029024971,227.68377112358473
2:37103975:-,72.53865499002053,65.01451941389543,54.8869917269829,95.0457750758236,74.11777029024971,227.68377112358473
2:37104381:-,72.53865499002053,65.01451941389543,54.8869917269829,95.0457750758236,74.11777029024971,227.68377112358473
2:37104411:-,72.53865499002053,65.01451941389543,54.8869917269829,95.0457750758236,74.11777029024971,227.68377112358473
2:37104785:-,72.53865499002053,65.01451941389543,54.8869917269829,95.0457750758236,74.11777029024971,227.68377112358473
2:37104872:-,72.53865499002053,65.01451941389543,54.8869917269829,95.0457750758236,74.11777029024971,227.68377112358473
2:37104880:-,72.53865499002053,65.01451941389543,54.8869917269829,95.0457750758236,74.11777029024971,227.68377112358473
2:37104898:-,72.53865499002053,65.01451941389543,54.8869917269829,95.0457750758236,74.11777029024971,227.68377112358473
2:37202382:+,33.37547475896636,41.07476842769227,34.61846596627748,20.70422433432612,40.37732145036854,4.914481884251097
2:37204341:+,0.001,0.001,0.001,0.001,0.001,0.001
2:68180525:-,69.94243169590513,64.66142253848078,63.36101448741498,83.85197609194557,78.55507620289481,141.37959938440795
2:68180529:-,69.94243169590513,64.66142253848078,63.36101448741498,83.85197609194557,78.55507620289481,141.37959938440795
2:69461662:-,6.763432229962499,246.99939736548694,218.39707972353278,33.10038251866893,191.12493666283422,20.447061393334714
2:69462637:-,6.763432229962499,246.99939736548694,218.39707972353278,33.10038251866893,191.12493666283422,20.447061393334714
2:69463444:-,6.763432229962499,246.99939736548694,218.39707972353278,33.10038251866893,191.12493666283422,20.447061393334714
2:85319249:-,439.5413780007879,516.8617307820924,498.728205522364,592.4505762676697,587.9957097482675,404.9111527793423
2:85319274:-,439.5413780007879,516.8617307820924,498.728205522364,592.4505762676697,587.9957097482675,404.9111527793423
2:85319302:-,439.5413780007879,516.8617307820924,498.728205522364,592.4505762676697,587.9957097482675,404.9111527793423
2:85319333:-,439.5413780007879,516.8617307820924,498.728205522364,592.4505762676697,587.9957097482675,404.9111527793423
2:85319448:-,439.5413780007879,516.8617307820924,498.728205522364,592.4505762676697,587.9957097482675,404.9111527793423
2:96249499:-,112.3789039669663,83.76248369630159,106.22077566450736,297.89479933611597,158.3283113906349,310.9344537692307
2:96249574:-,112.3789039669663,83.76248369630159,106.22077566450736,297.89479933611597,158.3283113906349,310.9344537692307
2:98623011:-,14.63318793905918,273.647731431322,261.8678370594347,27.92703411284463,160.33682351336026,36.27220427054733
3:10150923:+,203.06693240310597,124.96453519480235,119.12295015172265,123.29724225831828,164.30599667616875,42.493631855288214
3:10151019:+,203.06693240310597,124.96453519480235,119.12295015172265,123.29724225831828,164.30599667616875,42.493631855288214
3:10151032:+,203.06693240310597,124.96453519480235,119.12295015172265,123.29724225831828,164.30599667616875,42.493631855288214
3:10151939:+,203.06693240310597,124.96453519480235,119.12295015172265,123.29724225831828,164.30599667616875,42.493631855288214
3:10152047:+,203.06693240310597,124.96453519480235,119.12295015172265,123.29724225831828,164.30599667616875,42.493631855288214
3:10152221:+,203.06693240310597,124.96453519480235,119.12295015172265,123.29724225831828,164.30599667616875,42.493631855288214
3:10152293:+,203.06693240310597,124.96453519480235,119.12295015172265,123.29724225831828,164.30599667616875,42.493631855288214
3:10152309:+,203.06693240310597,124.96453519480235,119.12295015172265,123.29724225831828,164.30599667616875,42.493631855288214
3:10152313:+,203.06693240310597,124.96453519480235,119.12295015172265,123.29724225831828,164.30599667616875,42.493631855288214
3:10152320:+,203.06693240310597,124.96453519480235,119.12295015172265,123.29724225831828,164.30599667616875,42.493631855288214
3:10152325:+,203.06693240310597,124.96453519480235,119.12295015172265,123.29724225831828,164.30599667616875,42.493631855288214
3:10152355:+,203.06693240310597,124.96453519480235,119.12295015172265,123.29724225831828,164.30599667616875,42.493631855288214
3:10152621:+,203.06693240310597,124.96453519480235,119.12295015172265,123.29724225831828,164.30599667616875,42.493631855288214
3:10152631:+,203.06693240310597,124.96453519480235,119.12295015172265,123.29724225831828,164.30599667616875,42.493631855288214
3:10152671:+,203.06693240310597,124.96453519480235,119.12295015172265,123.29724225831828,164.30599667616875,42.493631855288214
3:10152750:+,203.06693240310597,124.96453519480235,119.12295015172265,123.29724225831828,164.30599667616875,42.493631855288214
3:10152763:+,203.06693240310597,124.96453519480235,119.12295015172265,123.29724225831828,164.30599667616875,42.493631855288214
3:10152870:+,203.06693240310597,124.96453519480235,119.12295015172265,123.29724225831828,164.30599667616875,42.493631855288214
3:10152908:+,203.06693240310597,124.96453519480235,119.12295015172265,123.29724225831828,164.30599667616875,42.493631855288214
3:10152956:+,203.06693240310597,124.96453519480235,119.12295015172265,123.29724225831828,164.30599667616875,42.493631855288214
3:10153020:+,203.06693240310597,124.96453519480235,119.12295015172265,123.29724225831828,164.30599667616875,42.493631855288214
3:10153059:+,203.06693240310597,124.96453519480235,119.12295015172265,123.29724225831828,164.30599667616875,42.493631855288214
3:10153099:+,203.06693240310597,124.96453519480235,119.12295015172265,123.29724225831828,164.30599667616875,42.493631855288214
3:10153156:+,203.06693240310597,124.96453519480235,119.12295015172265,123.29724225831828,164.30599667616875,42.493631855288214
3:10153166:+,203.06693240310597,124.96453519480235,119.12295015172265,123.29724225831828,164.30599667616875,42.493631855288214
3:10153197:+,203.06693240310597,124.96453519480235,119.12295015172265,123.29724225831828,164.30599667616875,42.493631855288214
3:10153198:+,203.06693240310597,124.96453519480235,119.12295015172265,123.29724225831828,164.30599667616875,42.493631855288214
3:10153205:+,203.06693240310597,124.96453519480235,119.12295015172265,123.29724225831828,164.30599667616875,42.493631855288214
3:10153222:+,203.06693240310597,124.96453519480235,119.12295015172265,123.29724225831828,164.30599667616875,42.493631855288214
3:10153237:+,203.06693240310597,124.96453519480235,119.12295015172265,123.29724225831828,164.30599667616875,42.493631855288214
3:10153248:+,203.06693240310597,124.96453519480235,119.12295015172265,123.29724225831828,164.30599667616875,42.493631855288214
3:10153303:+,203.06693240310597,124.96453519480235,119.12295015172265,123.29724225831828,164.30599667616875,42.493631855288214
3:10153348:+,203.06693240310597,124.96453519480235,119.12295015172265,123.29724225831828,164.30599667616875,42.493631855288214
3:10153349:+,203.06693240310597,124.96453519480235,119.12295015172265,123.29724225831828,164.30599667616875,42.493631855288214
3:10153411:+,203.06693240310597,124.96453519480235,119.12295015172265,123.29724225831828,164.30599667616875,42.493631855288214
3:10153418:+,203.06693240310597,124.96453519480235,119.12295015172265,123.29724225831828,164.30599667616875,42.493631855288214
3:122573486:+,45.52012400626482,66.53452252550599,43.22627619879438,46.27476229511311,55.34044879912203,232.1092762601175
3:128071405:+,115.18218037101764,181.32673111395832,193.4101489705227,212.2646788328651,266.7526625304964,38.711655727407226
3:141948496:-,51.82982026349043,56.507051664973275,76.26685289875007,7.3546232500517865,259.2512996631149,0.8484313140813255
3:141949876:-,51.82982026349043,56.507051664973275,76.26685289875007,7.3546232500517865,259.2512996631149,0.8484313140813255
3:141950025:-,51.82982026349043,56.507051664973275,76.26685289875007,7.3546232500517865,259.2512996631149,0.8484313140813255
3:142160239:-,24.01968625180062,35.95893414105383,68.34071443397568,20.893108727348775,326.48056603548,1.1985440730363972
3:142160838:-,24.01968625180062,35.95893414105383,68.34071443397568,20.893108727348775,326.48056603548,1.1985440730363972
3:142160922:-,24.01968625180062,35.95893414105383,68.34071443397568,20.893108727348775,326.48056603548,1.1985440730363972
3:142160967:-,24.01968625180062,35.95893414105383,68.34071443397568,20.893108727348775,326.48056603548,1.1985440730363972
3:142161013:-,24.01968625180062,35.95893414105383,68.34071443397568,20.893108727348775,326.48056603548,1.1985440730363972
3:142163777:-,24.01968625180062,35.95893414105383,68.34071443397568,20.893108727348775,326.48056603548,1.1985440730363972
3:150627663:+,79.4746125447638,69.80862667922261,83.0737094635354,105.10481529761715,107.18837510686576,98.3828687082074
3:15072147:-,54.31000965251249,68.47611269566958,74.69179437746548,36.857260469720565,49.44496051108614,25.530643360535215
3:15072186:-,54.31000965251249,68.47611269566958,74.69179437746548,36.857260469720565,49.44496051108614,25.530643360535215
3:156541439:-,50.035035017843896,71.69746442839778,70.88492583920473,99.45034833611356,66.68611853758996,12.712448431871435
3:156541617:-,50.035035017843896,71.69746442839778,70.88492583920473,99.45034833611356,66.68611853758996,12.712448431871435
3:179397622:-,68.87846009915,1.1969368058183256,0.9361834581815109,91.61921182474553,3.9339881699250165,95.48701700941015
3:179397782:-,68.87846009915,1.1969368058183256,0.9361834581815109,91.61921182474553,3.9339881699250165,95.48701700941015
3:179398209:-,68.87846009915,1.1969368058183256,0.9361834581815109,91.61921182474553,3.9339881699250165,95.48701700941015
3:183491237:-,85.75544057769349,120.53442350686981,66.12280808114679,36.353827638689566,25.67213486506597,24.36053509692784
3:183491273:-,85.75544057769349,120.53442350686981,66.12280808114679,36.353827638689566,25.67213486506597,24.36053509692784
3:32955481:+,0.11539983872740077,94.92990662451109,10.515870626497719,0.06145959596584717,0.49985540586724453,0.04338465941003284
3:32955738:+,0.11539983872740077,94.92990662451109,10.515870626497719,0.06145959596584717,0.49985540586724453,0.04338465941003284
3:32955793:+,0.11539983872740077,94.92990662451109,10.515870626497719,0.06145959596584717,0.49985540586724453,0.04338465941003284
3:32956061:+,0.11539983872740077,94.92990662451109,10.515870626497719,0.06145959596584717,0.49985540586724453,0.04338465941003284
3:38140548:+,85.96348738674686,78.76677151890394,98.85765861359992,460.076871723451,120.7362212761025,538.6289184801833
3:45680343:+,127.59405273395853,37.38041953720846,30.293299681380432,27.427522393336172,52.323416721788824,1.541531082344631
3:45680550:+,127.59405273395853,37.38041953720846,30.293299681380432,27.427522393336172,52.323416721788824,1.541531082344631
3:45680562:+,127.59405273395853,37.38041953720846,30.293299681380432,27.427522393336172,52.323416721788824,1.541531082344631
3:48750422:-,37.80350409465494,57.49398034535549,58.23684771213255,68.54088216327496,73.00784187201951,20.920041871976537
3:49415395:+,54.03786339316491,46.78156262908437,47.602839523318366,35.118524160314045,60.4358688635415,17.655646254202743
3:49423877:-,0.001,0.001,0.001,0.001,0.001,0.001
4:1386786:+,45.62354323827152,53.524053632308004,53.59202990658098,47.73852212948417,84.83880520371444,43.771030686521875
4:139045646:+,8.066536186676597,4.933358324283659,30.578440864553528,19.831615190048122,30.085076933423828,2.1570574305462333
4:152622846:-,109.9309192658267,28.44001665193176,16.633880984999394,105.47213263140512,20.31925324568624,891.3572821797499
4:152622851:-,109.9309192658267,28.44001665193176,16.633880984999394,105.47213263140512,20.31925324568624,891.3572821797499
4:152622852:-,109.9309192658267,28.44001665193176,16.633880984999394,105.47213263140512,20.31925324568624,891.3572821797499
4:152622853:-,109.9309192658267,28.44001665193176,16.633880984999394,105.47213263140512,20.31925324568624,891.3572821797499
4:152622865:-,109.9309192658267,28.44001665193176,16.633880984999394,105.47213263140512,20.31925324568624,891.3572821797499
4:152622928:-,109.9309192658267,28.44001665193176,16.633880984999394,105.47213263140512,20.31925324568624,891.3572821797499
4:152622938:-,109.9309192658267,28.44001665193176,16.633880984999394,105.47213263140512,20.31925324568624,891.3572821797499
4:152622951:-,109.9309192658267,28.44001665193176,16.633880984999394,105.47213263140512,20.31925324568624,891.3572821797499
4:152622980:-,109.9309192658267,28.44001665193176,16.633880984999394,105.47213263140512,20.31925324568624,891.3572821797499
4:152623028:-,109.9309192658267,28.44001665193176,16.633880984999394,105.47213263140512,20.31925324568624,891.3572821797499
4:152623053:-,109.9309192658267,28.44001665193176,16.633880984999394,105.47213263140512,20.31925324568624,891.3572821797499
4:152623067:-,109.9309192658267,28.44001665193176,16.633880984999394,105.47213263140512,20.31925324568624,891.3572821797499
4:152623117:-,109.9309192658267,28.44001665193176,16.633880984999394,105.47213263140512,20.31925324568624,891.3572821797499
4:152623606:-,109.9309192658267,28.44001665193176,16.633880984999394,105.47213263140512,20.31925324568624,891.3572821797499
4:152623661:-,109.9309192658267,28.44001665193176,16.633880984999394,105.47213263140512,20.31925324568624,891.3572821797499
4:152623707:-,109.9309192658267,28.44001665193176,16.633880984999394,105.47213263140512,20.31925324568624,891.3572821797499
4:152623713:-,109.9309192658267,28.44001665193176,16.633880984999394,105.47213263140512,20.31925324568624,891.3572821797499
4:152623824:-,109.9309192658267,28.44001665193176,16.633880984999394,105.47213263140512,20.31925324568624,891.3572821797499
4:152623848:-,109.9309192658267,28.44001665193176,16.633880984999394,105.47213263140512,20.31925324568624,891.3572821797499
4:152624381:-,109.9309192658267,28.44001665193176,16.633880984999394,105.47213263140512,20.31925324568624,891.3572821797499
4:152624427:-,109.9309192658267,28.44001665193176,16.633880984999394,105.47213263140512,20.31925324568624,891.3572821797499
4:152624478:-,109.9309192658267,28.44001665193176,16.633880984999394,105.47213263140512,20.31925324568624,891.3572821797499
4:152624561:-,109.9309192658267,28.44001665193176,16.633880984999394,105.47213263140512,20.31925324568624,891.3572821797499
4:15732397:+,0.3878826608212922,0.2875703645038008,0.5488648630873247,165.88008730903795,1.2414149084119763,160.12726830851523
4:15849225:+,57.28299425991618,17.371806492171906,15.187478897112673,15.83684709344876,201.05516126984466,4.855422375459768
4:17626093:+,81.69938048101318,85.50989900593736,83.99400849233848,59.171232064646254,85.72697207178588,52.9735009944432
4:17801265:-,75.00132517617308,80.5953367733641,83.37199412434978,31.12933553599214,82.83023938398583,10.316065829830004
4:17801266:-,75.00132517617308,80.5953367733641,83.37199412434978,31.12933553599214,82.83023938398583,10.316065829830004
4:17801355:-,75.00132517617308,80.5953367733641,83.37199412434978,31.12933553599214,82.83023938398583,10.316065829830004
4:17801395:-,75.00132517617308,80.5953367733641,83.37199412434978,31.12933553599214,82.83023938398583,10.316065829830004
4:17802038:-,75.00132517617308,80.5953367733641,83.37199412434978,31.12933553599214,82.83023938398583,10.316065829830004
4:2833828:+,408.35696702869257,92.06646322755248,161.2671072243658,577.8974745743797,436.14439067571925,488.5971945497633
4:2839660:+,408.35696702869257,92.06646322755248,161.2671072243658,577.8974745743797,436.14439067571925,488.5971945497633
4:2839706:+,408.35696702869257,92.06646322755248,161.2671072243658,577.8974745743797,436.14439067571925,488.5971945497633
4:2839792:+,408.35696702869257,92.06646322755248,161.2671072243658,577.8974745743797,436.14439067571925,488.5971945497633
4:2839963:+,408.35696702869257,92.06646322755248,161.2671072243658,577.8974745743797,436.14439067571925,488.5971945497633
4:2839970:+,408.35696702869257,92.06646322755248,161.2671072243658,577.8974745743797,436.14439067571925,488.5971945497633
4:2840077:+,408.35696702869257,92.06646322755248,161.2671072243658,577.8974745743797,436.14439067571925,488.5971945497633
4:2840165:+,408.35696702869257,92.06646322755248,161.2671072243658,577.8974745743797,436.14439067571925,488.5971945497633
4:2840202:+,408.35696702869257,92.06646322755248,161.2671072243658,577.8974745743797,436.14439067571925,488.5971945497633
4:2938337:-,54.43597520110428,73.73422063501486,75.56080821331227,31.954074411775636,57.211068591047024,1.7061739748937503
4:2938397:-,54.43597520110428,73.73422063501486,75.56080821331227,31.954074411775636,57.211068591047024,1.7061739748937503
4:2938702:-,54.43597520110428,73.73422063501486,75.56080821331227,31.954074411775636,57.211068591047024,1.7061739748937503
4:39549050:-,162.1999993985819,13.377327417969237,14.788549513912809,57.108209727755394,32.19431349762848,27.664645633280166
4:39549082:-,162.1999993985819,13.377327417969237,14.788549513912809,57.108209727755394,32.19431349762848,27.664645633280166
4:39549094:-,162.1999993985819,13.377327417969237,14.788549513912809,57.108209727755394,32.19431349762848,27.664645633280166
4:39549155:-,162.1999993985819,13.377327417969237,14.788549513912809,57.108209727755394,32.19431349762848,27.664645633280166
4:39549166:-,162.1999993985819,13.377327417969237,14.788549513912809,57.108209727755394,32.19431349762848,27.664645633280166
4:39549346:-,162.1999993985819,13.377327417969237,14.788549513912809,57.108209727755394,32.19431349762848,27.664645633280166
4:39549410:-,162.1999993985819,13.377327417969237,14.788549513912809,57.108209727755394,32.19431349762848,27.664645633280166
4:57110067:-,0.2982253870676199,0.10224634410002756,0.2917686089986534,27.41803546672575,91.33944059447978,2.087217890465504
4:73057696:-,18.06917819685145,22.54841989270733,18.902090477276573,11.519984826185624,13.782249313911247,2.6347252635167107
4:73057731:-,18.06917819685145,22.54841989270733,18.902090477276573,11.519984826185624,13.782249313911247,2.6347252635167107
4:73742584:+,2.952578371418652,0.730178169371021,1.3236892117547456,913.1360291878394,12.764392891045384,5239.338802178114
4:73742712:+,2.952578371418652,0.730178169371021,1.3236892117547456,913.1360291878394,12.764392891045384,5239.338802178114
4:73742730:+,2.952578371418652,0.730178169371021,1.3236892117547456,913.1360291878394,12.764392891045384,5239.338802178114
4:77048531:-,513.2699106955911,510.5282903675468,439.73344861321607,458.98518081032125,307.02200127724313,406.2877199581204
4:77056010:-,513.2699106955911,510.5282903675468,439.73344861321607,458.98518081032125,307.02200127724313,406.2877199581204
4:77058526:-,513.2699106955911,510.5282903675468,439.73344861321607,458.98518081032125,307.02200127724313,406.2877199581204
4:83294325:-,2.670392978022393,15.578594355419947,7.304795566295061,130.0673839132441,2.5532711484881885,54.0727982326373
4:83294527:-,2.670392978022393,15.578594355419947,7.304795566295061,130.0673839132441,2.5532711484881885,54.0727982326373
4:83294564:-,2.670392978022393,15.578594355419947,7.304795566295061,130.0673839132441,2.5532711484881885,54.0727982326373
4:83294643:-,2.670392978022393,15.578594355419947,7.304795566295061,130.0673839132441,2.5532711484881885,54.0727982326373
4:83294650:-,2.670392978022393,15.578594355419947,7.304795566295061,130.0673839132441,2.5532711484881885,54.0727982326373
4:83294697:-,2.670392978022393,15.578594355419947,7.304795566295061,130.0673839132441,2.5532711484881885,54.0727982326373
4:83294757:-,2.670392978022393,15.578594355419947,7.304795566295061,130.0673839132441,2.5532711484881885,54.0727982326373
4:83294836:-,2.670392978022393,15.578594355419947,7.304795566295061,130.0673839132441,2.5532711484881885,54.0727982326373
4:83294883:-,2.670392978022393,15.578594355419947,7.304795566295061,130.0673839132441,2.5532711484881885,54.0727982326373
4:83294981:-,2.670392978022393,15.578594355419947,7.304795566295061,130.0673839132441,2.5532711484881885,54.0727982326373
4:83295015:-,2.670392978022393,15.578594355419947,7.304795566295061,130.0673839132441,2.5532711484881885,54.0727982326373
5:109335496:-,135.0195427611386,131.41779514091337,129.68208824343282,131.1146496378228,175.36894300890543,330.4142572828366
5:119394842:+,207.43565775783753,247.64781842472,142.6189713118704,32.02479793573379,78.3270269886228,32.9114436750519
5:119394868:+,207.43565775783753,247.64781842472,142.6189713118704,32.02479793573379,78.3270269886228,32.9114436750519
5:131201061:+,27.815501450544375,35.19300938044193,28.630242216489627,8.889383135998502,19.289419128646344,3.4601460555191133
5:131202580:+,27.815501450544375,35.19300938044193,28.630242216489627,8.889383135998502,19.289419128646344,3.4601460555191133
5:143225440:+,13.411557565262418,33.65668420214101,86.25062254457731,161.48711420846067,139.93307651592409,490.80855127320876
5:143225870:+,13.411557565262418,33.65668420214101,86.25062254457731,161.48711420846067,139.93307651592409,490.80855127320876
5:143226114:+,13.411557565262418,33.65668420214101,86.25062254457731,161.48711420846067,139.93307651592409,490.80855127320876
5:150402140:-,15168.01989137558,319.4233181933755,542.2256118553291,6732.726533437526,431.80076776973897,326.78903261529854
5:151268175:+,75.5833983489737,9.564471578503541,7.688905215409156,158.05661524959797,15.610077220435809,10.970181131281926
5:157309799:+,565.591373158249,691.1861793398518,691.9137977492358,59.13367586914714,659.1951839866932,160.51301071416015
5:157477824:-,610.6753952205273,128.5973581708226,19.93793901374941,57.29566415806602,20.859852723928675,118.57232002714703
5:157477844:-,610.6753952205273,128.5973581708226,19.93793901374941,57.29566415806602,20.859852723928675,118.57232002714703
5:157477920:-,610.6753952205273,128.5973581708226,19.93793901374941,57.29566415806602,20.859852723928675,118.57232002714703
5:157477936:-,610.6753952205273,128.5973581708226,19.93793901374941,57.29566415806602,20.859852723928675,118.57232002714703
5:157477938:-,610.6753952205273,128.5973581708226,19.93793901374941,57.29566415806602,20.859852723928675,118.57232002714703
5:157477941:-,610.6753952205273,128.5973581708226,19.93793901374941,57.29566415806602,20.859852723928675,118.57232002714703
5:157478364:-,610.6753952205273,128.5973581708226,19.93793901374941,57.29566415806602,20.859852723928675,118.57232002714703
5:157478387:-,610.6753952205273,128.5973581708226,19.93793901374941,57.29566415806602,20.859852723928675,118.57232002714703
5:157478389:-,610.6753952205273,128.5973581708226,19.93793901374941,57.29566415806602,20.859852723928675,118.57232002714703
5:157478402:-,610.6753952205273,128.5973581708226,19.93793901374941,57.29566415806602,20.859852723928675,118.57232002714703
5:157478436:-,610.6753952205273,128.5973581708226,19.93793901374941,57.29566415806602,20.859852723928675,118.57232002714703
5:157478484:-,610.6753952205273,128.5973581708226,19.93793901374941,57.29566415806602,20.859852723928675,118.57232002714703
5:157478552:-,610.6753952205273,128.5973581708226,19.93793901374941,57.29566415806602,20.859852723928675,118.57232002714703
5:157478557:-,610.6753952205273,128.5973581708226,19.93793901374941,57.29566415806602,20.859852723928675,118.57232002714703
5:172043056:-,291.8824333165461,519.6951236934284,609.0348100366258,306.5794140116992,864.081503764165,637.7549533065836
5:55940134:+,35.841843767933895,602.1902001338365,294.1695839753338,129.12877694266547,37.72880955943492,23.57184370600262
5:65668352:-,12.182649046091733,106.83293457676734,77.9486775811014,39.83570259613818,10.85857937324585,31.26060151888253
5:65668392:-,12.182649046091733,106.83293457676734,77.9486775811014,39.83570259613818,10.85857937324585,31.26060151888253
5:69280912:-,10.087047766097776,8.674206278112909,7.798228089355086,8.971811508607196,12.076599663272932,53.695415126875965
5:79685799:+,123.12251015230956,107.93385659570261,105.9381917495664,78.68646555084807,145.29716834635593,56.69741330461215
5:96917784:+,129.96024212952534,181.7484564011251,147.35468578152043,72.32997743021112,145.7382020443252,19.891155858080246
6:109463123:-,79.06065684613247,47.18320808943602,37.01120287478406,18.69509519367632,28.79066979201683,10.267303716464863
6:134170114:-,34.37814509508239,57.48371500177233,40.7135254902707,1497.4742579167,11.538741899183002,278.37790547966125
6:149449356:-,124.76374877207843,122.29193095661681,47.01046911666505,8.34452686073784,1.044757187975183,0.496801330016577
6:149449360:-,124.76374877207843,122.29193095661681,47.01046911666505,8.34452686073784,1.044757187975183,0.496801330016577
6:149449361:-,124.76374877207843,122.29193095661681,47.01046911666505,8.34452686073784,1.044757187975183,0.496801330016577
6:149449381:-,124.76374877207843,122.29193095661681,47.01046911666505,8.34452686073784,1.044757187975183,0.496801330016577
6:149449710:-,124.76374877207843,122.29193095661681,47.01046911666505,8.34452686073784,1.044757187975183,0.496801330016577
6:149591170:+,27.836230074627807,18.960209991977596,16.021363728794977,36.70154778914255,18.231409494541253,28.16727407770096
6:25986438:+,295.7061147940991,110.09488838658625,92.5528947857797,121.70760402233984,114.67642913315076,142.45814638945293
6:35575355:-,28.042082931791626,187.05219691325198,144.19777270999637,111.95192792182799,49.77698723114325,157.12221475397632
6:36140564:+,115.26709150950964,106.47729440481433,93.29191291221366,8.513955759388615,85.00607993736286,226.86991966084042
6:36140914:+,115.26709150950964,106.47729440481433,93.29191291221366,8.513955759388615,85.00607993736286,226.86991966084042
6:36141022:+,115.26709150950964,106.47729440481433,93.29191291221366,8.513955759388615,85.00607993736286,226.86991966084042
6:36141035:+,115.26709150950964,106.47729440481433,93.29191291221366,8.513955759388615,85.00607993736286,226.86991966084042
6:36141062:+,115.26709150950964,106.47729440481433,93.29191291221366,8.513955759388615,85.00607993736286,226.86991966084042
6:36141666:+,115.26709150950964,106.47729440481433,93.29191291221366,8.513955759388615,85.00607993736286,226.86991966084042
6:36144101:+,115.26709150950964,106.47729440481433,93.29191291221366,8.513955759388615,85.00607993736286,226.86991966084042
6:36495067:-,97.57720270542322,207.2748160548139,179.0877791063266,110.2710065439831,237.32535512640916,117.11667422142519
6:37028685:+,473.2360418354871,0.7838339787091726,2.1815041184957065,305.82170506615273,3.3118546950063212,2.533473313894705
6:407707:+,159.8122932885243,37.33635233911779,33.66720679877496,11.049497531613609,45.650746212345325,0.2614298918262644
6:42079687:+,37.420858660213156,41.60655375064945,48.273934545731755,28.322582050587087,41.312385874000405,17.88088723585549
6:42080537:+,37.420858660213156,41.60655375064945,48.273934545731755,28.322582050587087,41.312385874000405,17.88088723585549
6:42256770:-,9.087219952239385,132.01742170131246,175.5500423943871,54.35024399381405,132.4144278887885,105.29814420617112
6:42691943:+,120.35998903898883,120.62658485514109,150.59088872658882,109.18666077497501,193.96980992680687,427.14889589997875
6:42888240:+,51.449524271879156,54.94861122109227,55.565412399861785,31.62999715719736,52.65789961652832,3.8839259473927132
6:42888591:+,51.449524271879156,54.94861122109227,55.565412399861785,31.62999715719736,52.65789961652832,3.8839259473927132
6:42889397:+,51.449524271879156,54.94861122109227,55.565412399861785,31.62999715719736,52.65789961652832,3.8839259473927132
6:63211926:+,2.5592191589242934,2.893087420498367,2.1949820524356083,13.009225521913798,1.9224527721598919,7.172182361287269
7:100399967:+,2.8055197013203617,1.865401860619977,1.6161475006075838,209.8461836090292,5.042798201177002,363.60204713111915
7:101092132:+,108.11454679421985,113.0990486274164,100.24175832644022,42.57753772528894,149.3819506972622,77.70711509927324
7:102448589:+,475.7948283570518,56.21900132370677,64.07154163233392,108.49798798875062,136.02919707530788,326.56570794621325
7:102449381:+,475.7948283570518,56.21900132370677,64.07154163233392,108.49798798875062,136.02919707530788,326.56570794621325
7:102449810:+,475.7948283570518,56.21900132370677,64.07154163233392,108.49798798875062,136.02919707530788,326.56570794621325
7:102449913:+,475.7948283570518,56.21900132370677,64.07154163233392,108.49798798875062,136.02919707530788,326.56570794621325
7:102451079:+,475.7948283570518,56.21900132370677,64.07154163233392,108.49798798875062,136.02919707530788,326.56570794621325
7:102452878:+,475.7948283570518,56.21900132370677,64.07154163233392,108.49798798875062,136.02919707530788,326.56570794621325
7:102452937:+,475.7948283570518,56.21900132370677,64.07154163233392,108.49798798875062,136.02919707530788,326.56570794621325
7:102453345:+,475.7948283570518,56.21900132370677,64.07154163233392,108.49798798875062,136.02919707530788,326.56570794621325
7:102454179:+,475.7948283570518,56.21900132370677,64.07154163233392,108.49798798875062,136.02919707530788,326.56570794621325
7:102454184:+,475.7948283570518,56.21900132370677,64.07154163233392,108.49798798875062,136.02919707530788,326.56570794621325
7:102454913:+,475.7948283570518,56.21900132370677,64.07154163233392,108.49798798875062,136.02919707530788,326.56570794621325
7:102456453:+,14.138055766912316,7.8313318692793255,6.762071987465332,4.476191250387751,9.138600446460645,20.5627974624356
7:102637153:-,0.012877353458679432,0.019580407530938024,0.04137387067951287,0.116986932038084,0.001,0.031950086966887385
7:102637213:-,0.012877353458679432,0.019580407530938024,0.04137387067951287,0.116986932038084,0.001,0.031950086966887385
7:102637230:-,0.012877353458679432,0.019580407530938024,0.04137387067951287,0.116986932038084,0.001,0.031950086966887385
7:102637274:-,0.012877353458679432,0.019580407530938024,0.04137387067951287,0.116986932038084,0.001,0.031950086966887385
7:102637284:-,0.012877353458679432,0.019580407530938024,0.04137387067951287,0.116986932038084,0.001,0.031950086966887385
7:102637313:-,0.012877353458679432,0.019580407530938024,0.04137387067951287,0.116986932038084,0.001,0.031950086966887385
7:102637333:-,0.012877353458679432,0.019580407530938024,0.04137387067951287,0.116986932038084,0.001,0.031950086966887385
7:139047444:-,176.2309497455165,318.4578352284153,264.9540816097849,68.15703782368244,198.24347815534512,211.65218431642535
7:156970053:+,47.52632442386982,49.2778448650939,53.23912647136415,20.574591447595665,49.6170425814729,0.9278645448530433
7:17344729:+,18.16938654273869,47.64675918682632,31.35121435094169,241.25472024342147,21.374342507421183,2.3131886809279307
7:17344812:+,18.16938654273869,47.64675918682632,31.35121435094169,241.25472024342147,21.374342507421183,2.3131886809279307
7:17344889:+,18.16938654273869,47.64675918682632,31.35121435094169,241.25472024342147,21.374342507421183,2.3131886809279307
7:17345061:+,18.16938654273869,47.64675918682632,31.35121435094169,241.25472024342147,21.374342507421183,2.3131886809279307
7:17345105:+,18.16938654273869,47.64675918682632,31.35121435094169,241.25472024342147,21.374342507421183,2.3131886809279307
7:17345149:+,18.16938654273869,47.64675918682632,31.35121435094169,241.25472024342147,21.374342507421183,2.3131886809279307
7:17345193:+,18.16938654273869,47.64675918682632,31.35121435094169,241.25472024342147,21.374342507421183,2.3131886809279307
7:17345255:+,18.16938654273869,47.64675918682632,31.35121435094169,241.25472024342147,21.374342507421183,2.3131886809279307
7:17345257:+,18.16938654273869,47.64675918682632,31.35121435094169,241.25472024342147,21.374342507421183,2.3131886809279307
7:17345262:+,18.16938654273869,47.64675918682632,31.35121435094169,241.25472024342147,21.374342507421183,2.3131886809279307
7:35633383:-,84.21486732276135,122.62175440296537,156.06502333608285,49.062252847316195,132.04681304241885,103.66479323767462
7:39950702:+,196.02023855231403,131.5593122452565,150.00350760851202,59.44087291466342,180.94484331969664,72.34400808585536
7:39950744:+,196.02023855231403,131.5593122452565,150.00350760851202,59.44087291466342,180.94484331969664,72.34400808585536
7:39950927:+,196.02023855231403,131.5593122452565,150.00350760851202,59.44087291466342,180.94484331969664,72.34400808585536
7:39950978:+,196.02023855231403,131.5593122452565,150.00350760851202,59.44087291466342,180.94484331969664,72.34400808585536
7:39950990:+,196.02023855231403,131.5593122452565,150.00350760851202,59.44087291466342,180.94484331969664,72.34400808585536
7:44578827:-,109.52420432257038,150.5762796384229,151.83775109886056,70.61939283217639,139.50334441880605,35.641078014103286
7:44801787:+,291.04117091215596,269.91345769583836,246.75773135675163,202.8702326370384,239.55825756069655,10.728696595473357
7:44801919:+,291.04117091215596,269.91345769583836,246.75773135675163,202.8702326370384,239.55825756069655,10.728696595473357
7:44801989:+,291.04117091215596,269.91345769583836,246.75773135675163,202.8702326370384,239.55825756069655,10.728696595473357
7:44802248:+,291.04117091215596,269.91345769583836,246.75773135675163,202.8702326370384,239.55825756069655,10.728696595473357
7:44802257:+,291.04117091215596,269.91345769583836,246.75773135675163,202.8702326370384,239.55825756069655,10.728696595473357
7:44802331:+,291.04117091215596,269.91345769583836,246.75773135675163,202.8702326370384,239.55825756069655,10.728696595473357
7:44802370:+,291.04117091215596,269.91345769583836,246.75773135675163,202.8702326370384,239.55825756069655,10.728696595473357
7:44802499:+,291.04117091215596,269.91345769583836,246.75773135675163,202.8702326370384,239.55825756069655,10.728696595473357
7:44832905:-,41.61865334771431,73.79929126631684,77.47544479350695,54.02433019504575,87.25701576079719,32.587034514143504
7:44833227:-,41.61865334771431,73.79929126631684,77.47544479350695,54.02433019504575,87.25701576079719,32.587034514143504
7:44833452:-,41.61865334771431,73.79929126631684,77.47544479350695,54.02433019504575,87.25701576079719,32.587034514143504
7:5621314:-,133.49831953391092,213.9354936281489,211.86720158187686,76.20615294189363,163.74775828809993,51.704561866309575
7:5622560:-,133.49831953391092,213.9354936281489,211.86720158187686,76.20615294189363,163.74775828809993,51.704561866309575
7:66153558:+,37.96153013286151,36.228795007470374,42.73653917958025,42.68357646785957,52.23287527542351,20.041202908468833
7:66153601:+,37.96153013286151,36.228795007470374,42.73653917958025,42.68357646785957,52.23287527542351,20.041202908468833
7:66153798:+,37.96153013286151,36.228795007470374,42.73653917958025,42.68357646785957,52.23287527542351,20.041202908468833
7:66153992:+,37.96153013286151,36.228795007470374,42.73653917958025,42.68357646785957,52.23287527542351,20.041202908468833
7:66154040:+,37.96153013286151,36.228795007470374,42.73653917958025,42.68357646785957,52.23287527542351,20.041202908468833
7:66154341:+,37.96153013286151,36.228795007470374,42.73653917958025,42.68357646785957,52.23287527542351,20.041202908468833
7:66154378:+,37.96153013286151,36.228795007470374,42.73653917958025,42.68357646785957,52.23287527542351,20.041202908468833
7:7245841:+,117.41903108970989,82.50767087033006,83.21852469199125,57.08947922395371,96.89761547162809,71.50995416228403
7:7246187:+,117.41903108970989,82.50767087033006,83.21852469199125,57.08947922395371,96.89761547162809,71.50995416228403
7:7246204:+,117.41903108970989,82.50767087033006,83.21852469199125,57.08947922395371,96.89761547162809,71.50995416228403
7:88277747:-,0.2939742368411731,0.23441891265144466,0.1903530858209495,35.419668836133006,2.802596349608009,600.1592180989286
7:99574489:+,122.01865788106707,103.91682358220439,114.66227130813616,78.8921011920107,156.00039065425722,28.90950597570798
7:99574502:+,122.01865788106707,103.91682358220439,114.66227130813616,78.8921011920107,156.00039065425722,28.90950597570798
7:99574503:+,122.01865788106707,103.91682358220439,114.66227130813616,78.8921011920107,156.00039065425722,28.90950597570798
7:99575318:+,122.01865788106707,103.91682358220439,114.66227130813616,78.8921011920107,156.00039065425722,28.90950597570798
8:102829408:-,120.56031449405913,140.8207496122437,131.022260010794,185.23312258869865,135.58590264920232,97.06536573249784
8:11842703:-,50.7819746231526,136.11385591263235,43.63783220842017,1040.2636366640656,43.417145708370924,76.07959678432002
8:11842708:-,50.7819746231526,136.11385591263235,43.63783220842017,1040.2636366640656,43.417145708370924,76.07959678432002
8:11842721:-,50.7819746231526,136.11385591263235,43.63783220842017,1040.2636366640656,43.417145708370924,76.07959678432002
8:11842733:-,50.7819746231526,136.11385591263235,43.63783220842017,1040.2636366640656,43.417145708370924,76.07959678432002
8:11842741:-,50.7819746231526,136.11385591263235,43.63783220842017,1040.2636366640656,43.417145708370924,76.07959678432002
8:11842744:-,50.7819746231526,136.11385591263235,43.63783220842017,1040.2636366640656,43.417145708370924,76.07959678432002
8:11842751:-,50.7819746231526,136.11385591263235,43.63783220842017,1040.2636366640656,43.417145708370924,76.07959678432002
8:11842774:-,50.7819746231526,136.11385591263235,43.63783220842017,1040.2636366640656,43.417145708370924,76.07959678432002
8:11842853:-,50.7819746231526,136.11385591263235,43.63783220842017,1040.2636366640656,43.417145708370924,76.07959678432002
8:11842863:-,50.7819746231526,136.11385591263235,43.63783220842017,1040.2636366640656,43.417145708370924,76.07959678432002
8:11842909:-,50.7819746231526,136.11385591263235,43.63783220842017,1040.2636366640656,43.417145708370924,76.07959678432002
8:11843016:-,50.7819746231526,136.11385591263235,43.63783220842017,1040.2636366640656,43.417145708370924,76.07959678432002
8:11843166:-,50.7819746231526,136.11385591263235,43.63783220842017,1040.2636366640656,43.417145708370924,76.07959678432002
8:11843167:-,50.7819746231526,136.11385591263235,43.63783220842017,1040.2636366640656,43.417145708370924,76.07959678432002
8:11843175:-,50.7819746231526,136.11385591263235,43.63783220842017,1040.2636366640656,43.417145708370924,76.07959678432002
8:11843813:-,50.7819746231526,136.11385591263235,43.63783220842017,1040.2636366640656,43.417145708370924,76.07959678432002
8:11843847:-,50.7819746231526,136.11385591263235,43.63783220842017,1040.2636366640656,43.417145708370924,76.07959678432002
8:11843909:-,50.7819746231526,136.11385591263235,43.63783220842017,1040.2636366640656,43.417145708370924,76.07959678432002
8:11843919:-,50.7819746231526,136.11385591263235,43.63783220842017,1040.2636366640656,43.417145708370924,76.07959678432002
8:11843931:-,50.7819746231526,136.11385591263235,43.63783220842017,1040.2636366640656,43.417145708370924,76.07959678432002
8:11843948:-,50.7819746231526,136.11385591263235,43.63783220842017,1040.2636366640656,43.417145708370924,76.07959678432002
8:11843970:-,50.7819746231526,136.11385591263235,43.63783220842017,1040.2636366640656,43.417145708370924,76.07959678432002
8:11843994:-,50.7819746231526,136.11385591263235,43.63783220842017,1040.2636366640656,43.417145708370924,76.07959678432002
8:11843999:-,50.7819746231526,136.11385591263235,43.63783220842017,1040.2636366640656,43.417145708370924,76.07959678432002
8:11844020:-,50.7819746231526,136.11385591263235,43.63783220842017,1040.2636366640656,43.417145708370924,76.07959678432002
8:11844026:-,50.7819746231526,136.11385591263235,43.63783220842017,1040.2636366640656,43.417145708370924,76.07959678432002
8:30678435:-,36.972381761370386,40.43163868682272,37.670064899417504,81.55653696578317,67.15686809454708,53.15614418969737
8:30678462:-,36.972381761370386,40.43163868682272,37.670064899417504,81.55653696578317,67.15686809454708,53.15614418969737
8:30678560:-,36.972381761370386,40.43163868682272,37.670064899417504,81.55653696578317,67.15686809454708,53.15614418969737
8:30678607:-,36.972381761370386,40.43163868682272,37.670064899417504,81.55653696578317,67.15686809454708,53.15614418969737
8:30678892:-,36.972381761370386,40.43163868682272,37.670064899417504,81.55653696578317,67.15686809454708,53.15614418969737
8:30678932:-,36.972381761370386,40.43163868682272,37.670064899417504,81.55653696578317,67.15686809454708,53.15614418969737
8:30679085:-,36.972381761370386,40.43163868682272,37.670064899417504,81.55653696578317,67.15686809454708,53.15614418969737
8:38264244:-,335.5111738151887,24.050385445871,23.486235258434284,11.319094823152833,27.539544329187624,3.5567606122785884
8:38970717:+,586.9119943321874,82.9574632194967,100.07033882635253,75.56884027911705,179.8690280562752,133.95580053884092
8:38970747:+,586.9119943321874,82.9574632194967,100.07033882635253,75.56884027911705,179.8690280562752,133.95580053884092
8:38971691:+,586.9119943321874,82.9574632194967,100.07033882635253,75.56884027911705,179.8690280562752,133.95580053884092
8:38971700:+,586.9119943321874,82.9574632194967,100.07033882635253,75.56884027911705,179.8690280562752,133.95580053884092
8:38971825:+,586.9119943321874,82.9574632194967,100.07033882635253,75.56884027911705,179.8690280562752,133.95580053884092
8:38971933:+,586.9119943321874,82.9574632194967,100.07033882635253,75.56884027911705,179.8690280562752,133.95580053884092
8:38972217:+,586.9119943321874,82.9574632194967,100.07033882635253,75.56884027911705,179.8690280562752,133.95580053884092
8:38972234:+,586.9119943321874,82.9574632194967,100.07033882635253,75.56884027911705,179.8690280562752,133.95580053884092
8:38972255:+,586.9119943321874,82.9574632194967,100.07033882635253,75.56884027911705,179.8690280562752,133.95580053884092
8:38972290:+,586.9119943321874,82.9574632194967,100.07033882635253,75.56884027911705,179.8690280562752,133.95580053884092
8:38972458:+,586.9119943321874,82.9574632194967,100.07033882635253,75.56884027911705,179.8690280562752,133.95580053884092
8:38972976:+,586.9119943321874,82.9574632194967,100.07033882635253,75.56884027911705,179.8690280562752,133.95580053884092
8:38973016:+,586.9119943321874,82.9574632194967,100.07033882635253,75.56884027911705,179.8690280562752,133.95580053884092
8:38973066:+,586.9119943321874,82.9574632194967,100.07033882635253,75.56884027911705,179.8690280562752,133.95580053884092
8:97728665:+,165.7751226116585,171.28916074003956,154.2949519080456,204.2664628934707,160.21270112561587,20.91661724515263
8:97728671:+,165.7751226116585,171.28916074003956,154.2949519080456,204.2664628934707,160.21270112561587,20.91661724515263
8:97729161:+,165.7751226116585,171.28916074003956,154.2949519080456,204.2664628934707,160.21270112561587,20.91661724515263
8:97729188:+,165.7751226116585,171.28916074003956,154.2949519080456,204.2664628934707,160.21270112561587,20.91661724515263
9:112224150:-,259.76130448000856,254.31476188722115,223.0714484082983,209.3967476163626,237.6711816243608,429.3249749291414
9:114337101:-,571.9389388713032,740.8766742069404,985.1966642544426,368.855370274801,1280.0881430215964,858.6194368819542
9:120601926:-,46.39626467723213,52.979132381887254,51.85615577460124,450.160700520191,80.71606075138874,1024.8693027751715
9:123380441:-,35.958212198938725,25.921089753458062,30.203809906279602,141.75634881512062,36.8691223220993,41.20985244509205
9:129809391:+,16.22113751717457,17.189676040656042,24.00041136720297,44.7115586453203,40.1333018845404,73.53357909674206
9:131497876:+,408.0542493122674,352.43712526170054,387.5927189308522,136.71339986114856,406.14329751176626,46.111511683556124
9:133362695:-,59.73633367185086,120.15591207671888,176.2448861509488,146.39171061935656,211.0530016644522,57.806487015236804
9:134905623:-,6.5053544070118,1.1604136131082852,2.8569004109832425,5633.147724153185,3.411635262026481,352.16457932883225
9:134906088:-,6.5053544070118,1.1604136131082852,2.8569004109832425,5633.147724153185,3.411635262026481,352.16457932883225
9:134906133:-,6.5053544070118,1.1604136131082852,2.8569004109832425,5633.147724153185,3.411635262026481,352.16457932883225
9:134906167:-,6.5053544070118,1.1604136131082852,2.8569004109832425,5633.147724153185,3.411635262026481,352.16457932883225
9:134906213:-,6.5053544070118,1.1604136131082852,2.8569004109832425,5633.147724153185,3.411635262026481,352.16457932883225
9:134906813:-,6.5053544070118,1.1604136131082852,2.8569004109832425,5633.147724153185,3.411635262026481,352.16457932883225
9:134906826:-,6.5053544070118,1.1604136131082852,2.8569004109832425,5633.147724153185,3.411635262026481,352.16457932883225
9:134907065:-,6.5053544070118,1.1604136131082852,2.8569004109832425,5633.147724153185,3.411635262026481,352.16457932883225
9:136441102:-,142.0327766660581,147.77610705717174,155.70066565732915,112.7798644690319,187.48872525606413,83.41213593983736
9:136441170:-,142.0327766660581,147.77610705717174,155.70066565732915,112.7798644690319,187.48872525606413,83.41213593983736
9:32456319:-,0.08370608017370022,0.22155608117650774,0.08791888613603809,0.07830043074491526,0.08798451471921412,0.31242486373210077
9:32456414:-,0.08370608017370022,0.22155608117650774,0.08791888613603809,0.07830043074491526,0.08798451471921412,0.31242486373210077
9:32456450:-,0.08370608017370022,0.22155608117650774,0.08791888613603809,0.07830043074491526,0.08798451471921412,0.31242486373210077
9:32456454:-,0.08370608017370022,0.22155608117650774,0.08791888613603809,0.07830043074491526,0.08798451471921412,0.31242486373210077
9:37503348:+,21.334285684710743,43.7214735678791,36.91153291484347,7.5246646888882625,20.657443942842285,0.16647018912792136
9:37503369:+,21.334285684710743,43.7214735678791,36.91153291484347,7.5246646888882625,20.657443942842285,0.16647018912792136
9:37503394:+,21.334285684710743,43.7214735678791,36.91153291484347,7.5246646888882625,20.657443942842285,0.16647018912792136
9:37503492:+,21.334285684710743,43.7214735678791,36.91153291484347,7.5246646888882625,20.657443942842285,0.16647018912792136
9:37503540:+,21.334285684710743,43.7214735678791,36.91153291484347,7.5246646888882625,20.657443942842285,0.16647018912792136
9:78272287:+,23.471086914286918,30.476367318819417,69.44052961059208,4.166884482724679,320.59769531473955,0.8180595015999195
9:86027282:-,6.652267202049855,9.142944756659778,9.492163064931724,45.07920995762051,40.39760935245352,0.9883615080997459
X:101009677:-,72.88493764769805,71.28437927077509,60.37410822422169,21.5834632416473,54.2139882761056,7.046060124808497
X:101009678:-,72.88493764769805,71.28437927077509,60.37410822422169,21.5834632416473,54.2139882761056,7.046060124808497
X:101010295:-,72.88493764769805,71.28437927077509,60.37410822422169,21.5834632416473,54.2139882761056,7.046060124808497
X:101010359:-,72.88493764769805,71.28437927077509,60.37410822422169,21.5834632416473,54.2139882761056,7.046060124808497
X:108077913:+,3.8489900923255855,42.85005203076909,19.527579545888837,0.001,0.3437056532024425,0.1638503070932001
X:110174104:+,50.19221963042641,45.216119658737895,47.05049411906044,139.09594476402643,96.81185370815804,342.20957688500357
X:119539274:-,20.49064131884479,17.27780285252154,19.214430511372484,19.271661121030206,21.519425094735944,4.764055654455354
X:123913014:+,59.739581951979844,56.05442577893408,49.69076649677622,27.91738715409366,58.36469163990179,61.59736845462475
X:123913261:+,59.739581951979844,56.05442577893408,49.69076649677622,27.91738715409366,58.36469163990179,61.59736845462475
X:123913275:+,59.739581951979844,56.05442577893408,49.69076649677622,27.91738715409366,58.36469163990179,61.59736845462475
X:123913444:+,59.739581951979844,56.05442577893408,49.69076649677622,27.91738715409366,58.36469163990179,61.59736845462475
X:12922710:+,0.4308991278672154,0.08073973420109888,0.09109143311701604,109.7892380159989,2.621585993692574,377.2393794804046
X:12922721:+,0.4308991278672154,0.08073973420109888,0.09109143311701604,109.7892380159989,2.621585993692574,377.2393794804046
X:12922725:+,0.4308991278672154,0.08073973420109888,0.09109143311701604,109.7892380159989,2.621585993692574,377.2393794804046
X:154011114:-,281.68691294019425,138.78633304817419,165.07492797604633,265.0886842418297,190.74056237669146,59.15320154676641
X:154011235:-,281.68691294019425,138.78633304817419,165.07492797604633,265.0886842418297,190.74056237669146,59.15320154676641
X:154011308:-,281.68691294019425,138.78633304817419,165.07492797604633,265.0886842418297,190.74056237669146,59.15320154676641
X:154011335:-,281.68691294019425,138.78633304817419,165.07492797604633,265.0886842418297,190.74056237669146,59.15320154676641
X:154351581:-,1002.4185311444227,1778.3787309976933,2255.075725658136,2386.539181051531,4104.93660050037,492.225349828262
X:154351588:-,1002.4185311444227,1778.3787309976933,2255.075725658136,2386.539181051531,4104.93660050037,492.225349828262
X:15782971:+,32.308087156455514,66.5834025500655,48.730647736600304,16.667210104500512,56.34263923114372,1.3318449280831697
X:24077207:+,358.1236211076241,366.2183852607255,283.958686784721,338.09247752820306,187.21858875259545,102.13600476823311
X:24077265:+,358.1236211076241,366.2183852607255,283.958686784721,338.09247752820306,187.21858875259545,102.13600476823311
X:2906197:-,8.83531699311601,2.772048127596807,4.509235098562072,75.7705918579988,24.766718613461776,7.917505544432031
X:46604578:-,195.28967056239674,8.927731743394599,4.354131235267612,6.333434794893547,2.901903506370304,6.305314938597295
X:46605078:-,195.28967056239674,8.927731743394599,4.354131235267612,6.333434794893547,2.901903506370304,6.305314938597295
X:46881375:+,26.71881070151321,8.920208225521648,11.07666706677573,60.619095660701106,20.977577409492245,163.21676175661298
X:48577959:+,569.446807911243,503.73260450496207,521.9748684744559,532.6637092220773,471.98792289208325,88.0088555474629
X:54563646:+,43.68495794855371,37.156475111657514,39.129364709556626,34.17517584981544,51.42212853076777,33.42511630059393
X:77827509:-,37.124310405718965,58.486634915318184,49.97846083574489,69.81025718798587,81.80950995150374,27.395054118540315
X:77828076:-,37.124310405718965,58.486634915318184,49.97846083574489,69.81025718798587,81.80950995150374,27.395054118540315
X:77828077:-,37.124310405718965,58.486634915318184,49.97846083574489,69.81025718798587,81.80950995150374,27.395054118540315
X:77828119:-,37.124310405718965,58.486634915318184,49.97846083574489,69.81025718798587,81.80950995150374,27.395054118540315
X:77828225:-,37.124310405718965,58.486634915318184,49.97846083574489,69.81025718798587,81.80950995150374,27.395054118540315
X:77828466:-,37.124310405718965,58.486634915318184,49.97846083574489,69.81025718798587,81.80950995150374,27.395054118540315
X:77828483:-,37.124310405718965,58.486634915318184,49.97846083574489,69.81025718798587,81.80950995150374,27.395054118540315
X:77828503:-,37.124310405718965,58.486634915318184,49.97846083574489,69.81025718798587,81.80950995150374,27.395054118540315
X:77828544:-,37.124310405718965,58.486634915318184,49.97846083574489,69.81025718798587,81.80950995150374,27.395054118540315
