,Bcells,CD4,CD8,Monocytes,NK,Neutrophils
10:100232436:-,0.2727272727272727,0.2727272727272727,0.2727272727272727,0.2727272727272727,0.2727272727272727,0.2727272727272727
10:100232925:-,0.13043478260869565,0.2,0.19903381642512077,0.19903381642512077,0.19903381642512077,0.26666666666666666
10:100232926:-,0.10344827586206896,0.1231527093596059,0.14285714285714285,0.1231527093596059,0.1231527093596059,0.1231527093596059
10:100233035:-,0.288961038961039,0.288961038961039,0.21428571428571427,0.36363636363636365,0.288961038961039,0.288961038961039
10:100233052:-,0.7,0.5034090909090909,0.3068181818181818,0.5034090909090909,0.5034090909090909,0.5034090909090909
10:100233090:-,0.2,0.2,0.2,0.2,0.2,0.2
10:12831014:+,0.2,0.2,0.2,0.2,0.2,0.2
10:12833566:+,0.15789473684210525,0.15789473684210525,0.15789473684210525,0.15789473684210525,0.15789473684210525,0.15789473684210525
10:14907006:-,0.15,0.15,0.15,0.15,0.15,0.15
10:20284377:+,0.3,0.3,0.3,0.3,0.3,0.3
10:3778225:-,0.06091473286562331,0.06091473286562331,0.06091473286562331,0.06091473286562331,0.06091473286562331,0.06091473286562331
10:49988823:+,0.3333333333333333,0.3333333333333333,0.3333333333333333,0.3333333333333333,0.3333333333333333,0.3333333333333333
10:70404397:+,0.15486637033934497,0.15486637033934497,0.08571428571428572,0.15486637033934497,0.11428571428571428,0.2645991110180349
10:70422696:+,0.09564551816404239,0.09564551816404239,0.09564551816404239,0.09564551816404239,0.09564551816404239,0.09564551816404239
10:72234070:+,0.25,0.25,0.25,0.25,0.25,0.25
10:72234878:+,0.08823529411764706,0.11097560975609756,0.18181818181818182,0.12700969523064215,0.12700969523064215,0.12700969523064215
10:72234933:+,0.22286361063950197,0.25122053872053873,0.29583333333333334,0.2566391608977914,0.2566391608977914,0.2566391608977914
10:72234948:+,0.125,0.125,0.125,0.125,0.125,0.125
10:72234954:+,0.11538461538461539,0.11538461538461539,0.11538461538461539,0.11538461538461539,0.11538461538461539,0.11538461538461539
10:72235003:+,0.3,0.125,0.2125,0.2125,0.2125,0.2125
10:72235379:+,0.25,0.2,0.275,0.2416666666666667,0.2416666666666667,0.2416666666666667
10:73249117:-,0.17647058823529413,0.17647058823529413,0.17647058823529413,0.17647058823529413,0.17647058823529413,0.17647058823529413
10:73250083:-,0.2777777777777778,0.28888888888888886,0.28888888888888886,0.3,0.28888888888888886,0.28888888888888886
10:73250156:-,0.1875,0.1875,0.1875,0.1875,0.1875,0.1875
10:97664917:+,0.12,0.12,0.12,0.12,0.12,0.12
11:102396871:-,0.06797202797202798,0.06797202797202798,0.06797202797202798,0.06797202797202798,0.06797202797202798,0.06797202797202798
11:108365741:+,0.225,0.225,0.225,0.225,0.225,0.225
11:108365793:+,0.10344827586206896,0.10344827586206896,0.10344827586206896,0.10344827586206896,0.10344827586206896,0.10344827586206896
11:108365977:+,0.15,0.15,0.15,0.15,0.15,0.15
11:108367126:+,0.10714285714285714,0.10714285714285714,0.10714285714285714,0.10714285714285714,0.10714285714285714,0.10714285714285714
11:108367193:+,0.14250700280112044,0.11292016806722688,0.08333333333333333,0.11292016806722688,0.11292016806722688,0.11292016806722688
11:108367225:+,0.1111111111111111,0.1111111111111111,0.1111111111111111,0.1111111111111111,0.1111111111111111,0.1111111111111111
11:108367229:+,0.14285714285714285,0.10631229235880399,0.10631229235880399,0.10631229235880399,0.06976744186046512,0.10631229235880399
11:108367260:+,0.06818181818181818,0.06818181818181818,0.06818181818181818,0.06818181818181818,0.06818181818181818,0.06818181818181818
11:118748642:-,0.18475092739798624,0.18475092739798624,0.18475092739798624,0.18475092739798624,0.18475092739798624,0.18475092739798624
11:118898246:-,0.15789473684210525,0.15789473684210525,0.15789473684210525,0.15789473684210525,0.15789473684210525,0.15789473684210525
11:44934804:-,0.10810810810810811,0.10810810810810811,0.10810810810810811,0.10810810810810811,0.10810810810810811,0.10810810810810811
11:46678959:-,0.1305925984376233,0.1305925984376233,0.1305925984376233,0.1305925984376233,0.1305925984376233,0.1305925984376233
11:61007594:+,0.0683777686676563,0.06336104192246855,0.07339449541284404,0.0683777686676563,0.0683777686676563,0.0683777686676563
11:64219582:+,0.08180384972419087,0.08180384972419087,0.08180384972419087,0.08180384972419087,0.08180384972419087,0.08180384972419087
11:64307330:+,0.3333333333333333,0.3333333333333333,0.3333333333333333,0.3333333333333333,0.3333333333333333,0.3333333333333333
11:65321908:+,0.17654320987654323,0.17654320987654323,0.17654320987654323,0.17654320987654323,0.17654320987654323,0.17654320987654323
11:65375817:-,0.10344827586206896,0.10344827586206896,0.14739688979039892,0.14739688979039892,0.23529411764705882,0.14739688979039892
11:65375897:-,0.14285714285714285,0.14285714285714285,0.14285714285714285,0.14285714285714285,0.14285714285714285,0.14285714285714285
11:65375978:-,0.21428571428571427,0.21428571428571427,0.21428571428571427,0.21428571428571427,0.21428571428571427,0.21428571428571427
11:65581686:+,0.05172413793103448,0.05172413793103448,0.05172413793103448,0.05172413793103448,0.05172413793103448,0.05172413793103448
11:65774507:-,0.08108108108108109,0.08108108108108109,0.08108108108108109,0.08108108108108109,0.08108108108108109,0.08108108108108109
11:65774548:-,0.0686217008797654,0.0686217008797654,0.0686217008797654,0.0686217008797654,0.0686217008797654,0.0686217008797654
11:65774680:-,0.05357142857142857,0.05357142857142857,0.05357142857142857,0.05357142857142857,0.05357142857142857,0.05357142857142857
11:65774681:-,0.07272727272727272,0.07272727272727272,0.07272727272727272,0.07272727272727272,0.07272727272727272,0.07272727272727272
11:65775818:-,0.05555555555555555,0.05555555555555555,0.05555555555555555,0.05555555555555555,0.05555555555555555,0.05555555555555555
11:65775919:-,0.05357142857142857,0.05357142857142857,0.05357142857142857,0.05357142857142857,0.05357142857142857,0.05357142857142857
11:65775920:-,0.07348901098901099,0.07348901098901099,0.07348901098901099,0.07348901098901099,0.07348901098901099,0.07348901098901099
11:65775966:-,0.0892156862745098,0.0892156862745098,0.0892156862745098,0.0892156862745098,0.0892156862745098,0.0892156862745098
11:65775986:-,0.07472826086956522,0.07472826086956522,0.07472826086956522,0.08695652173913043,0.07472826086956522,0.0625
11:65776157:-,0.09523809523809523,0.09523809523809523,0.09523809523809523,0.09523809523809523,0.09523809523809523,0.09523809523809523
11:65776162:-,0.13916629179787074,0.13916629179787074,0.13916629179787074,0.21052631578947367,0.13916629179787074,0.0678062678062678
11:65776696:-,0.10699815063134545,0.10699815063134545,0.10699815063134545,0.10699815063134545,0.10699815063134545,0.10699815063134545
11:65776882:-,0.05625327053898482,0.05625327053898482,0.05625327053898482,0.061224489795918366,0.05625327053898482,0.05128205128205128
11:65776893:-,0.07742979270896777,0.07742979270896777,0.07742979270896777,0.08852040816326531,0.07742979270896777,0.06633917725467021
11:65776909:-,0.13071910745122745,0.13071910745122745,0.13071910745122745,0.11196524064171123,0.13071910745122745,0.14947297426074363
11:65776910:-,0.1143963088839666,0.1143963088839666,0.1143963088839666,0.11932934093177501,0.1143963088839666,0.1094632768361582
11:65776954:-,0.12649231963341706,0.23076923076923078,0.12649231963341706,0.08893387314439945,0.12649231963341706,0.059773854986620946
11:65776988:-,0.07272727272727272,0.07272727272727272,0.07272727272727272,0.07272727272727272,0.07272727272727272,0.07272727272727272
11:65776998:-,0.07692307692307693,0.07692307692307693,0.07692307692307693,0.07692307692307693,0.07692307692307693,0.07692307692307693
11:65777013:-,0.10875706214689265,0.10875706214689265,0.10875706214689265,0.16666666666666666,0.10875706214689265,0.05084745762711865
11:65777018:-,0.08503244029859391,0.08503244029859391,0.08503244029859391,0.08941897654584222,0.08503244029859391,0.08064590405134563
11:65777031:-,0.09057455492078254,0.09057455492078254,0.09057455492078254,0.11136363636363636,0.09057455492078254,0.06978547347792871
11:65777051:-,0.25,0.25932898226233464,0.36363636363636365,0.18468852909596248,0.25932898226233464,0.23899103631701255
11:65777103:-,0.05063291139240506,0.05063291139240506,0.05063291139240506,0.05063291139240506,0.05063291139240506,0.05063291139240506
11:74455756:-,0.3333333333333333,0.3333333333333333,0.3333333333333333,0.3333333333333333,0.3333333333333333,0.3333333333333333
11:74455855:-,0.3057692307692308,0.3057692307692308,0.3057692307692308,0.22692307692307692,0.3057692307692308,0.38461538461538464
11:74455865:-,0.2549019607843137,0.2549019607843137,0.2549019607843137,0.17647058823529413,0.2549019607843137,0.3333333333333333
11:74456110:-,0.22416881364249786,0.22416881364249786,0.22416881364249786,0.15789473684210525,0.22416881364249786,0.29044289044289046
11:74456209:-,0.25,0.25,0.25,0.25,0.25,0.25
11:769402:-,0.3,0.3,0.3,0.3,0.3,0.3
11:769448:-,0.16666666666666666,0.16666666666666666,0.16666666666666666,0.16666666666666666,0.16666666666666666,0.16666666666666666
11:769458:-,0.14285714285714285,0.14285714285714285,0.14285714285714285,0.14285714285714285,0.14285714285714285,0.14285714285714285
11:769894:-,0.3,0.3,0.3,0.3,0.3,0.3
11:83157398:+,0.05659210510962533,0.05659210510962533,0.05659210510962533,0.05659210510962533,0.05659210510962533,0.05659210510962533
11:8686359:+,0.17647058823529413,0.17647058823529413,0.17647058823529413,0.17647058823529413,0.17647058823529413,0.17647058823529413
11:8686369:+,0.14285714285714285,0.14285714285714285,0.14285714285714285,0.14285714285714285,0.14285714285714285,0.14285714285714285
11:8686404:+,0.23076923076923078,0.23076923076923078,0.23076923076923078,0.23076923076923078,0.23076923076923078,0.23076923076923078
11:8687341:+,0.3,0.3,0.3,0.3,0.3,0.3
11:93735604:-,0.29304029304029305,0.27152014652014655,0.25,0.27152014652014655,0.27152014652014655,0.27152014652014655
11:93735629:-,0.8,0.8,0.8,0.8,0.8,0.8
12:10315185:+,0.093841642228739,0.093841642228739,0.093841642228739,0.093841642228739,0.093841642228739,0.093841642228739
12:10315251:+,0.08414813736942589,0.08414813736942589,0.08414813736942589,0.08414813736942589,0.08414813736942589,0.08414813736942589
12:10315315:+,0.14942269575890266,0.14942269575890266,0.13636363636363635,0.14942269575890266,0.16248175515416896,0.14942269575890266
12:10315360:+,0.05555555555555555,0.05555555555555555,0.05555555555555555,0.05555555555555555,0.05555555555555555,0.05555555555555555
12:10315372:+,0.1782159622676864,0.1782159622676864,0.225,0.1782159622676864,0.1314319245353728,0.1782159622676864
12:10315387:+,0.06,0.06,0.06,0.06,0.06,0.06
12:10315861:+,0.20675609919795965,0.20675609919795965,0.20675609919795965,0.20675609919795965,0.20675609919795965,0.20675609919795965
12:10315862:+,0.17359168269510986,0.17359168269510986,0.2631578947368421,0.17359168269510986,0.08402547065337762,0.17359168269510986
12:10315884:+,0.11421911421911422,0.11421911421911422,0.11421911421911422,0.11421911421911422,0.11421911421911422,0.11421911421911422
12:10316458:+,0.08571428571428572,0.08571428571428572,0.08571428571428572,0.08571428571428572,0.08571428571428572,0.08571428571428572
12:10316476:+,0.06153846153846154,0.06153846153846154,0.06153846153846154,0.06153846153846154,0.06153846153846154,0.06153846153846154
12:10316495:+,0.11764705882352941,0.11764705882352941,0.11764705882352941,0.11764705882352941,0.11764705882352941,0.11764705882352941
12:10316549:+,0.11904761904761904,0.11904761904761904,0.11904761904761904,0.11904761904761904,0.11904761904761904,0.11904761904761904
12:10316588:+,0.18867753623188405,0.18867753623188405,0.1875,0.18867753623188405,0.18985507246376812,0.18867753623188405
12:10316637:+,0.1613095238095238,0.1613095238095238,0.125,0.1613095238095238,0.1976190476190476,0.1613095238095238
12:10316663:+,0.1403766769865841,0.1403766769865841,0.1403766769865841,0.1403766769865841,0.1403766769865841,0.1403766769865841
12:10316676:+,0.1024411508282476,0.1024411508282476,0.1024411508282476,0.1024411508282476,0.1024411508282476,0.1024411508282476
12:10318784:+,0.21428571428571427,0.21428571428571427,0.21428571428571427,0.21428571428571427,0.21428571428571427,0.21428571428571427
12:108591202:-,0.3333333333333333,0.3333333333333333,0.3333333333333333,0.3333333333333333,0.3333333333333333,0.3333333333333333
12:112971005:+,0.057371690094802225,0.057371690094802225,0.057371690094802225,0.057371690094802225,0.057371690094802225,0.057371690094802225
12:113390110:+,0.20895770895770896,0.20895770895770896,0.20895770895770896,0.20895770895770896,0.20895770895770896,0.20895770895770896
12:113390120:+,0.15789473684210525,0.15789473684210525,0.15789473684210525,0.15789473684210525,0.15789473684210525,0.15789473684210525
12:113391119:+,0.21428571428571427,0.21428571428571427,0.21428571428571427,0.21428571428571427,0.21428571428571427,0.21428571428571427
12:120093527:+,0.08887880010761368,0.09759887005649719,0.08015873015873017,0.08887880010761368,0.08887880010761368,0.08887880010761368
12:120461139:+,0.3,0.3,0.3,0.3,0.3,0.3
12:122769109:+,0.1431818181818182,0.1431818181818182,0.1431818181818182,0.1431818181818182,0.1431818181818182,0.1431818181818182
12:122769131:+,0.13657407407407407,0.13657407407407407,0.13657407407407407,0.13657407407407407,0.13657407407407407,0.13657407407407407
12:122981653:+,0.13669438669438672,0.13669438669438672,0.13669438669438672,0.13669438669438672,0.13669438669438672,0.13669438669438672
12:123661824:+,0.1875,0.1875,0.1875,0.1875,0.1875,0.1875
12:124911941:-,0.16346560846560845,0.1,0.12,0.2857142857142857,0.16346560846560845,0.14814814814814814
12:131922591:+,0.06042351223074115,0.06042351223074115,0.06042351223074115,0.06042351223074115,0.06042351223074115,0.06042351223074115
12:132721369:+,0.3,0.3,0.3,0.3,0.3,0.3
12:132721508:+,0.2435064935064935,0.2435064935064935,0.2435064935064935,0.2435064935064935,0.2435064935064935,0.2435064935064935
12:132721836:+,0.25,0.25,0.25,0.25,0.25,0.25
12:132769999:-,0.25,0.25,0.25,0.25,0.25,0.25
12:2825793:+,0.3,0.3,0.3,0.3,0.3,0.3
12:43787631:+,0.06260869565217392,0.06521739130434782,0.06260869565217392,0.06260869565217392,0.06,0.06260869565217392
12:43787801:+,0.15073529411764708,0.125,0.15073529411764708,0.15073529411764708,0.17647058823529413,0.15073529411764708
12:48342785:-,0.06382978723404255,0.06382978723404255,0.06382978723404255,0.06382978723404255,0.06382978723404255,0.06382978723404255
12:48342826:-,0.11538461538461539,0.11538461538461539,0.11538461538461539,0.11538461538461539,0.11538461538461539,0.11538461538461539
12:48937441:-,0.06521739130434782,0.06521739130434782,0.06521739130434782,0.06521739130434782,0.06521739130434782,0.06521739130434782
12:48938460:-,0.2631578947368421,0.2631578947368421,0.2631578947368421,0.2631578947368421,0.2631578947368421,0.2631578947368421
12:49763964:+,0.05714285714285714,0.05714285714285714,0.05714285714285714,0.05714285714285714,0.05714285714285714,0.05714285714285714
12:49763989:+,0.07702331239545683,0.07702331239545683,0.07702331239545683,0.07702331239545683,0.07702331239545683,0.07702331239545683
12:50930379:+,0.1875,0.1875,0.1875,0.1875,0.1875,0.1875
12:50930408:+,0.21428571428571427,0.21428571428571427,0.21428571428571427,0.21428571428571427,0.21428571428571427,0.21428571428571427
12:50930474:+,0.08108108108108109,0.08108108108108109,0.08108108108108109,0.08108108108108109,0.08108108108108109,0.08108108108108109
12:50930529:+,0.07338709677419356,0.07338709677419356,0.07338709677419356,0.07338709677419356,0.07338709677419356,0.07338709677419356
12:50930539:+,0.08108108108108109,0.10304054054054054,0.10304054054054054,0.125,0.10304054054054054,0.10304054054054054
12:50930652:+,0.10422492722144289,0.13105983203177407,0.13105983203177407,0.15789473684210525,0.13105983203177407,0.13105983203177407
12:50930712:+,0.08035714285714285,0.08035714285714285,0.08035714285714285,0.08035714285714285,0.08035714285714285,0.08035714285714285
12:50930722:+,0.13636363636363635,0.1590909090909091,0.1590909090909091,0.18181818181818182,0.1590909090909091,0.1590909090909091
12:50930855:+,0.09647375079063884,0.17323687539531943,0.17323687539531943,0.25,0.17323687539531943,0.17323687539531943
12:50931454:+,0.16666666666666666,0.16666666666666666,0.16666666666666666,0.16666666666666666,0.16666666666666666,0.16666666666666666
12:50931522:+,0.12,0.12,0.12,0.12,0.12,0.12
12:50931589:+,0.25,0.25,0.25,0.25,0.25,0.25
12:50931606:+,0.16681159420289857,0.22626293995859215,0.22626293995859215,0.2857142857142857,0.22626293995859215,0.22626293995859215
12:50931635:+,0.17647058823529413,0.17647058823529413,0.17647058823529413,0.17647058823529413,0.17647058823529413,0.17647058823529413
12:50931656:+,0.13636363636363635,0.13636363636363635,0.13636363636363635,0.13636363636363635,0.13636363636363635,0.13636363636363635
12:68843232:+,0.36363636363636365,0.36363636363636365,0.36363636363636365,0.36363636363636365,0.36363636363636365,0.36363636363636365
12:68843262:+,0.3333333333333333,0.3333333333333333,0.3333333333333333,0.3333333333333333,0.3333333333333333,0.3333333333333333
12:68843275:+,0.23076923076923078,0.23076923076923078,0.23076923076923078,0.23076923076923078,0.23076923076923078,0.23076923076923078
12:68843292:+,0.19824879227053138,0.19824879227053138,0.19824879227053138,0.19824879227053138,0.19824879227053138,0.19824879227053138
12:68843296:+,0.15,0.15,0.15,0.15,0.15,0.15
12:68843753:+,0.3,0.3,0.3,0.3,0.3,0.3
12:68843777:+,0.23295454545454544,0.23295454545454544,0.23295454545454544,0.23295454545454544,0.23295454545454544,0.23295454545454544
12:68843947:+,0.06,0.06,0.06,0.06,0.06,0.06
12:7094837:-,0.05,0.05,0.05,0.05,0.05,0.05
12:71702798:+,0.21428571428571427,0.21428571428571427,0.21428571428571427,0.21428571428571427,0.21428571428571427,0.21428571428571427
12:98548842:+,0.08571428571428572,0.18644688644688645,0.18644688644688645,0.28717948717948716,0.18644688644688645,0.18644688644688645
12:98548864:+,0.06818181818181818,0.06818181818181818,0.06818181818181818,0.06818181818181818,0.06818181818181818,0.06818181818181818
12:98549026:+,0.25,0.25,0.25,0.25,0.25,0.25
12:98549061:+,0.10714285714285714,0.14285714285714285,0.21296296296296294,0.3888888888888889,0.21296296296296294,0.21296296296296294
12:98549106:+,0.7857142857142857,0.7272727272727273,0.7564935064935066,0.7564935064935066,0.7564935064935066,0.7564935064935066
12:98549232:+,0.09375,0.09375,0.09375,0.09375,0.09375,0.09375
12:98549317:+,0.21739130434782608,0.21739130434782608,0.21739130434782608,0.21739130434782608,0.21739130434782608,0.21739130434782608
12:98549324:+,0.15789473684210525,0.15789473684210525,0.15789473684210525,0.15789473684210525,0.15789473684210525,0.15789473684210525
12:98549370:+,0.17647058823529413,0.17647058823529413,0.17647058823529413,0.17647058823529413,0.17647058823529413,0.17647058823529413
12:98549422:+,0.08571428571428572,0.08571428571428572,0.08571428571428572,0.08571428571428572,0.08571428571428572,0.08571428571428572
12:98733532:+,0.061224489795918366,0.061224489795918366,0.061224489795918366,0.061224489795918366,0.061224489795918366,0.061224489795918366
12:98733667:+,0.07692307692307693,0.07692307692307693,0.07692307692307693,0.07692307692307693,0.07692307692307693,0.07692307692307693
12:98733685:+,0.06521739130434782,0.06521739130434782,0.06521739130434782,0.06521739130434782,0.06521739130434782,0.06521739130434782
12:98733695:+,0.20926682807378405,0.20926682807378405,0.20926682807378405,0.1933497536945813,0.20926682807378405,0.2251839024529868
12:98734992:+,0.07681061628430048,0.07681061628430048,0.07681061628430048,0.07681061628430048,0.07681061628430048,0.07681061628430048
12:98734997:+,0.058823529411764705,0.058823529411764705,0.058823529411764705,0.058823529411764705,0.058823529411764705,0.058823529411764705
12:98735013:+,0.17611230859562108,0.17611230859562108,0.17611230859562108,0.17611230859562108,0.17611230859562108,0.17611230859562108
13:19672218:+,0.20238095238095238,0.24475524475524477,0.24904539904539905,0.24904539904539905,0.24904539904539905,0.3
13:19672261:+,0.25416666666666665,0.24662668665667165,0.37412587412587417,0.28122980686230314,0.28122980686230314,0.25
13:19672882:+,0.245508658008658,0.275940275940276,0.26924603174603173,0.28858283233283233,0.28858283233283233,0.36363636363636365
13:19672883:+,0.22359457671957672,0.2962962962962963,0.15089285714285713,0.22359457671957672,0.22359457671957672,0.22359457671957672
13:19672934:+,0.2015151515151515,0.16345918866080156,0.22165811339198438,0.22165811339198438,0.22165811339198438,0.3
13:21374316:-,0.23076923076923078,0.23076923076923078,0.23076923076923078,0.23076923076923078,0.23076923076923078,0.23076923076923078
13:21374320:-,0.16666666666666666,0.16666666666666666,0.16666666666666666,0.16666666666666666,0.16666666666666666,0.16666666666666666
13:21374436:-,0.24561403508771928,0.24561403508771928,0.3333333333333333,0.24561403508771928,0.15789473684210525,0.24561403508771928
13:21374437:-,0.23076923076923078,0.20361990950226244,0.20361990950226244,0.17647058823529413,0.20361990950226244,0.20361990950226244
13:21374484:-,0.18181818181818182,0.18181818181818182,0.18181818181818182,0.18181818181818182,0.18181818181818182,0.18181818181818182
13:21374507:-,0.175,0.175,0.175,0.175,0.175,0.175
13:21374515:-,0.12,0.12,0.12,0.12,0.12,0.12
13:21374876:-,0.21428571428571427,0.21428571428571427,0.21428571428571427,0.21428571428571427,0.21428571428571427,0.21428571428571427
13:21374915:-,0.22755681818181817,0.25,0.2727272727272727,0.1875,0.2,0.22755681818181817
13:21374953:-,0.16666666666666666,0.1366396761133603,0.14263157894736841,0.17304328529657476,0.17243867243867242,0.15828397589252852
13:21375011:-,0.23014705882352943,0.23529411764705882,0.23014705882352943,0.23014705882352943,0.225,0.23014705882352943
13:21375051:-,0.125,0.125,0.125,0.125,0.125,0.125
13:21375057:-,0.15476190476190477,0.25,0.11554621848739496,0.15476190476190477,0.16876750700280113,0.16876750700280113
13:21375071:-,0.17428525016244314,0.1875,0.17428525016244314,0.16759259259259257,0.16776315789473684,0.17428525016244314
13:95793723:+,0.13333333333333333,0.13333333333333333,0.13333333333333333,0.13333333333333333,0.13333333333333333,0.13333333333333333
14:105049499:-,0.21428571428571427,0.36363636363636365,0.2777777777777778,0.2852332852332852,0.2852332852332852,0.2852332852332852
14:105049512:-,0.17647058823529413,0.17647058823529413,0.17647058823529413,0.17647058823529413,0.17647058823529413,0.17647058823529413
14:105049679:-,0.129254000450755,0.129254000450755,0.129254000450755,0.129254000450755,0.129254000450755,0.129254000450755
14:105049696:-,0.1875,0.1875,0.1875,0.1875,0.1875,0.1875
14:20366227:-,0.17269736842105263,0.17269736842105263,0.17269736842105263,0.17269736842105263,0.17269736842105263,0.17269736842105263
14:20366228:-,0.16666666666666666,0.16666666666666666,0.16666666666666666,0.16666666666666666,0.16666666666666666,0.16666666666666666
14:20366332:-,0.125,0.125,0.125,0.125,0.125,0.125
14:20366333:-,0.23076923076923078,0.23076923076923078,0.23076923076923078,0.23076923076923078,0.23076923076923078,0.23076923076923078
14:20366932:-,0.2733918128654971,0.2733918128654971,0.2733918128654971,0.2733918128654971,0.2733918128654971,0.2733918128654971
14:20366936:-,0.16666666666666666,0.16666666666666666,0.16666666666666666,0.16666666666666666,0.16666666666666666,0.16666666666666666
14:20366961:-,0.3076923076923077,0.3076923076923077,0.3076923076923077,0.3076923076923077,0.3076923076923077,0.3076923076923077
14:20366979:-,0.13636363636363635,0.16193181818181818,0.16193181818181818,0.16193181818181818,0.1875,0.16193181818181818
14:20367026:-,0.2708333333333333,0.2708333333333333,0.2708333333333333,0.2708333333333333,0.2708333333333333,0.2708333333333333
14:20367030:-,0.20386904761904762,0.245116341991342,0.245116341991342,0.245116341991342,0.2863636363636364,0.245116341991342
14:20367118:-,0.1875,0.1875,0.1875,0.1875,0.1875,0.1875
14:23296548:-,0.2,0.2,0.2,0.2,0.2,0.2
14:52642958:-,0.3333333333333333,0.3333333333333333,0.3333333333333333,0.3333333333333333,0.3333333333333333,0.3333333333333333
14:52642959:-,0.25,0.25,0.25,0.25,0.25,0.25
14:52643091:-,0.6666666666666666,0.6666666666666666,0.6666666666666666,0.6666666666666666,0.6666666666666666,0.6666666666666666
14:52643106:-,0.1875,0.1875,0.1875,0.1875,0.1875,0.1875
14:58372551:+,0.16666666666666666,0.16666666666666666,0.16666666666666666,0.16666666666666666,0.16666666666666666,0.16666666666666666
14:64483589:-,0.2631578947368421,0.2631578947368421,0.2631578947368421,0.2631578947368421,0.2631578947368421,0.2631578947368421
14:64484498:-,0.16666666666666666,0.16666666666666666,0.16666666666666666,0.16666666666666666,0.16666666666666666,0.16666666666666666
14:74735608:+,0.1433333333333333,0.12,0.1433333333333333,0.16666666666666666,0.1433333333333333,0.1433333333333333
14:74736152:+,0.16666666666666666,0.16666666666666666,0.16666666666666666,0.16666666666666666,0.16666666666666666,0.16666666666666666
14:76205038:+,0.23076923076923078,0.28205128205128205,0.3333333333333333,0.28205128205128205,0.28205128205128205,0.28205128205128205
14:89160383:-,0.24189814814814814,0.24189814814814814,0.24189814814814814,0.24189814814814814,0.24189814814814814,0.24189814814814814
14:89160386:-,0.17333333333333334,0.17333333333333334,0.17333333333333334,0.17333333333333334,0.17333333333333334,0.17333333333333334
14:95185096:-,0.3,0.3,0.3,0.3,0.3,0.3
14:95186642:-,0.23076923076923078,0.23076923076923078,0.23076923076923078,0.23076923076923078,0.23076923076923078,0.23076923076923078
14:95415466:-,0.2727272727272727,0.2727272727272727,0.2727272727272727,0.2727272727272727,0.2727272727272727,0.2727272727272727
15:34231141:-,0.19433198380566802,0.19433198380566802,0.19433198380566802,0.19433198380566802,0.19433198380566802,0.19433198380566802
15:34231314:-,0.12701612903225806,0.12701612903225806,0.12701612903225806,0.12701612903225806,0.12701612903225806,0.12701612903225806
15:34231354:-,0.21052631578947367,0.21052631578947367,0.21052631578947367,0.21052631578947367,0.21052631578947367,0.21052631578947367
15:34231360:-,0.11538461538461539,0.11538461538461539,0.11538461538461539,0.11538461538461539,0.11538461538461539,0.11538461538461539
15:34231407:-,0.07860922146636433,0.07860922146636433,0.07860922146636433,0.07860922146636433,0.07860922146636433,0.07860922146636433
15:34231474:-,0.058823529411764705,0.058823529411764705,0.058823529411764705,0.058823529411764705,0.058823529411764705,0.058823529411764705
15:34231649:-,0.15089285714285713,0.15089285714285713,0.15089285714285713,0.15089285714285713,0.15089285714285713,0.15089285714285713
15:34231665:-,0.18764302059496568,0.2,0.16337014280488366,0.13793103448275862,0.16337014280488366,0.12790651614181026
15:34231694:-,0.080338266384778,0.080338266384778,0.080338266384778,0.080338266384778,0.080338266384778,0.080338266384778
15:34231727:-,0.1875,0.1875,0.1875,0.1875,0.1875,0.1875
15:34231753:-,0.24208144796380093,0.3076923076923077,0.24809722856055727,0.25,0.24809722856055727,0.19261515858612047
15:34231975:-,0.08333333333333333,0.08333333333333333,0.08333333333333333,0.08333333333333333,0.08333333333333333,0.08333333333333333
15:34232287:-,0.10989010989010989,0.10989010989010989,0.10989010989010989,0.10989010989010989,0.10989010989010989,0.10989010989010989
15:34232343:-,0.07692307692307693,0.13846153846153847,0.13846153846153847,0.13846153846153847,0.2,0.13846153846153847
15:34232454:-,0.11183473389355741,0.11183473389355741,0.11183473389355741,0.11183473389355741,0.11183473389355741,0.11183473389355741
15:34232506:-,0.12,0.12,0.12,0.12,0.12,0.12
15:41900146:-,0.29835164835164835,0.29835164835164835,0.3,0.2967032967032967,0.29835164835164835,0.29835164835164835
15:42531589:+,0.1566754378448966,0.14285714285714285,0.1566754378448966,0.07792207792207792,0.1566754378448966,0.24924709275546902
15:42532147:+,0.05747126436781609,0.05747126436781609,0.05747126436781609,0.05747126436781609,0.05747126436781609,0.05747126436781609
15:42532296:+,0.07142857142857142,0.06222943722943723,0.06222943722943723,0.06222943722943723,0.06222943722943723,0.05303030303030303
15:43794609:+,0.2195265845265845,0.208030303030303,0.2195265845265845,0.14285714285714285,0.2195265845265845,0.3076923076923077
15:45482003:-,0.36363636363636365,0.36363636363636365,0.36363636363636365,0.36363636363636365,0.36363636363636365,0.36363636363636365
15:49126658:-,0.1875,0.1875,0.1875,0.1875,0.1875,0.1875
15:49126926:-,0.1608187134502924,0.1608187134502924,0.1608187134502924,0.1608187134502924,0.1608187134502924,0.1608187134502924
15:58184800:+,0.07239479149901518,0.07239479149901518,0.07239479149901518,0.07239479149901518,0.07239479149901518,0.07239479149901518
15:64154841:+,0.20258629923560056,0.20258629923560056,0.20258629923560056,0.20258629923560056,0.20258629923560056,0.20258629923560056
15:64154928:+,0.1745029239766082,0.1745029239766082,0.1745029239766082,0.1745029239766082,0.1745029239766082,0.1745029239766082
15:64154936:+,0.16666666666666666,0.16666666666666666,0.16666666666666666,0.16666666666666666,0.16666666666666666,0.16666666666666666
15:64155080:+,0.17630238934586762,0.17630238934586762,0.17630238934586762,0.17630238934586762,0.17630238934586762,0.17630238934586762
15:64155171:+,0.1544973544973545,0.1544973544973545,0.1544973544973545,0.1544973544973545,0.1544973544973545,0.1544973544973545
15:64155184:+,0.3324414715719064,0.3324414715719064,0.3324414715719064,0.3324414715719064,0.3324414715719064,0.3324414715719064
15:64155196:+,0.07407407407407407,0.07407407407407407,0.07407407407407407,0.07407407407407407,0.07407407407407407,0.07407407407407407
15:64155224:+,0.056818181818181816,0.056818181818181816,0.056818181818181816,0.056818181818181816,0.056818181818181816,0.056818181818181816
15:64155236:+,0.17464912280701755,0.17464912280701755,0.17464912280701755,0.17464912280701755,0.17464912280701755,0.17464912280701755
15:64155268:+,0.14083193557823417,0.14083193557823417,0.14083193557823417,0.14083193557823417,0.14083193557823417,0.14083193557823417
15:64155432:+,0.10085061137692718,0.10085061137692718,0.10085061137692718,0.10085061137692718,0.10085061137692718,0.10085061137692718
15:64155441:+,0.08312130591256175,0.08312130591256175,0.08312130591256175,0.08312130591256175,0.08312130591256175,0.08312130591256175
15:84641813:-,0.36363636363636365,0.36363636363636365,0.36363636363636365,0.36363636363636365,0.36363636363636365,0.36363636363636365
15:84641973:-,0.3,0.3,0.3,0.3,0.3,0.3
15:84642182:-,0.2,0.2,0.2,0.2,0.2,0.2
15:84642201:-,0.25,0.25,0.25,0.25,0.25,0.25
15:84642217:-,0.3,0.2863636363636364,0.2727272727272727,0.2863636363636364,0.2863636363636364,0.2863636363636364
15:89196030:+,0.07317073170731707,0.07317073170731707,0.07317073170731707,0.07317073170731707,0.07317073170731707,0.07317073170731707
15:89196098:+,0.2228051839464883,0.2228051839464883,0.2228051839464883,0.17647058823529413,0.2228051839464883,0.2691397796576825
15:89196116:+,0.24017809978161125,0.24017809978161125,0.3,0.20818713450292395,0.17592592592592593,0.2765993386975951
15:93027251:+,0.11363636363636363,0.11363636363636363,0.11363636363636363,0.11363636363636363,0.11363636363636363,0.11363636363636363
16:10924260:+,0.050359712230215826,0.050359712230215826,0.050359712230215826,0.050359712230215826,0.050359712230215826,0.050359712230215826
16:10925418:+,0.07349355625217695,0.07349355625217695,0.07349355625217695,0.07349355625217695,0.07349355625217695,0.07349355625217695
16:10926740:+,0.18490556196660604,0.18490556196660604,0.18490556196660604,0.18490556196660604,0.18490556196660604,0.18490556196660604
16:10928388:+,0.06060606060606061,0.06060606060606061,0.06060606060606061,0.06060606060606061,0.06060606060606061,0.06060606060606061
16:10928417:+,0.0625,0.0625,0.0625,0.0625,0.0625,0.0625
16:10928470:+,0.05172413793103448,0.05172413793103448,0.05172413793103448,0.05172413793103448,0.05172413793103448,0.05172413793103448
16:10931042:+,0.05128205128205128,0.05128205128205128,0.05128205128205128,0.05128205128205128,0.05128205128205128,0.05128205128205128
16:10931068:+,0.1411372152751463,0.1411372152751463,0.1411372152751463,0.1411372152751463,0.1411372152751463,0.1411372152751463
16:10931069:+,0.07894736842105263,0.07894736842105263,0.07894736842105263,0.07894736842105263,0.07894736842105263,0.07894736842105263
16:10931085:+,0.09523809523809523,0.09523809523809523,0.09523809523809523,0.09523809523809523,0.09523809523809523,0.09523809523809523
16:10931104:+,0.12461863031483285,0.13373788658598784,0.13373788658598784,0.14285714285714285,0.13373788658598784,0.13373788658598784
16:10931114:+,0.08694458740778865,0.14347229370389433,0.14347229370389433,0.2,0.14347229370389433,0.14347229370389433
16:10931207:+,0.1113553939608594,0.1113553939608594,0.1113553939608594,0.1113553939608594,0.1113553939608594,0.1113553939608594
16:10931213:+,0.06797235023041474,0.06797235023041474,0.06797235023041474,0.06797235023041474,0.06797235023041474,0.06797235023041474
16:10931217:+,0.1469096584262591,0.1469096584262591,0.1469096584262591,0.1469096584262591,0.1469096584262591,0.1469096584262591
16:10931231:+,0.05555555555555555,0.05555555555555555,0.05555555555555555,0.05555555555555555,0.05555555555555555,0.05555555555555555
16:10931236:+,0.0821917808219178,0.0821917808219178,0.0821917808219178,0.0821917808219178,0.0821917808219178,0.0821917808219178
16:10931257:+,0.0743801652892562,0.0743801652892562,0.0743801652892562,0.0743801652892562,0.0743801652892562,0.0743801652892562
16:10931609:+,0.07722406792174234,0.07722406792174234,0.07722406792174234,0.07722406792174234,0.07722406792174234,0.07722406792174234
16:10931633:+,0.08379629629629629,0.08379629629629629,0.08379629629629629,0.08379629629629629,0.08379629629629629,0.08379629629629629
16:10931691:+,0.17728923553226958,0.17728923553226958,0.17728923553226958,0.17728923553226958,0.17728923553226958,0.17728923553226958
16:10931699:+,0.061224489795918366,0.061224489795918366,0.061224489795918366,0.061224489795918366,0.061224489795918366,0.061224489795918366
16:10931735:+,0.12221711919292565,0.12221711919292565,0.12221711919292565,0.12221711919292565,0.12221711919292565,0.12221711919292565
16:10931759:+,0.11878881987577639,0.11878881987577639,0.11878881987577639,0.11878881987577639,0.11878881987577639,0.11878881987577639
16:10931768:+,0.08333333333333333,0.08333333333333333,0.08333333333333333,0.08333333333333333,0.08333333333333333,0.08333333333333333
16:10931779:+,0.1717171717171717,0.1717171717171717,0.1717171717171717,0.1717171717171717,0.1717171717171717,0.1717171717171717
16:10931796:+,0.22210876414984243,0.22210876414984243,0.22210876414984243,0.22210876414984243,0.22210876414984243,0.22210876414984243
16:10931799:+,0.06521739130434782,0.06521739130434782,0.06521739130434782,0.06521739130434782,0.06521739130434782,0.06521739130434782
16:10931822:+,0.08834586466165413,0.08834586466165413,0.08834586466165413,0.08834586466165413,0.08834586466165413,0.08834586466165413
16:10931865:+,0.16945628997867804,0.16945628997867804,0.16945628997867804,0.16945628997867804,0.16945628997867804,0.16945628997867804
16:10932756:+,0.1875,0.1875,0.1875,0.1875,0.1875,0.1875
16:10932790:+,0.2186700767263427,0.2186700767263427,0.2186700767263427,0.2186700767263427,0.2186700767263427,0.2186700767263427
16:10932804:+,0.20779220779220778,0.20779220779220778,0.20779220779220778,0.20779220779220778,0.20779220779220778,0.20779220779220778
16:10932816:+,0.2048611111111111,0.2048611111111111,0.2048611111111111,0.2048611111111111,0.2048611111111111,0.2048611111111111
16:10932871:+,0.254933110367893,0.254933110367893,0.254933110367893,0.254933110367893,0.254933110367893,0.254933110367893
16:10932885:+,0.19047619047619047,0.19047619047619047,0.19047619047619047,0.19047619047619047,0.19047619047619047,0.19047619047619047
16:10936195:+,0.06557377049180328,0.06557377049180328,0.06557377049180328,0.06557377049180328,0.06557377049180328,0.06557377049180328
16:12660855:-,0.17000927847180627,0.17000927847180627,0.17000927847180627,0.17000927847180627,0.17000927847180627,0.17000927847180627
16:12660894:-,0.09829721362229102,0.09829721362229102,0.09829721362229102,0.09829721362229102,0.09829721362229102,0.09829721362229102
16:12660924:-,0.1,0.1,0.1,0.1,0.1,0.1
16:12661027:-,0.14315245478036176,0.14315245478036176,0.14315245478036176,0.14315245478036176,0.14315245478036176,0.14315245478036176
16:12661105:-,0.251984126984127,0.251984126984127,0.251984126984127,0.251984126984127,0.251984126984127,0.251984126984127
16:21640034:-,0.25,0.25,0.25,0.25,0.25,0.25
16:21640137:-,0.3157894736842105,0.3157894736842105,0.3157894736842105,0.3157894736842105,0.3157894736842105,0.3157894736842105
16:21640166:-,0.23029459901800325,0.23029459901800325,0.23029459901800325,0.3333333333333333,0.23029459901800325,0.12725586470267322
16:21640183:-,0.05454545454545454,0.05454545454545454,0.05454545454545454,0.05454545454545454,0.05454545454545454,0.05454545454545454
16:21640210:-,0.2326388888888889,0.2326388888888889,0.2326388888888889,0.2777777777777778,0.2326388888888889,0.1875
16:21640237:-,0.08064516129032258,0.08064516129032258,0.08064516129032258,0.08064516129032258,0.08064516129032258,0.08064516129032258
16:21640484:-,0.1111111111111111,0.1111111111111111,0.1111111111111111,0.1111111111111111,0.1111111111111111,0.1111111111111111
16:21640666:-,0.12061403508771928,0.12061403508771928,0.12061403508771928,0.12061403508771928,0.12061403508771928,0.12061403508771928
16:21640719:-,0.2222222222222222,0.2222222222222222,0.2222222222222222,0.2222222222222222,0.2222222222222222,0.2222222222222222
16:21640720:-,0.13043478260869565,0.13043478260869565,0.13043478260869565,0.13043478260869565,0.13043478260869565,0.13043478260869565
16:21640733:-,0.06,0.06,0.06,0.06,0.06,0.06
16:21640740:-,0.11098515519568151,0.11098515519568151,0.11098515519568151,0.11098515519568151,0.11098515519568151,0.11098515519568151
16:21640764:-,0.09936406995230525,0.09936406995230525,0.09936406995230525,0.09936406995230525,0.09936406995230525,0.09936406995230525
16:21641222:-,0.07729271557964051,0.07729271557964051,0.07729271557964051,0.07729271557964051,0.07729271557964051,0.07729271557964051
16:23463780:-,0.13043478260869565,0.13043478260869565,0.13043478260869565,0.13043478260869565,0.13043478260869565,0.13043478260869565
16:23463960:-,0.14166666666666666,0.14166666666666666,0.14166666666666666,0.14166666666666666,0.14166666666666666,0.14166666666666666
16:23465152:-,0.06818181818181818,0.36363636363636365,0.2159090909090909,0.2159090909090909,0.2159090909090909,0.2159090909090909
16:23465256:-,0.05660377358490566,0.05660377358490566,0.05660377358490566,0.05660377358490566,0.05660377358490566,0.05660377358490566
16:27450664:+,0.3,0.3,0.3,0.3,0.3,0.3
16:29665078:+,0.13450292397660818,0.13450292397660818,0.13450292397660818,0.13450292397660818,0.13450292397660818,0.13450292397660818
16:29667654:+,0.2,0.2,0.2,0.2,0.2,0.2
16:29667730:+,0.05357142857142857,0.05357142857142857,0.05357142857142857,0.05357142857142857,0.05357142857142857,0.05357142857142857
16:29668040:+,0.1113095238095238,0.1113095238095238,0.1113095238095238,0.1369047619047619,0.08571428571428572,0.1113095238095238
16:29668110:+,0.15771481097687237,0.15961538461538463,0.15771481097687237,0.17989417989417988,0.13363486842105263,0.15771481097687237
16:29668200:+,0.3,0.3,0.3,0.3,0.3,0.3
16:29668228:+,0.1388888888888889,0.1388888888888889,0.1388888888888889,0.1388888888888889,0.1388888888888889,0.1388888888888889
16:29668306:+,0.2,0.2,0.2,0.2,0.2,0.2
16:29668480:+,0.16666666666666666,0.16666666666666666,0.16666666666666666,0.16666666666666666,0.16666666666666666,0.16666666666666666
16:29668509:+,0.28342245989304815,0.2727272727272727,0.28342245989304815,0.28342245989304815,0.29411764705882354,0.28342245989304815
16:29668636:+,0.38461538461538464,0.38461538461538464,0.38461538461538464,0.38461538461538464,0.38461538461538464,0.38461538461538464
16:29668699:+,0.2727272727272727,0.2727272727272727,0.2727272727272727,0.2727272727272727,0.2727272727272727,0.2727272727272727
16:29668712:+,0.2,0.2,0.2,0.2,0.2,0.2
16:29668883:+,0.26550324675324677,0.26550324675324677,0.35714285714285715,0.26550324675324677,0.17386363636363636,0.26550324675324677
16:29668892:+,0.14285714285714285,0.14285714285714285,0.14285714285714285,0.14285714285714285,0.14285714285714285,0.14285714285714285
16:29668965:+,0.17647058823529413,0.17647058823529413,0.17647058823529413,0.17647058823529413,0.17647058823529413,0.17647058823529413
16:29669100:+,0.11538461538461539,0.11538461538461539,0.11538461538461539,0.11538461538461539,0.11538461538461539,0.11538461538461539
16:29669600:+,0.2222222222222222,0.2222222222222222,0.2222222222222222,0.2222222222222222,0.2222222222222222,0.2222222222222222
16:29669949:+,0.15,0.15,0.15,0.15,0.15,0.15
16:29669981:+,0.15472852883843594,0.18823529411764706,0.15789473684210525,0.15472852883843594,0.11805555555555555,0.15472852883843594
16:29670009:+,0.09090909090909091,0.09090909090909091,0.09090909090909091,0.09090909090909091,0.09090909090909091,0.09090909090909091
16:29670049:+,0.14335546130677979,0.17647058823529413,0.14335546130677979,0.14335546130677979,0.11024033437826541,0.14335546130677979
16:29670138:+,0.24523809523809526,0.24523809523809526,0.35714285714285715,0.24523809523809526,0.13333333333333333,0.24523809523809526
16:29670200:+,0.08838709677419354,0.08838709677419354,0.08838709677419354,0.08838709677419354,0.08838709677419354,0.08838709677419354
16:29670367:+,0.09302325581395349,0.09302325581395349,0.09302325581395349,0.09302325581395349,0.09302325581395349,0.09302325581395349
16:29670438:+,0.2,0.2,0.2,0.2,0.2,0.2
16:3242105:-,0.05309734513274336,0.05309734513274336,0.05309734513274336,0.05309734513274336,0.05309734513274336,0.05309734513274336
16:3242117:-,0.07771423083681717,0.07771423083681717,0.07771423083681717,0.07894736842105263,0.07771423083681717,0.07648109325258172
16:3242132:-,0.05128205128205128,0.05128205128205128,0.05128205128205128,0.05128205128205128,0.05128205128205128,0.05128205128205128
16:3242199:-,0.11875900963237775,0.11875900963237775,0.11875900963237775,0.09838709677419355,0.11875900963237775,0.13913092249056194
16:3242489:-,0.05689141685382287,0.05689141685382287,0.05689141685382287,0.05689141685382287,0.05689141685382287,0.05689141685382287
16:48352383:+,0.25384615384615383,0.2,0.3076923076923077,0.25384615384615383,0.25384615384615383,0.25384615384615383
16:48352442:+,0.25,0.25,0.25,0.25,0.25,0.25
16:48352443:+,0.21428571428571427,0.21428571428571427,0.21428571428571427,0.21428571428571427,0.21428571428571427,0.21428571428571427
16:48352578:+,0.125,0.125,0.125,0.125,0.125,0.125
16:48353398:+,0.1875,0.1875,0.1875,0.1875,0.1875,0.1875
16:48354482:+,0.25,0.25,0.25,0.25,0.25,0.25
16:50105571:+,0.3333333333333333,0.3333333333333333,0.3333333333333333,0.3333333333333333,0.3333333333333333,0.3333333333333333
16:50673292:-,0.14285714285714285,0.14285714285714285,0.14285714285714285,0.14285714285714285,0.14285714285714285,0.14285714285714285
16:57683958:+,0.08235986912000065,0.08235986912000065,0.08235986912000065,0.08235986912000065,0.08235986912000065,0.08235986912000065
16:67546369:+,0.07692307692307693,0.07692307692307693,0.07692307692307693,0.07692307692307693,0.07692307692307693,0.07692307692307693
16:69702643:+,0.1744264507422402,0.1744264507422402,0.1744264507422402,0.1744264507422402,0.1744264507422402,0.1744264507422402
16:70379917:-,0.13636363636363635,0.13636363636363635,0.13636363636363635,0.13636363636363635,0.13636363636363635,0.13636363636363635
16:75445495:-,0.5151515151515151,0.5151515151515151,0.5151515151515151,0.5151515151515151,0.5151515151515151,0.5151515151515151
16:75445992:-,0.2727272727272727,0.3318181818181818,0.30227272727272725,0.30227272727272725,0.30227272727272725,0.30227272727272725
16:75446008:-,0.23076923076923078,0.23076923076923078,0.23076923076923078,0.23076923076923078,0.23076923076923078,0.23076923076923078
16:75446074:-,0.25,0.25,0.25,0.25,0.25,0.25
16:89563497:+,0.275,0.275,0.275,0.275,0.275,0.275
16:89563617:+,0.3,0.3,0.3,0.3,0.3,0.3
17:1005526:-,0.1248062015503876,0.1248062015503876,0.1248062015503876,0.1248062015503876,0.1248062015503876,0.1248062015503876
17:1572942:-,0.2,0.2,0.2,0.2,0.2,0.2
17:1573050:-,0.2727272727272727,0.2727272727272727,0.2727272727272727,0.2727272727272727,0.2727272727272727,0.2727272727272727
17:1573080:-,0.2727272727272727,0.2727272727272727,0.2727272727272727,0.2727272727272727,0.2727272727272727,0.2727272727272727
17:17186597:+,0.15894736842105261,0.2,0.1794736842105263,0.1794736842105263,0.1794736842105263,0.1794736842105263
17:17186611:+,0.26666666666666666,0.1111111111111111,0.3333333333333333,0.23703703703703702,0.23703703703703702,0.23703703703703702
17:17186660:+,0.11538461538461539,0.15,0.16666666666666666,0.14401709401709403,0.14401709401709403,0.14401709401709403
17:29551047:+,0.15789473684210525,0.15789473684210525,0.15789473684210525,0.15789473684210525,0.15789473684210525,0.15789473684210525
17:3035658:+,0.10259740259740259,0.10259740259740259,0.10259740259740259,0.10259740259740259,0.10259740259740259,0.10259740259740259
17:30958767:+,0.0625,0.0625,0.0625,0.0625,0.0625,0.0625
17:31534384:+,0.3,0.3,0.3,0.3,0.3,0.3
17:31534509:+,0.2727272727272727,0.2727272727272727,0.2727272727272727,0.2727272727272727,0.2727272727272727,0.2727272727272727
17:35010639:-,0.0967741935483871,0.0967741935483871,0.0967741935483871,0.0967741935483871,0.0967741935483871,0.0967741935483871
17:35010995:-,0.15625,0.15625,0.15625,0.15625,0.15625,0.15625
17:35271156:+,0.26785714285714285,0.26785714285714285,0.26785714285714285,0.26785714285714285,0.26785714285714285,0.26785714285714285
17:35439591:-,0.10638297872340426,0.10638297872340426,0.10638297872340426,0.10638297872340426,0.10638297872340426,0.10638297872340426
17:35468033:-,0.11538461538461539,0.11538461538461539,0.11538461538461539,0.11538461538461539,0.11538461538461539,0.11538461538461539
17:35468168:-,0.16666666666666666,0.16666666666666666,0.16666666666666666,0.16666666666666666,0.16666666666666666,0.16666666666666666
17:35468774:-,0.20476190476190476,0.20476190476190476,0.20476190476190476,0.20476190476190476,0.20476190476190476,0.20476190476190476
17:35468784:-,0.2306366426227274,0.2088235294117647,0.25098039215686274,0.2306366426227274,0.2321060062995547,0.2306366426227274
17:35468795:-,0.08108108108108109,0.08108108108108109,0.08108108108108109,0.08108108108108109,0.08108108108108109,0.08108108108108109
17:35468880:-,0.2517482517482518,0.2517482517482518,0.2517482517482518,0.2517482517482518,0.2517482517482518,0.2517482517482518
17:35468891:-,0.22478991596638653,0.21428571428571427,0.22478991596638653,0.22478991596638653,0.23529411764705882,0.22478991596638653
17:35468903:-,0.21739130434782608,0.21739130434782608,0.21739130434782608,0.21739130434782608,0.21739130434782608,0.21739130434782608
17:35468906:-,0.25075757575757573,0.25075757575757573,0.26666666666666666,0.25075757575757573,0.23484848484848483,0.25075757575757573
17:35473996:-,0.17647058823529413,0.17647058823529413,0.17647058823529413,0.17647058823529413,0.17647058823529413,0.17647058823529413
17:35474731:-,0.2653846153846154,0.23076923076923078,0.3,0.2653846153846154,0.2653846153846154,0.2653846153846154
17:35474922:-,0.21428571428571427,0.21428571428571427,0.21428571428571427,0.21428571428571427,0.21428571428571427,0.21428571428571427
17:37515695:-,0.23076923076923078,0.19871794871794873,0.16666666666666666,0.19871794871794873,0.19871794871794873,0.19871794871794873
17:38919642:+,0.08530578108037858,0.08530578108037858,0.08530578108037858,0.08530578108037858,0.08530578108037858,0.08530578108037858
17:3897601:-,0.07953394123606888,0.07953394123606888,0.07953394123606888,0.07953394123606888,0.07953394123606888,0.07953394123606888
17:39759158:-,0.09090909090909091,0.2,0.14545454545454545,0.14545454545454545,0.14545454545454545,0.14545454545454545
17:39759180:-,0.10344827586206896,0.10344827586206896,0.10344827586206896,0.10344827586206896,0.10344827586206896,0.10344827586206896
17:39759293:-,0.14285714285714285,0.14285714285714285,0.14285714285714285,0.14285714285714285,0.14285714285714285,0.14285714285714285
17:39759298:-,0.07317073170731707,0.07317073170731707,0.07317073170731707,0.07317073170731707,0.07317073170731707,0.07317073170731707
17:39759353:-,0.09090909090909091,0.09090909090909091,0.09090909090909091,0.09090909090909091,0.09090909090909091,0.09090909090909091
17:39759377:-,0.061224489795918366,0.061224489795918366,0.061224489795918366,0.061224489795918366,0.061224489795918366,0.061224489795918366
17:39759379:-,0.05357142857142857,0.06964285714285715,0.08571428571428572,0.06964285714285715,0.06964285714285715,0.06964285714285715
17:39760207:-,0.2857142857142857,0.2857142857142857,0.2857142857142857,0.2857142857142857,0.2857142857142857,0.2857142857142857
17:39760536:-,0.10535714285714286,0.10535714285714286,0.10535714285714286,0.10535714285714286,0.10535714285714286,0.10535714285714286
17:39760560:-,0.15384615384615385,0.15384615384615385,0.15384615384615385,0.15384615384615385,0.15384615384615385,0.15384615384615385
17:39760595:-,0.2727272727272727,0.2727272727272727,0.2727272727272727,0.2727272727272727,0.2727272727272727,0.2727272727272727
17:39760596:-,0.16502463054187191,0.16502463054187191,0.16502463054187191,0.16502463054187191,0.16502463054187191,0.16502463054187191
17:39760920:-,0.12,0.12,0.12,0.12,0.12,0.12
17:39760965:-,0.17672970304549251,0.2700210121262753,0.3,0.2700210121262753,0.3333333333333333,0.2700210121262753
17:39761010:-,0.17124542124542125,0.1433150183150183,0.11538461538461539,0.1433150183150183,0.1433150183150183,0.1433150183150183
17:39761057:-,0.18,0.22636363636363635,0.22636363636363635,0.22636363636363635,0.2727272727272727,0.22636363636363635
17:39761068:-,0.23076923076923078,0.23076923076923078,0.23076923076923078,0.23076923076923078,0.23076923076923078,0.23076923076923078
17:39761076:-,0.14285714285714285,0.25,0.35714285714285715,0.25,0.25,0.25
17:39761469:-,0.05555555555555555,0.05555555555555555,0.05555555555555555,0.05555555555555555,0.05555555555555555,0.05555555555555555
17:39761473:-,0.09375,0.13533653846153848,0.17692307692307693,0.13533653846153848,0.13533653846153848,0.13533653846153848
17:39761481:-,0.10802764486975014,0.25,0.2222222222222222,0.1934166223639908,0.1934166223639908,0.1934166223639908
17:39761495:-,0.05084745762711865,0.05084745762711865,0.05084745762711865,0.05084745762711865,0.05084745762711865,0.05084745762711865
17:39761516:-,0.14285714285714285,0.14285714285714285,0.14285714285714285,0.14285714285714285,0.14285714285714285,0.14285714285714285
17:39761549:-,0.12806873977086744,0.12806873977086744,0.12806873977086744,0.12806873977086744,0.12806873977086744,0.12806873977086744
17:39761885:-,0.21052631578947367,0.21052631578947367,0.21052631578947367,0.21052631578947367,0.21052631578947367,0.21052631578947367
17:39761941:-,0.09986772486772486,0.17493386243386244,0.25,0.17493386243386244,0.17493386243386244,0.17493386243386244
17:39761977:-,0.08108108108108109,0.25,0.16554054054054054,0.16554054054054054,0.16554054054054054,0.16554054054054054
17:39762027:-,0.140527950310559,0.17391304347826086,0.10714285714285714,0.140527950310559,0.140527950310559,0.140527950310559
17:39762629:-,0.10168067226890756,0.14459033613445377,0.1875,0.14459033613445377,0.14459033613445377,0.14459033613445377
17:39763882:-,0.07692307692307693,0.11199095022624435,0.11199095022624435,0.11199095022624435,0.14705882352941177,0.11199095022624435
17:39763950:-,0.13636363636363635,0.173444976076555,0.21052631578947367,0.173444976076555,0.173444976076555,0.173444976076555
17:39763964:-,0.12195121951219512,0.12195121951219512,0.12195121951219512,0.12195121951219512,0.12195121951219512,0.12195121951219512
17:39763990:-,0.0784313725490196,0.0784313725490196,0.0784313725490196,0.0784313725490196,0.0784313725490196,0.0784313725490196
17:39764007:-,0.07142857142857142,0.07142857142857142,0.07142857142857142,0.07142857142857142,0.07142857142857142,0.07142857142857142
17:39764206:-,0.3333333333333333,0.3333333333333333,0.3333333333333333,0.3333333333333333,0.3333333333333333,0.3333333333333333
17:39764280:-,0.1715686274509804,0.1715686274509804,0.1715686274509804,0.1715686274509804,0.1715686274509804,0.1715686274509804
17:39764368:-,0.12121212121212122,0.12121212121212122,0.12121212121212122,0.12121212121212122,0.12121212121212122,0.12121212121212122
17:39764402:-,0.08823529411764706,0.08823529411764706,0.08823529411764706,0.08823529411764706,0.08823529411764706,0.08823529411764706
17:39764407:-,0.17600495909319439,0.3,0.2,0.2371830579551168,0.2727272727272727,0.2371830579551168
17:39764418:-,0.12123432123432122,0.12123432123432122,0.12123432123432122,0.12123432123432122,0.12123432123432122,0.12123432123432122
17:42702335:-,0.17666864725688255,0.17666864725688255,0.17666864725688255,0.17666864725688255,0.17666864725688255,0.17666864725688255
17:43218105:+,0.2857142857142857,0.2857142857142857,0.2857142857142857,0.2857142857142857,0.2857142857142857,0.2857142857142857
17:440932:-,0.06557377049180328,0.06557377049180328,0.06557377049180328,0.06557377049180328,0.06557377049180328,0.06557377049180328
17:441919:-,0.07777777777777778,0.07777777777777778,0.07777777777777778,0.07777777777777778,0.07777777777777778,0.07777777777777778
17:441981:-,0.06362819165460398,0.06362819165460398,0.06362819165460398,0.06362819165460398,0.06362819165460398,0.06362819165460398
17:441991:-,0.08135704874835309,0.08135704874835309,0.08135704874835309,0.08135704874835309,0.08135704874835309,0.08135704874835309
17:48121400:+,0.11764705882352941,0.11764705882352941,0.11764705882352941,0.11764705882352941,0.11764705882352941,0.11764705882352941
17:49831007:+,0.23076923076923078,0.23076923076923078,0.23076923076923078,0.23076923076923078,0.23076923076923078,0.23076923076923078
17:56891473:-,0.14797093744462164,0.14797093744462164,0.14797093744462164,0.15789473684210525,0.14797093744462164,0.13804713804713806
17:63694744:+,0.05194805194805195,0.05194805194805195,0.05194805194805195,0.05194805194805195,0.05194805194805195,0.05194805194805195
17:64321539:-,0.125,0.125,0.125,0.125,0.125,0.125
17:64321638:-,0.23076923076923078,0.23076923076923078,0.23076923076923078,0.23076923076923078,0.23076923076923078,0.23076923076923078
17:64321677:-,0.2222222222222222,0.2222222222222222,0.2222222222222222,0.2222222222222222,0.2222222222222222,0.2222222222222222
17:64322853:-,0.08143107989464443,0.08143107989464443,0.08823529411764706,0.07462686567164178,0.08143107989464443,0.08143107989464443
17:64322879:-,0.1875,0.1875,0.1875,0.1875,0.1875,0.1875
17:64322885:-,0.0784313725490196,0.0784313725490196,0.0784313725490196,0.0784313725490196,0.0784313725490196,0.0784313725490196
17:64322886:-,0.050505050505050504,0.050505050505050504,0.050505050505050504,0.050505050505050504,0.050505050505050504,0.050505050505050504
17:64322996:-,0.08332294437295587,0.08332294437295587,0.08332294437295587,0.08653150959821758,0.08332294437295587,0.08011437914769418
17:64468388:+,0.21052631578947367,0.21052631578947367,0.21052631578947367,0.21052631578947367,0.21052631578947367,0.21052631578947367
17:6774884:+,0.06557377049180328,0.06557377049180328,0.06557377049180328,0.06557377049180328,0.06557377049180328,0.06557377049180328
17:7246055:-,0.09504550779489952,0.09504550779489952,0.09504550779489952,0.09504550779489952,0.09504550779489952,0.09504550779489952
17:75889325:-,0.2,0.2,0.2,0.2,0.2,0.2
17:75889857:-,0.3,0.14285714285714285,0.20317460317460315,0.20317460317460315,0.16666666666666666,0.20317460317460315
17:75890130:-,0.16666666666666666,0.16666666666666666,0.16666666666666666,0.16666666666666666,0.16666666666666666,0.16666666666666666
17:75943360:-,0.23076923076923078,0.23076923076923078,0.23076923076923078,0.23076923076923078,0.23076923076923078,0.23076923076923078
17:75943521:-,0.08823529411764706,0.08823529411764706,0.08823529411764706,0.08823529411764706,0.08823529411764706,0.08823529411764706
17:75943995:-,0.36363636363636365,0.36363636363636365,0.36363636363636365,0.36363636363636365,0.36363636363636365,0.36363636363636365
17:75944038:-,0.30994152046783624,0.30994152046783624,0.30994152046783624,0.30994152046783624,0.30994152046783624,0.30994152046783624
17:75944149:-,0.23529411764705882,0.23529411764705882,0.23529411764705882,0.23529411764705882,0.23529411764705882,0.23529411764705882
17:75944151:-,0.22046374677953628,0.22046374677953628,0.22046374677953628,0.22046374677953628,0.22046374677953628,0.22046374677953628
17:75944358:-,0.2222222222222222,0.2222222222222222,0.2222222222222222,0.2222222222222222,0.2222222222222222,0.2222222222222222
17:75944793:-,0.17647058823529413,0.17647058823529413,0.17647058823529413,0.17647058823529413,0.17647058823529413,0.17647058823529413
17:75944836:-,0.13636363636363635,0.13636363636363635,0.13636363636363635,0.13636363636363635,0.13636363636363635,0.13636363636363635
17:75944850:-,0.36363636363636365,0.36363636363636365,0.36363636363636365,0.36363636363636365,0.36363636363636365,0.36363636363636365
17:75944877:-,0.35,0.35,0.35,0.35,0.35,0.35
17:75945012:-,0.2568238213399504,0.2568238213399504,0.2568238213399504,0.2568238213399504,0.2568238213399504,0.2568238213399504
17:75945017:-,0.225,0.225,0.225,0.225,0.225,0.225
17:75945026:-,0.0967741935483871,0.0967741935483871,0.0967741935483871,0.0967741935483871,0.0967741935483871,0.0967741935483871
17:78109578:-,0.13144855381697487,0.0618366612700126,0.06930693069306931,0.08538487855027735,0.07894736842105263,0.08538487855027735
17:78110521:-,0.08007514752326729,0.0718282978585754,0.05970149253731343,0.08007514752326729,0.10869565217391304,0.08007514752326729
17:7911910:+,0.2453416149068323,0.2453416149068323,0.2453416149068323,0.2453416149068323,0.2453416149068323,0.2453416149068323
17:81681339:-,0.10344827586206896,0.10344827586206896,0.10344827586206896,0.10344827586206896,0.10344827586206896,0.10344827586206896
17:81681365:-,0.2,0.2,0.2,0.2,0.2,0.2
17:8224975:-,0.06818181818181818,0.06818181818181818,0.06818181818181818,0.06818181818181818,0.06818181818181818,0.06818181818181818
18:32068939:+,0.07142857142857142,0.07142857142857142,0.07142857142857142,0.07142857142857142,0.07142857142857142,0.07142857142857142
18:32068940:+,0.05084745762711865,0.05084745762711865,0.05084745762711865,0.05084745762711865,0.05084745762711865,0.05084745762711865
18:32068983:+,0.1148989898989899,0.1148989898989899,0.09090909090909091,0.1148989898989899,0.1388888888888889,0.1148989898989899
18:32069035:+,0.0975609756097561,0.0975609756097561,0.0975609756097561,0.0975609756097561,0.0975609756097561,0.0975609756097561
18:32069053:+,0.09203296703296704,0.09203296703296704,0.09203296703296704,0.09203296703296704,0.09203296703296704,0.09203296703296704
18:32069157:+,0.245,0.25,0.245,0.245,0.24,0.245
18:32070101:+,0.11538461538461539,0.11538461538461539,0.11538461538461539,0.11538461538461539,0.11538461538461539,0.11538461538461539
18:32070140:+,0.1,0.1,0.1,0.1,0.1,0.1
18:32070205:+,0.1736111111111111,0.2222222222222222,0.125,0.1736111111111111,0.1736111111111111,0.1736111111111111
18:32071299:+,0.07115278543849973,0.07115278543849973,0.07115278543849973,0.07115278543849973,0.07115278543849973,0.07115278543849973
18:32071398:+,0.06,0.06,0.06,0.06,0.06,0.06
18:32071973:+,0.07692307692307693,0.07692307692307693,0.07692307692307693,0.07692307692307693,0.07692307692307693,0.07692307692307693
18:32072115:+,0.08333333333333333,0.08333333333333333,0.08333333333333333,0.08333333333333333,0.08333333333333333,0.08333333333333333
18:32072155:+,0.1501500784022119,0.1179540740566149,0.09621415312014622,0.3076923076923077,0.07873977873977873,0.1501500784022119
18:58753332:+,0.3,0.3,0.3,0.3,0.3,0.3
19:10930129:+,0.36363636363636365,0.36363636363636365,0.36363636363636365,0.36363636363636365,0.36363636363636365,0.36363636363636365
19:12079390:+,0.16666666666666666,0.16666666666666666,0.16666666666666666,0.16666666666666666,0.16666666666666666,0.16666666666666666
19:12080806:+,0.13636363636363635,0.13636363636363635,0.13636363636363635,0.13636363636363635,0.13636363636363635,0.13636363636363635
19:12670968:-,0.3,0.2738095238095238,0.3,0.27614468864468866,0.23076923076923078,0.27614468864468866
19:12672568:-,0.23076923076923078,0.23076923076923078,0.23076923076923078,0.23076923076923078,0.23076923076923078,0.23076923076923078
19:13772619:+,0.2,0.2,0.2,0.2,0.2,0.2
19:13773028:+,0.17391304347826086,0.17391304347826086,0.17391304347826086,0.17391304347826086,0.17391304347826086,0.17391304347826086
19:13773040:+,0.13636363636363635,0.13636363636363635,0.13636363636363635,0.13636363636363635,0.13636363636363635,0.13636363636363635
19:13773047:+,0.1875,0.1875,0.1875,0.1875,0.1875,0.1875
19:13773059:+,0.2,0.20634920634920634,0.20317460317460317,0.20317460317460317,0.20317460317460317,0.20317460317460317
19:13773147:+,0.3,0.3,0.3,0.3,0.3,0.3
19:13773191:+,0.21428571428571427,0.21428571428571427,0.21428571428571427,0.21428571428571427,0.21428571428571427,0.21428571428571427
19:13773205:+,0.26666666666666666,0.26666666666666666,0.26666666666666666,0.26666666666666666,0.26666666666666666,0.26666666666666666
19:13773361:+,0.21428571428571427,0.21428571428571427,0.21428571428571427,0.21428571428571427,0.21428571428571427,0.21428571428571427
19:13773384:+,0.3333333333333333,0.3151515151515152,0.3242424242424242,0.3242424242424242,0.3242424242424242,0.3242424242424242
19:13773416:+,0.2727272727272727,0.2727272727272727,0.2727272727272727,0.2727272727272727,0.2727272727272727,0.2727272727272727
19:13773757:+,0.2863636363636364,0.2863636363636364,0.2863636363636364,0.2863636363636364,0.2863636363636364,0.2863636363636364
19:13773912:+,0.26666666666666666,0.26666666666666666,0.26666666666666666,0.26666666666666666,0.26666666666666666,0.26666666666666666
19:13773924:+,0.17647058823529413,0.15789473684210525,0.21764705882352942,0.18400412796697627,0.18400412796697627,0.18400412796697627
19:13773927:+,0.27516869095816465,0.2591093117408907,0.2912280701754386,0.27516869095816465,0.27516869095816465,0.27516869095816465
19:14610598:+,0.07941176470588235,0.07941176470588235,0.07941176470588235,0.07941176470588235,0.07941176470588235,0.07941176470588235
19:14610605:+,0.08955223880597014,0.08955223880597014,0.08955223880597014,0.08955223880597014,0.08955223880597014,0.08955223880597014
19:14610618:+,0.09475558769913608,0.09475558769913608,0.09475558769913608,0.09475558769913608,0.09475558769913608,0.09475558769913608
19:14610684:+,0.1365675534689619,0.1365675534689619,0.1365675534689619,0.1365675534689619,0.1365675534689619,0.1365675534689619
19:14610685:+,0.05128205128205128,0.05128205128205128,0.05128205128205128,0.05128205128205128,0.05128205128205128,0.05128205128205128
19:14610717:+,0.05333333333333334,0.05333333333333334,0.05333333333333334,0.05333333333333334,0.05333333333333334,0.05333333333333334
19:14610740:+,0.12448300788464724,0.12448300788464724,0.12448300788464724,0.12448300788464724,0.12448300788464724,0.12448300788464724
19:14610781:+,0.1276242648023163,0.1276242648023163,0.1276242648023163,0.1276242648023163,0.1276242648023163,0.1276242648023163
19:14610788:+,0.06818181818181818,0.06818181818181818,0.06818181818181818,0.06818181818181818,0.06818181818181818,0.06818181818181818
19:14610794:+,0.18081887065333585,0.18081887065333585,0.18081887065333585,0.18081887065333585,0.18081887065333585,0.18081887065333585
19:14611400:+,0.17647058823529413,0.17647058823529413,0.17647058823529413,0.17647058823529413,0.17647058823529413,0.17647058823529413
19:14611690:+,0.08108108108108109,0.08108108108108109,0.08108108108108109,0.08108108108108109,0.08108108108108109,0.08108108108108109
19:14611729:+,0.08163265306122448,0.08163265306122448,0.08163265306122448,0.08163265306122448,0.08163265306122448,0.08163265306122448
19:14611737:+,0.058823529411764705,0.058823529411764705,0.058823529411764705,0.058823529411764705,0.058823529411764705,0.058823529411764705
19:14611746:+,0.09774436090225563,0.09774436090225563,0.09774436090225563,0.09774436090225563,0.09774436090225563,0.09774436090225563
19:14611791:+,0.14425019425019425,0.14425019425019425,0.14425019425019425,0.14425019425019425,0.14425019425019425,0.14425019425019425
19:14611805:+,0.19047619047619047,0.19047619047619047,0.19047619047619047,0.19047619047619047,0.19047619047619047,0.19047619047619047
19:14734291:-,0.08823529411764706,0.08823529411764706,0.08823529411764706,0.08823529411764706,0.08823529411764706,0.08823529411764706
19:14734323:-,0.20394736842105263,0.20394736842105263,0.20394736842105263,0.25,0.20394736842105263,0.15789473684210525
19:14734348:-,0.09375,0.09375,0.09375,0.09375,0.09375,0.09375
19:14734350:-,0.057692307692307696,0.057692307692307696,0.057692307692307696,0.057692307692307696,0.057692307692307696,0.057692307692307696
19:14734437:-,0.05,0.05,0.05,0.05,0.05,0.05
19:14734608:-,0.2245412381528534,0.2245412381528534,0.2245412381528534,0.2245412381528534,0.2245412381528534,0.2245412381528534
19:14734644:-,0.18181818181818182,0.18181818181818182,0.18181818181818182,0.18181818181818182,0.18181818181818182,0.18181818181818182
19:14734650:-,0.08108108108108109,0.08108108108108109,0.08108108108108109,0.08108108108108109,0.08108108108108109,0.08108108108108109
19:14734663:-,0.11764705882352941,0.11764705882352941,0.11764705882352941,0.11764705882352941,0.11764705882352941,0.11764705882352941
19:14734668:-,0.14814814814814814,0.14814814814814814,0.14814814814814814,0.14814814814814814,0.14814814814814814,0.14814814814814814
19:14734701:-,0.21428571428571427,0.21428571428571427,0.21428571428571427,0.21428571428571427,0.21428571428571427,0.21428571428571427
19:14734717:-,0.11764705882352941,0.11764705882352941,0.11764705882352941,0.11764705882352941,0.11764705882352941,0.11764705882352941
19:15661100:+,0.15104617604617604,0.15104617604617604,0.15104617604617604,0.15104617604617604,0.15104617604617604,0.15104617604617604
19:15661101:+,0.18164595028067362,0.18164595028067362,0.18164595028067362,0.18164595028067362,0.18164595028067362,0.18164595028067362
19:15661114:+,0.1640762675140835,0.1640762675140835,0.1640762675140835,0.1640762675140835,0.1640762675140835,0.1640762675140835
19:15661150:+,0.7721153846153846,0.7721153846153846,0.7721153846153846,0.7721153846153846,0.7721153846153846,0.7721153846153846
19:15661157:+,0.05172413793103448,0.05172413793103448,0.05172413793103448,0.05172413793103448,0.05172413793103448,0.05172413793103448
19:15661206:+,0.22522486939669698,0.22522486939669698,0.22522486939669698,0.22522486939669698,0.22522486939669698,0.22522486939669698
19:15661211:+,0.12361889879584521,0.12361889879584521,0.12361889879584521,0.12361889879584521,0.12361889879584521,0.12361889879584521
19:15661251:+,0.11055682435258873,0.11055682435258873,0.11055682435258873,0.11055682435258873,0.11055682435258873,0.11055682435258873
19:15662215:+,0.07894736842105263,0.07894736842105263,0.07894736842105263,0.07894736842105263,0.07894736842105263,0.07894736842105263
19:17552139:+,0.07407407407407407,0.07407407407407407,0.07407407407407407,0.07407407407407407,0.07407407407407407,0.07407407407407407
19:17552177:+,0.08418367346938775,0.08418367346938775,0.08418367346938775,0.08418367346938775,0.08418367346938775,0.08418367346938775
19:17552178:+,0.0784313725490196,0.0784313725490196,0.0784313725490196,0.0784313725490196,0.0784313725490196,0.0784313725490196
19:17552212:+,0.06252014179825975,0.06252014179825975,0.06252014179825975,0.06252014179825975,0.06252014179825975,0.06252014179825975
19:17552261:+,0.0851063829787234,0.0851063829787234,0.0851063829787234,0.0851063829787234,0.0851063829787234,0.0851063829787234
19:17552278:+,0.2,0.2,0.2,0.2,0.2,0.2
19:17552352:+,0.11354775828460038,0.11354775828460038,0.11354775828460038,0.11354775828460038,0.11354775828460038,0.11354775828460038
19:17552370:+,0.06666666666666667,0.06666666666666667,0.06666666666666667,0.06666666666666667,0.06666666666666667,0.06666666666666667
19:17552400:+,0.06934382121547897,0.06934382121547897,0.06934382121547897,0.06934382121547897,0.06934382121547897,0.06934382121547897
19:17552437:+,0.16118184007835484,0.16118184007835484,0.16118184007835484,0.16118184007835484,0.16118184007835484,0.16118184007835484
19:17552438:+,0.06576475035555998,0.06576475035555998,0.06576475035555998,0.06576475035555998,0.06576475035555998,0.06576475035555998
19:17552485:+,0.06848739495798319,0.06848739495798319,0.06848739495798319,0.06848739495798319,0.06848739495798319,0.06848739495798319
19:17552652:+,0.27519497768608014,0.27519497768608014,0.27519497768608014,0.27519497768608014,0.27519497768608014,0.27519497768608014
19:17552661:+,0.1844783666154634,0.1844783666154634,0.1844783666154634,0.1844783666154634,0.1844783666154634,0.1844783666154634
19:17552674:+,0.11180124223602485,0.11180124223602485,0.11180124223602485,0.11180124223602485,0.11180124223602485,0.11180124223602485
19:17552675:+,0.11944444444444445,0.11944444444444445,0.11944444444444445,0.11944444444444445,0.11944444444444445,0.11944444444444445
19:17552680:+,0.12764550264550265,0.12764550264550265,0.12764550264550265,0.12764550264550265,0.12764550264550265,0.12764550264550265
19:17552683:+,0.11538461538461539,0.11538461538461539,0.11538461538461539,0.11538461538461539,0.11538461538461539,0.11538461538461539
19:17552777:+,0.05714285714285714,0.05714285714285714,0.05714285714285714,0.05714285714285714,0.05714285714285714,0.05714285714285714
19:17552817:+,0.16879070975657084,0.16879070975657084,0.16879070975657084,0.16879070975657084,0.16879070975657084,0.16879070975657084
19:17552828:+,0.06995469439837806,0.06995469439837806,0.06995469439837806,0.06995469439837806,0.06995469439837806,0.06995469439837806
19:17552838:+,0.08649055238848777,0.08649055238848777,0.08649055238848777,0.08649055238848777,0.08649055238848777,0.08649055238848777
19:17553031:+,0.16078723160402117,0.16078723160402117,0.16078723160402117,0.16078723160402117,0.16078723160402117,0.16078723160402117
19:17825711:-,0.10256410256410256,0.061224489795918366,0.09375,0.08584619745334031,0.08584619745334031,0.08584619745334031
19:17826308:-,0.06818181818181818,0.06818181818181818,0.06818181818181818,0.06818181818181818,0.06818181818181818,0.06818181818181818
19:17826378:-,0.25,0.09918699186991871,0.1391229366839123,0.1391229366839123,0.1391229366839123,0.06818181818181818
19:18149698:+,0.10588235294117647,0.10588235294117647,0.10588235294117647,0.10588235294117647,0.10588235294117647,0.10588235294117647
19:18173936:+,0.24612409506164432,0.24612409506164432,0.24612409506164432,0.24612409506164432,0.24612409506164432,0.24612409506164432
19:18177740:+,0.05731980274923587,0.05731980274923587,0.05731980274923587,0.05731980274923587,0.05731980274923587,0.05731980274923587
19:18365365:+,0.275,0.3,0.275,0.25,0.275,0.275
19:18366898:+,0.25,0.25,0.25,0.25,0.25,0.25
19:18368011:+,0.3,0.3,0.3,0.3,0.3,0.3
19:18368074:+,0.3,0.3,0.3,0.3,0.3,0.3
19:19177384:-,0.13636363636363635,0.13636363636363635,0.13636363636363635,0.13636363636363635,0.13636363636363635,0.13636363636363635
19:19177394:-,0.21764705882352942,0.21764705882352942,0.21764705882352942,0.2,0.21764705882352942,0.23529411764705882
19:19681494:+,0.21428571428571427,0.21428571428571427,0.21428571428571427,0.21428571428571427,0.21428571428571427,0.21428571428571427
19:19681646:+,0.2,0.2,0.2,0.2,0.2,0.2
19:19682267:+,0.25,0.25,0.25,0.25,0.25,0.25
19:19682923:+,0.2857142857142857,0.2857142857142857,0.2857142857142857,0.2857142857142857,0.2857142857142857,0.2857142857142857
19:20198687:+,0.25,0.25,0.25,0.25,0.25,0.25
19:20198783:+,0.3,0.3,0.3,0.3,0.3,0.3
19:20199510:+,0.26666666666666666,0.26666666666666666,0.26666666666666666,0.26666666666666666,0.26666666666666666,0.26666666666666666
19:2072922:-,0.09431992968578334,0.09431992968578334,0.09431992968578334,0.09431992968578334,0.09431992968578334,0.09431992968578334
19:2072971:-,0.10184651345918484,0.10184651345918484,0.10184651345918484,0.10184651345918484,0.10184651345918484,0.10184651345918484
19:21184264:+,0.20833333333333334,0.20833333333333334,0.20833333333333334,0.20833333333333334,0.20833333333333334,0.20833333333333334
19:2512165:-,0.1111111111111111,0.1111111111111111,0.1111111111111111,0.1111111111111111,0.1111111111111111,0.1111111111111111
19:3466357:+,0.23076923076923078,0.23076923076923078,0.23076923076923078,0.23076923076923078,0.23076923076923078,0.23076923076923078
19:35746747:+,0.0986714434990297,0.0986714434990297,0.0986714434990297,0.0986714434990297,0.0986714434990297,0.0986714434990297
19:38868138:-,0.15,0.15,0.15,0.15,0.15,0.15
19:38868225:-,0.16666666666666666,0.16666666666666666,0.16666666666666666,0.16666666666666666,0.16666666666666666,0.16666666666666666
19:38868387:-,0.2631578947368421,0.2631578947368421,0.2631578947368421,0.2631578947368421,0.2631578947368421,0.2631578947368421
19:38868429:-,0.15789473684210525,0.1471291866028708,0.1471291866028708,0.1471291866028708,0.13636363636363635,0.1471291866028708
19:38868459:-,0.2403846153846154,0.2676470588235294,0.2540158371040724,0.2540158371040724,0.2540158371040724,0.2540158371040724
19:38868509:-,0.3,0.3,0.3,0.3,0.3,0.3
19:38868521:-,0.225,0.2,0.225,0.225,0.225,0.25
19:38868549:-,0.2,0.2,0.2,0.2,0.2,0.2
19:38868588:-,0.26666666666666666,0.24424333836098544,0.23529411764705882,0.24424333836098544,0.24424333836098544,0.23076923076923078
19:38869066:-,0.25,0.25,0.25,0.25,0.25,0.25
19:39426983:+,0.08450704225352113,0.08450704225352113,0.08450704225352113,0.08450704225352113,0.08450704225352113,0.08450704225352113
19:39427166:+,0.09375,0.09375,0.09375,0.09375,0.09375,0.09375
19:39427504:+,0.2727272727272727,0.2727272727272727,0.2727272727272727,0.2727272727272727,0.2727272727272727,0.2727272727272727
19:39427589:+,0.16,0.16,0.16,0.16,0.16,0.16
19:39427968:+,0.07692307692307693,0.07692307692307693,0.07692307692307693,0.07692307692307693,0.07692307692307693,0.07692307692307693
19:41323065:+,0.1985805860805861,0.1985805860805861,0.1985805860805861,0.1985805860805861,0.1985805860805861,0.1985805860805861
19:41871485:+,0.36363636363636365,0.3318181818181818,0.3,0.3318181818181818,0.3318181818181818,0.3318181818181818
19:41872625:+,0.23076923076923078,0.23076923076923078,0.23076923076923078,0.23076923076923078,0.23076923076923078,0.23076923076923078
19:41872633:+,0.2727272727272727,0.2727272727272727,0.2727272727272727,0.2727272727272727,0.2727272727272727,0.2727272727272727
19:41872642:+,0.2727272727272727,0.2727272727272727,0.2727272727272727,0.2727272727272727,0.2727272727272727,0.2727272727272727
19:41872774:+,0.25,0.25,0.25,0.25,0.25,0.25
19:4511817:+,0.2906838584756205,0.2906838584756205,0.2906838584756205,0.2906838584756205,0.2906838584756205,0.2906838584756205
19:4522774:-,0.1850574712643678,0.1850574712643678,0.1850574712643678,0.1850574712643678,0.1850574712643678,0.1850574712643678
19:4522826:-,0.0939544513457557,0.0939544513457557,0.0939544513457557,0.0939544513457557,0.0939544513457557,0.0939544513457557
19:4523012:-,0.15011074197120708,0.15011074197120708,0.15011074197120708,0.15011074197120708,0.15011074197120708,0.15011074197120708
19:4523035:-,0.07692307692307693,0.07692307692307693,0.07692307692307693,0.07692307692307693,0.07692307692307693,0.07692307692307693
19:47321816:+,0.07851572275101687,0.07851572275101687,0.07851572275101687,0.07851572275101687,0.07851572275101687,0.07851572275101687
19:47342090:+,0.10344827586206896,0.10344827586206896,0.10344827586206896,0.10344827586206896,0.10344827586206896,0.10344827586206896
19:47342098:+,0.11086273294674871,0.11086273294674871,0.11086273294674871,0.11086273294674871,0.11086273294674871,0.11086273294674871
19:47342099:+,0.18225918225918228,0.18225918225918228,0.18225918225918228,0.18225918225918228,0.18225918225918228,0.18225918225918228
19:47342104:+,0.22077922077922077,0.22077922077922077,0.22077922077922077,0.22077922077922077,0.22077922077922077,0.22077922077922077
19:47342619:+,0.16666666666666666,0.16666666666666666,0.16666666666666666,0.16666666666666666,0.16666666666666666,0.16666666666666666
19:47343547:+,0.1111111111111111,0.1111111111111111,0.1111111111111111,0.1111111111111111,0.1111111111111111,0.1111111111111111
19:47344199:+,0.17647058823529413,0.17647058823529413,0.17647058823529413,0.17647058823529413,0.17647058823529413,0.17647058823529413
19:48249812:-,0.0744281045751634,0.058823529411764705,0.05,0.0744281045751634,0.1,0.08888888888888889
19:48249840:-,0.06818181818181818,0.06818181818181818,0.06818181818181818,0.06818181818181818,0.06818181818181818,0.06818181818181818
19:48255828:-,0.125,0.125,0.125,0.125,0.125,0.125
19:48255860:-,0.21468531468531468,0.3076923076923077,0.2,0.21468531468531468,0.13636363636363635,0.21468531468531468
19:5151479:+,0.0914387031408308,0.0914387031408308,0.0914387031408308,0.0914387031408308,0.0914387031408308,0.0914387031408308
19:51518411:-,0.7,0.7,0.7,0.7,0.7,0.7
19:51612339:-,0.05,0.05,0.05,0.05,0.05,0.05
19:51643652:-,0.0594059405940594,0.0594059405940594,0.0594059405940594,0.0594059405940594,0.0594059405940594,0.0594059405940594
19:52839309:-,0.23529411764705882,0.23529411764705882,0.23529411764705882,0.23529411764705882,0.23529411764705882,0.23529411764705882
19:55389284:+,0.25,0.25,0.25,0.25,0.25,0.25
19:55390413:+,0.2857142857142857,0.2857142857142857,0.2857142857142857,0.2857142857142857,0.2857142857142857,0.2857142857142857
19:57757103:+,0.3038461538461539,0.3038461538461539,0.3038461538461539,0.3038461538461539,0.3038461538461539,0.3038461538461539
19:57843026:+,0.2727272727272727,0.2727272727272727,0.2727272727272727,0.2727272727272727,0.2727272727272727,0.2727272727272727
19:57843226:+,0.2631578947368421,0.2091346153846154,0.23614625506072873,0.23614625506072873,0.23614625506072873,0.23614625506072873
19:57843243:+,0.3,0.3,0.3,0.3,0.3,0.3
19:57844421:+,0.21428571428571427,0.21428571428571427,0.21428571428571427,0.21428571428571427,0.21428571428571427,0.21428571428571427
19:57844442:+,0.19047619047619047,0.19047619047619047,0.19047619047619047,0.19047619047619047,0.19047619047619047,0.19047619047619047
19:57845109:+,0.25,0.25,0.25,0.25,0.25,0.25
19:57845789:+,0.291025641025641,0.28205128205128205,0.3,0.291025641025641,0.291025641025641,0.291025641025641
19:57860468:+,0.3,0.3,0.3,0.3,0.3,0.3
19:57861973:+,0.25,0.25,0.25,0.25,0.25,0.25
19:5909552:+,0.23333333333333334,0.2,0.26666666666666666,0.23333333333333334,0.23333333333333334,0.23333333333333334
19:5909553:+,0.23529411764705882,0.18583333333333332,0.3318181818181818,0.25098187759952467,0.25098187759952467,0.25098187759952467
19:5909608:+,0.27899796282149225,0.27228163992869875,0.2857142857142857,0.27899796282149225,0.27899796282149225,0.27899796282149225
19:5909618:+,0.25,0.2583333333333333,0.26666666666666666,0.2583333333333333,0.2583333333333333,0.2583333333333333
19:5909628:+,0.25,0.25,0.25,0.25,0.25,0.25
19:5909649:+,0.28242572644746555,0.17236024844720496,0.3,0.2727272727272727,0.38461538461538464,0.28242572644746555
19:5910413:+,0.3068181818181818,0.3068181818181818,0.3068181818181818,0.3068181818181818,0.3068181818181818,0.3068181818181818
19:5910657:+,0.36363636363636365,0.36363636363636365,0.36363636363636365,0.36363636363636365,0.36363636363636365,0.36363636363636365
19:5910723:+,0.17647058823529413,0.17647058823529413,0.17647058823529413,0.17647058823529413,0.17647058823529413,0.17647058823529413
19:9562242:-,0.36363636363636365,0.36363636363636365,0.36363636363636365,0.36363636363636365,0.36363636363636365,0.36363636363636365
19:9562833:-,0.2,0.2,0.2,0.2,0.2,0.2
19:9562853:-,0.21428571428571427,0.21428571428571427,0.21428571428571427,0.21428571428571427,0.21428571428571427,0.21428571428571427
19:9562995:-,0.2,0.2,0.2,0.2,0.2,0.2
19:9563661:-,0.2,0.17894736842105263,0.15789473684210525,0.17894736842105263,0.17894736842105263,0.17894736842105263
19:9563674:-,0.15789473684210525,0.15789473684210525,0.15789473684210525,0.15789473684210525,0.15789473684210525,0.15789473684210525
1:10457994:-,0.25,0.25,0.25,0.25,0.25,0.25
1:148102826:-,0.3,0.3,0.3,0.3,0.3,0.3
1:149887303:-,0.14814814814814814,0.14814814814814814,0.14814814814814814,0.14814814814814814,0.14814814814814814,0.14814814814814814
1:149887583:+,0.2727272727272727,0.2727272727272727,0.2727272727272727,0.2727272727272727,0.2727272727272727,0.2727272727272727
1:150731017:-,0.12728715980988708,0.12728715980988708,0.12728715980988708,0.12728715980988708,0.12728715980988708,0.12728715980988708
1:150731108:-,0.06943498978897208,0.06943498978897208,0.06943498978897208,0.06943498978897208,0.06943498978897208,0.06943498978897208
1:150731136:-,0.17391304347826086,0.2290107165480503,0.2290107165480503,0.31991634118893153,0.2290107165480503,0.1932027649769585
1:150731142:-,0.05714285714285714,0.05714285714285714,0.05714285714285714,0.05714285714285714,0.05714285714285714,0.05714285714285714
1:150731170:-,0.058382816183634584,0.058382816183634584,0.058382816183634584,0.053581552765279115,0.058382816183634584,0.06318407960199005
1:150731195:-,0.05910023947998631,0.05910023947998631,0.05910023947998631,0.05910023947998631,0.05910023947998631,0.05910023947998631
1:150731202:-,0.08174763832658569,0.08174763832658569,0.08174763832658569,0.08016194331983806,0.08174763832658569,0.08333333333333333
1:150731221:-,0.14842962270287852,0.14842962270287852,0.14842962270287852,0.18147463002114164,0.14842962270287852,0.11538461538461539
1:150731238:-,0.09067443721061266,0.09067443721061266,0.09067443721061266,0.08317717330834773,0.09067443721061266,0.0981717011128776
1:150731239:-,0.07406944406577995,0.07406944406577995,0.07406944406577995,0.06705780705047883,0.07406944406577995,0.08108108108108109
1:150731243:-,0.07303523785475055,0.07303523785475055,0.07303523785475055,0.07260108795439908,0.07303523785475055,0.07346938775510203
1:150731265:-,0.06756756756756757,0.06756756756756757,0.06756756756756757,0.06756756756756757,0.06756756756756757,0.06756756756756757
1:150731268:-,0.06451612903225806,0.06451612903225806,0.06451612903225806,0.06451612903225806,0.06451612903225806,0.06451612903225806
1:150731275:-,0.135343618513324,0.18351630753866688,0.18351630753866688,0.21725693701637855,0.18351630753866688,0.19794836708629812
1:150731287:-,0.08108108108108109,0.07620647690290633,0.07620647690290633,0.05389221556886228,0.07620647690290633,0.09364613405877562
1:150731300:-,0.05551282051282051,0.05551282051282051,0.05551282051282051,0.05551282051282051,0.05551282051282051,0.05551282051282051
1:150731304:-,0.07489818381948267,0.07489818381948267,0.07489818381948267,0.07489818381948267,0.07489818381948267,0.07489818381948267
1:150731305:-,0.05714285714285714,0.05714285714285714,0.05714285714285714,0.05714285714285714,0.05714285714285714,0.05714285714285714
1:150731310:-,0.075,0.1875,0.11293468291888961,0.10994487899935282,0.11293468291888961,0.07929385267620562
1:150731335:-,0.06578947368421052,0.06578947368421052,0.06578947368421052,0.06578947368421052,0.06578947368421052,0.06578947368421052
1:150731343:-,0.057971014492753624,0.057971014492753624,0.057971014492753624,0.057971014492753624,0.057971014492753624,0.057971014492753624
1:150731361:-,0.09558080808080809,0.09558080808080809,0.09558080808080809,0.09558080808080809,0.09558080808080809,0.09558080808080809
1:150731383:-,0.05366743471582181,0.05366743471582181,0.05366743471582181,0.05366743471582181,0.05366743471582181,0.05366743471582181
1:150731385:-,0.06638176638176639,0.06638176638176639,0.06638176638176639,0.06638176638176639,0.06638176638176639,0.06638176638176639
1:150731936:-,0.1643827160493827,0.21428571428571427,0.15349921225818763,0.13897546925301518,0.15349921225818763,0.09635294944463832
1:150731941:-,0.09302325581395349,0.07538012397804289,0.07538012397804289,0.0752212389380531,0.07538012397804289,0.05789587718212208
1:150731966:-,0.05,0.05,0.05,0.05,0.05,0.05
1:150731971:-,0.05555985552115583,0.05555985552115583,0.05555985552115583,0.05964912280701754,0.05555985552115583,0.051470588235294115
1:150731999:-,0.1138710258960578,0.1138710258960578,0.1138710258960578,0.08368569042253583,0.1138710258960578,0.14405636136957975
1:150732006:-,0.06521739130434782,0.06387789849000419,0.06387789849000419,0.06253840567566057,0.06387789849000419,0.06387789849000419
1:150732009:-,0.07941176470588235,0.06483310044011764,0.06483310044011764,0.06483628033306356,0.06483310044011764,0.05025125628140704
1:150732023:-,0.056338028169014086,0.056338028169014086,0.056338028169014086,0.056338028169014086,0.056338028169014086,0.056338028169014086
1:150732031:-,0.054945054945054944,0.054945054945054944,0.054945054945054944,0.054945054945054944,0.054945054945054944,0.054945054945054944
1:150732067:-,0.07738423636362426,0.07738423636362426,0.07738423636362426,0.06920415224913495,0.07738423636362426,0.08556432047811358
1:150732071:-,0.05161596958174905,0.05161596958174905,0.05161596958174905,0.05161596958174905,0.05161596958174905,0.05161596958174905
1:150732108:-,0.07426385136579375,0.07426385136579375,0.07426385136579375,0.07685552414539484,0.07426385136579375,0.07167217858619265
1:150732128:-,0.10092592592592592,0.15,0.10092592592592592,0.10092592592592592,0.10092592592592592,0.05185185185185185
1:150732136:-,0.06744704570791528,0.21052631578947367,0.13389680323581746,0.10581775813773786,0.2,0.08569289654396037
1:150732177:-,0.08409090909090909,0.08671137316507949,0.08671137316507949,0.10150926916826049,0.08671137316507949,0.07453394123606889
1:150732182:-,0.05142857142857143,0.05142857142857143,0.05142857142857143,0.05142857142857143,0.05142857142857143,0.05142857142857143
1:150732735:-,0.08571428571428572,0.08571428571428572,0.08571428571428572,0.08571428571428572,0.08571428571428572,0.08571428571428572
1:150732739:-,0.075,0.075,0.075,0.075,0.075,0.075
1:150732771:-,0.11571820440252457,0.06818181818181818,0.09716386156962956,0.06619931303106227,0.17157275021026075,0.06414722202248209
1:150732801:-,0.0784313725490196,0.0784313725490196,0.0784313725490196,0.0784313725490196,0.0784313725490196,0.0784313725490196
1:150732809:-,0.06876138433515483,0.06876138433515483,0.06876138433515483,0.06876138433515483,0.06876138433515483,0.06876138433515483
1:150732828:-,0.05631578947368421,0.05631578947368421,0.06,0.05631578947368421,0.05263157894736842,0.05631578947368421
1:150732855:-,0.07145135566188197,0.07017543859649122,0.07145135566188197,0.07145135566188197,0.07272727272727272,0.07145135566188197
1:151121699:+,0.2,0.2,0.2,0.2,0.2,0.2
1:151124328:+,0.3333333333333333,0.3333333333333333,0.3333333333333333,0.3333333333333333,0.3333333333333333,0.3333333333333333
1:151871158:-,0.2222222222222222,0.2222222222222222,0.2222222222222222,0.2222222222222222,0.2222222222222222,0.2222222222222222
1:15934353:+,0.11694152923538231,0.11694152923538231,0.11694152923538231,0.11694152923538231,0.11694152923538231,0.11694152923538231
1:160332453:-,0.2692307692307693,0.21428571428571427,0.2046588827838828,0.08511904761904762,0.25,0.2046588827838828
1:160350196:+,0.21181818181818182,0.21181818181818182,0.21181818181818182,0.21181818181818182,0.21181818181818182,0.21181818181818182
1:160996510:-,0.12188951177287892,0.12188951177287892,0.12188951177287892,0.11538461538461539,0.12188951177287892,0.12839440816114245
1:160996560:-,0.07990430622009569,0.07990430622009569,0.07990430622009569,0.07990430622009569,0.07990430622009569,0.07990430622009569
1:160996561:-,0.07466460865078375,0.07466460865078375,0.07466460865078375,0.07466460865078375,0.07466460865078375,0.07466460865078375
1:160996582:-,0.05,0.05,0.05,0.05,0.05,0.05
1:160996682:-,0.05660377358490566,0.05660377358490566,0.05660377358490566,0.05660377358490566,0.05660377358490566,0.05660377358490566
1:160998025:-,0.17770788691504805,0.17770788691504805,0.17770788691504805,0.23333333333333334,0.17770788691504805,0.12208244049676274
1:160998147:-,0.13127449912891986,0.13127449912891986,0.13127449912891986,0.10714285714285714,0.13127449912891986,0.15540614111498258
1:161047799:-,0.0514018691588785,0.0514018691588785,0.0514018691588785,0.0514018691588785,0.0514018691588785,0.0514018691588785
1:1663537:-,0.11543513957307061,0.10704125177809388,0.1434855908540119,0.26666666666666666,0.27705627705627706,0.181936985185624
1:1663567:-,0.09375,0.11209239130434782,0.13043478260869565,0.11209239130434782,0.11209239130434782,0.11209239130434782
1:1663581:-,0.06382978723404255,0.06382978723404255,0.06382978723404255,0.06382978723404255,0.06382978723404255,0.06382978723404255
1:1663585:-,0.12816500711237552,0.10633001422475107,0.15,0.12816500711237552,0.12816500711237552,0.12816500711237552
1:1663591:-,0.057692307692307696,0.08309373202990225,0.07039301986110497,0.07039301986110497,0.07039301986110497,0.07039301986110497
1:1663608:-,0.10714285714285714,0.088327721661055,0.2225705329153605,0.1461769445964848,0.16666666666666666,0.1461769445964848
1:1663634:-,0.10204081632653061,0.10117056856187291,0.15384615384615385,0.12400122678890249,0.13894736842105262,0.12400122678890249
1:1663740:-,0.058823529411764705,0.11989664082687339,0.10401783452399048,0.10401783452399048,0.13333333333333333,0.10401783452399048
1:17069157:-,0.08324524312896406,0.08324524312896406,0.08324524312896406,0.08324524312896406,0.08324524312896406,0.08324524312896406
1:184791988:-,0.06381578947368421,0.06381578947368421,0.06381578947368421,0.06381578947368421,0.06381578947368421,0.06381578947368421
1:184791994:-,0.07317073170731707,0.07317073170731707,0.07317073170731707,0.07317073170731707,0.07317073170731707,0.07317073170731707
1:184792044:-,0.173020033483443,0.173020033483443,0.173020033483443,0.23809523809523808,0.173020033483443,0.10794482887164791
1:184792053:-,0.10114370442389363,0.10114370442389363,0.10114370442389363,0.10114370442389363,0.10114370442389363,0.10114370442389363
1:184792094:-,0.1521839056840148,0.1521839056840148,0.1521839056840148,0.1521839056840148,0.25,0.05436781136802961
1:184792139:-,0.22021312390205708,0.22021312390205708,0.22021312390205708,0.2222222222222222,0.25,0.18841714948394908
1:184792177:-,0.1947031904900793,0.1947031904900793,0.1947031904900793,0.25,0.1947031904900793,0.13940638098015862
1:184792215:-,0.2727272727272727,0.2727272727272727,0.2727272727272727,0.2727272727272727,0.2727272727272727,0.2727272727272727
1:184792226:-,0.05732484076433121,0.05732484076433121,0.05732484076433121,0.05732484076433121,0.05732484076433121,0.05732484076433121
1:184793337:-,0.07692307692307693,0.07692307692307693,0.07692307692307693,0.07692307692307693,0.07692307692307693,0.07692307692307693
1:184793352:-,0.07290918532125708,0.07290918532125708,0.07290918532125708,0.07290918532125708,0.07290918532125708,0.07290918532125708
1:184793389:-,0.40272080305630115,0.40272080305630115,0.40272080305630115,0.6153846153846154,0.40272080305630115,0.19005699072798687
1:184793446:-,0.11901279169441205,0.11901279169441205,0.11901279169441205,0.11901279169441205,0.11901279169441205,0.11901279169441205
1:184793455:-,0.117734593837535,0.117734593837535,0.117734593837535,0.117734593837535,0.117734593837535,0.117734593837535
1:184793541:-,0.21100973597579997,0.21100973597579997,0.21100973597579997,0.21428571428571427,0.21100973597579997,0.2077337576658857
1:204550605:+,0.1111111111111111,0.17647058823529413,0.1437908496732026,0.1437908496732026,0.1437908496732026,0.1437908496732026
1:204550649:+,0.1875,0.1875,0.1875,0.1875,0.1875,0.1875
1:204550768:+,0.11538461538461539,0.11538461538461539,0.11538461538461539,0.11538461538461539,0.11538461538461539,0.11538461538461539
1:204552031:+,0.3,0.3,0.3,0.3,0.3,0.3
1:204552193:+,0.25,0.25,0.25,0.25,0.25,0.25
1:204552583:+,0.2571428571428571,0.2571428571428571,0.2571428571428571,0.21428571428571427,0.3,0.2571428571428571
1:204552595:+,0.21428571428571427,0.21428571428571427,0.21428571428571427,0.21428571428571427,0.21428571428571427,0.21428571428571427
1:204555617:+,0.23076923076923078,0.23076923076923078,0.23076923076923078,0.23076923076923078,0.23076923076923078,0.23076923076923078
1:204555677:+,0.16666666666666669,0.23333333333333334,0.3,0.23333333333333334,0.23333333333333334,0.23333333333333334
1:204555717:+,0.38461538461538464,0.38461538461538464,0.38461538461538464,0.38461538461538464,0.38461538461538464,0.38461538461538464
1:204555821:+,0.6040764790764791,0.6666666666666666,0.6353715728715729,0.6353715728715729,0.6353715728715729,0.6353715728715729
1:204556404:+,0.15789473684210525,0.15789473684210525,0.15789473684210525,0.15789473684210525,0.15789473684210525,0.15789473684210525
1:204556419:+,0.29866946778711484,0.15384615384615385,0.1953781512605042,0.21596459096459097,0.21596459096459097,0.21596459096459097
1:204556450:+,0.1875,0.17857142857142858,0.1830357142857143,0.1830357142857143,0.1830357142857143,0.1830357142857143
1:204556462:+,0.10714285714285714,0.17857142857142858,0.17857142857142858,0.25,0.17857142857142858,0.17857142857142858
1:204556471:+,0.06976744186046512,0.06976744186046512,0.06976744186046512,0.06976744186046512,0.06976744186046512,0.06976744186046512
1:204556512:+,0.11538461538461539,0.21428571428571427,0.16483516483516483,0.16483516483516483,0.16483516483516483,0.16483516483516483
1:204556519:+,0.1,0.1,0.1,0.1,0.1,0.1
1:204556558:+,0.11764705882352941,0.11764705882352941,0.11764705882352941,0.11764705882352941,0.11764705882352941,0.11764705882352941
1:204556584:+,0.057692307692307696,0.1046037296037296,0.1046037296037296,0.1046037296037296,0.15151515151515152,0.1046037296037296
1:204556652:+,0.2595238095238095,0.21428571428571427,0.2369047619047619,0.2369047619047619,0.2369047619047619,0.2369047619047619
1:204556661:+,0.17647058823529413,0.17647058823529413,0.17647058823529413,0.17647058823529413,0.17647058823529413,0.17647058823529413
1:204557425:+,0.17647058823529413,0.17647058823529413,0.17647058823529413,0.17647058823529413,0.17647058823529413,0.17647058823529413
1:204557466:+,0.34448160535117056,0.34448160535117056,0.34448160535117056,0.34448160535117056,0.34448160535117056,0.34448160535117056
1:204557502:+,0.25,0.2153846153846154,0.2857142857142857,0.24659825468649,0.23529411764705882,0.24659825468649
1:204557531:+,0.2857142857142857,0.3333333333333333,0.26666666666666666,0.29523809523809524,0.29523809523809524,0.29523809523809524
1:204557623:+,0.2,0.26666666666666666,0.3333333333333333,0.26666666666666666,0.26666666666666666,0.26666666666666666
1:204557666:+,0.19349845201238391,0.22174922600619196,0.25,0.22174922600619196,0.22174922600619196,0.22174922600619196
1:212816222:+,0.3,0.3,0.3,0.3,0.3,0.3
1:225846244:-,0.05128205128205128,0.05128205128205128,0.05128205128205128,0.05128205128205128,0.05128205128205128,0.05128205128205128
1:225983638:-,0.1751918158567775,0.1751918158567775,0.1751918158567775,0.1751918158567775,0.17647058823529413,0.17391304347826086
1:225983698:-,0.25,0.26471523010424614,0.22983682983682985,0.25157990553814347,0.2642170329670329,0.24913043478260868
1:225984620:-,0.125,0.125,0.125,0.125,0.125,0.125
1:24537642:+,0.25,0.25,0.25,0.25,0.25,0.25
1:24537828:+,0.1,0.1,0.1,0.1,0.1,0.1
1:24538468:+,0.21969696969696967,0.16666666666666666,0.2727272727272727,0.21969696969696967,0.21969696969696967,0.21969696969696967
1:24538697:+,0.12878787878787878,0.12878787878787878,0.12878787878787878,0.12878787878787878,0.12878787878787878,0.12878787878787878
1:24538857:+,0.07500000000000001,0.05,0.1,0.07500000000000001,0.07500000000000001,0.07500000000000001
1:26879110:-,0.2727272727272727,0.2727272727272727,0.2727272727272727,0.2727272727272727,0.2727272727272727,0.2727272727272727
1:28498857:+,0.25,0.25,0.25,0.25,0.25,0.25
1:28499572:+,0.23076923076923078,0.23076923076923078,0.23076923076923078,0.23076923076923078,0.23076923076923078,0.23076923076923078
1:35602075:-,0.15842078960519743,0.13043478260869565,0.10344827586206896,0.2413793103448276,0.15842078960519743,0.15842078960519743
1:35602147:-,0.26041666666666663,0.25,0.26785714285714285,0.2655122655122655,0.1875,0.246257215007215
1:35602150:-,0.25,0.25,0.25,0.25,0.25,0.25
1:35602182:-,0.17647058823529413,0.21836007130124777,0.16666666666666666,0.16666666666666666,0.36363636363636365,0.21836007130124777
1:35602215:-,0.36363636363636365,0.36363636363636365,0.36363636363636365,0.36363636363636365,0.36363636363636365,0.36363636363636365
1:35602564:-,0.17998619737750174,0.17998619737750174,0.14285714285714285,0.13043478260869565,0.26666666666666666,0.17998619737750174
1:35602608:-,0.3333333333333333,0.38461538461538464,0.36363636363636365,0.3333333333333333,0.3537296037296037,0.3537296037296037
1:35602629:-,0.36363636363636365,0.3333333333333333,0.24444444444444444,0.3122766122766123,0.3076923076923077,0.3122766122766123
1:35602723:-,0.3,0.3,0.3,0.3,0.3,0.3
1:35602768:-,0.23660714285714285,0.2828405969030969,0.3,0.3205128205128205,0.27424242424242423,0.2828405969030969
1:3780492:-,0.29395604395604397,0.29395604395604397,0.29395604395604397,0.29395604395604397,0.29395604395604397,0.29395604395604397
1:37860921:-,0.23333333333333334,0.3,0.23333333333333334,0.23333333333333334,0.16666666666666666,0.23333333333333334
1:37860970:-,0.3068181818181818,0.2727272727272727,0.2897727272727273,0.2897727272727273,0.2897727272727273,0.2897727272727273
1:37861027:-,0.13636363636363635,0.13636363636363635,0.13636363636363635,0.13636363636363635,0.13636363636363635,0.13636363636363635
1:37861055:-,0.24285714285714285,0.2777777777777778,0.3068181818181818,0.25,0.1,0.2354906204906205
1:37861065:-,0.14393939393939392,0.14393939393939392,0.14393939393939392,0.14393939393939392,0.14393939393939392,0.14393939393939392
1:37861101:-,0.21428571428571427,0.21428571428571427,0.21428571428571427,0.21428571428571427,0.21428571428571427,0.21428571428571427
1:37862027:-,0.3076923076923077,0.3076923076923077,0.3076923076923077,0.3076923076923077,0.3076923076923077,0.3076923076923077
1:52823874:+,0.2727272727272727,0.2727272727272727,0.2727272727272727,0.2727272727272727,0.2727272727272727,0.2727272727272727
1:6522364:-,0.21052631578947367,0.21052631578947367,0.21052631578947367,0.21052631578947367,0.21052631578947367,0.21052631578947367
1:66985111:+,0.2483164983164983,0.2483164983164983,0.2483164983164983,0.2483164983164983,0.2483164983164983,0.2483164983164983
1:66985165:+,0.2,0.2,0.2,0.2,0.2,0.2
1:89182619:-,0.13636363636363635,0.13636363636363635,0.13636363636363635,0.13636363636363635,0.13636363636363635,0.13636363636363635
1:89182705:-,0.36363636363636365,0.36363636363636365,0.36363636363636365,0.36363636363636365,0.36363636363636365,0.36363636363636365
1:89182751:-,0.18181818181818182,0.18181818181818182,0.18181818181818182,0.18181818181818182,0.18181818181818182,0.18181818181818182
1:89183643:-,0.140625,0.125,0.140625,0.140625,0.140625,0.15625
1:89183685:-,0.23060344827586207,0.25287356321839083,0.23060344827586207,0.23060344827586207,0.23060344827586207,0.20833333333333331
1:89183695:-,0.17095238095238097,0.17095238095238097,0.17095238095238097,0.12,0.125,0.26785714285714285
1:89183803:-,0.16999999999999998,0.16999999999999998,0.16999999999999998,0.16999999999999998,0.16999999999999998,0.16999999999999998
1:89183838:-,0.13354572713643179,0.10172413793103449,0.13354572713643179,0.125,0.13354572713643179,0.17391304347826086
1:89183865:-,0.20031613606981255,0.1464285714285714,0.23076923076923078,0.17647058823529413,0.20031613606981255,0.24759615384615385
1:9266897:+,0.2727272727272727,0.2727272727272727,0.2727272727272727,0.2727272727272727,0.2727272727272727,0.2727272727272727
20:20390866:-,0.18336565395388926,0.18336565395388926,0.18336565395388926,0.18336565395388926,0.18336565395388926,0.18336565395388926
20:36891631:-,0.16374800951072138,0.07695831424644985,0.1,0.16374800951072138,0.16374800951072138,0.3142857142857143
20:36892531:-,0.09090909090909091,0.09090909090909091,0.09090909090909091,0.09090909090909091,0.09090909090909091,0.09090909090909091
20:36892555:-,0.07336947538056263,0.056074766355140186,0.07142857142857142,0.05727891156462585,0.10869565217391304,0.07336947538056263
20:36892573:-,0.1677333279696221,0.15847991548722126,0.15664459299710218,0.15779652944797234,0.20741226858248135,0.15833333333333333
20:37519160:-,0.06349206349206349,0.11221916971916972,0.11538461538461539,0.15,0.12,0.11221916971916972
20:37519169:-,0.11894557823129251,0.15448275862068966,0.11688311688311688,0.14285714285714285,0.22727272727272727,0.15208826477299384
20:37519232:-,0.05660377358490566,0.08857946298984036,0.09375,0.08857946298984036,0.11538461538461539,0.08857946298984036
20:3869565:+,0.21428571428571427,0.21428571428571427,0.21428571428571427,0.21428571428571427,0.21428571428571427,0.21428571428571427
20:3869813:+,0.1875,0.1875,0.1875,0.1875,0.1875,0.1875
20:3869839:+,0.16666666666666666,0.16666666666666666,0.16666666666666666,0.16666666666666666,0.16666666666666666,0.16666666666666666
20:3869866:+,0.17647058823529413,0.17647058823529413,0.17647058823529413,0.17647058823529413,0.17647058823529413,0.17647058823529413
20:3872210:+,0.17647058823529413,0.17647058823529413,0.17647058823529413,0.17647058823529413,0.17647058823529413,0.17647058823529413
20:3872213:+,0.3,0.3,0.3,0.3,0.3,0.3
20:3872376:+,0.16666666666666666,0.16666666666666666,0.16666666666666666,0.16666666666666666,0.16666666666666666,0.16666666666666666
20:3872412:+,0.2,0.2,0.2,0.2,0.2,0.2
20:3928531:-,0.05263157894736842,0.05263157894736842,0.05263157894736842,0.05263157894736842,0.05263157894736842,0.05263157894736842
20:3928567:-,0.13239660114660115,0.13239660114660115,0.13239660114660115,0.13239660114660115,0.13239660114660115,0.13239660114660115
20:3928592:-,0.10747567210951674,0.10747567210951674,0.10747567210951674,0.10747567210951674,0.10747567210951674,0.10747567210951674
20:3928618:-,0.06666666666666667,0.06666666666666667,0.06666666666666667,0.06666666666666667,0.06666666666666667,0.06666666666666667
20:3928671:-,0.1366223908918406,0.1366223908918406,0.1366223908918406,0.1366223908918406,0.1366223908918406,0.1366223908918406
20:3928883:-,0.1752273449594521,0.1752273449594521,0.1752273449594521,0.1752273449594521,0.1752273449594521,0.1752273449594521
20:3928930:-,0.16049709572863516,0.16049709572863516,0.16049709572863516,0.16049709572863516,0.16049709572863516,0.16049709572863516
20:3928933:-,0.09817981246552676,0.09817981246552676,0.09817981246552676,0.09817981246552676,0.09817981246552676,0.09817981246552676
20:3928944:-,0.09080188679245282,0.09080188679245282,0.09080188679245282,0.09080188679245282,0.09080188679245282,0.09080188679245282
20:3928953:-,0.05857385398981324,0.05857385398981324,0.05857385398981324,0.05857385398981324,0.05857385398981324,0.05857385398981324
20:3928959:-,0.26455785396381937,0.26455785396381937,0.26455785396381937,0.26666666666666666,0.26455785396381937,0.26244904126097207
20:3928985:-,0.05572675911658963,0.05572675911658963,0.05572675911658963,0.05572675911658963,0.05572675911658963,0.05572675911658963
20:3929065:-,0.06818181818181818,0.06818181818181818,0.06818181818181818,0.06818181818181818,0.06818181818181818,0.06818181818181818
20:3929232:-,0.14285714285714285,0.14285714285714285,0.14285714285714285,0.14285714285714285,0.14285714285714285,0.14285714285714285
20:3929281:-,0.0693080878915381,0.0693080878915381,0.0693080878915381,0.0693080878915381,0.0693080878915381,0.0693080878915381
20:3929291:-,0.14394163462486442,0.14394163462486442,0.14394163462486442,0.14394163462486442,0.14394163462486442,0.14394163462486442
20:3929316:-,0.25125117603390795,0.25125117603390795,0.25125117603390795,0.25,0.25125117603390795,0.2525023520678159
20:3929346:-,0.05,0.05,0.05,0.05,0.05,0.05
20:3929376:-,0.07547169811320754,0.07547169811320754,0.07547169811320754,0.07547169811320754,0.07547169811320754,0.07547169811320754
20:45077524:+,0.05084745762711865,0.07142857142857142,0.061138014527845036,0.061138014527845036,0.061138014527845036,0.061138014527845036
20:45078228:+,0.13055555555555554,0.13055555555555554,0.13055555555555554,0.13055555555555554,0.1111111111111111,0.15
20:45078305:+,0.17647058823529413,0.17647058823529413,0.17647058823529413,0.17647058823529413,0.17647058823529413,0.17647058823529413
20:45078344:+,0.0851063829787234,0.0851063829787234,0.0851063829787234,0.0851063829787234,0.0851063829787234,0.0851063829787234
20:45078346:+,0.06382978723404255,0.05970149253731343,0.05172413793103448,0.0728856882589092,0.0728856882589092,0.11628733533324638
20:45079027:+,0.06538461538461537,0.06538461538461537,0.06538461538461537,0.06538461538461537,0.06538461538461537,0.06538461538461537
20:45079067:+,0.12848791040280402,0.14331616224104565,0.14393939393939392,0.27604166666666663,0.20869837296620775,0.27870211226777625
20:45079094:+,0.06099114627496126,0.06099114627496126,0.06099114627496126,0.06099114627496126,0.05660377358490566,0.06537851896501685
20:45079117:+,0.06451612903225806,0.06451612903225806,0.06451612903225806,0.06451612903225806,0.06451612903225806,0.06451612903225806
20:45079129:+,0.05454545454545454,0.057971014492753624,0.05504934932852553,0.05504934932852553,0.05504934932852553,0.05263157894736842
20:45079143:+,0.06521739130434782,0.06521739130434782,0.06521739130434782,0.06521739130434782,0.06521739130434782,0.06521739130434782
20:45079148:+,0.07317073170731707,0.07317073170731707,0.07317073170731707,0.07317073170731707,0.07317073170731707,0.07317073170731707
20:45079172:+,0.09523809523809523,0.06830188679245283,0.07142857142857142,0.09951309053678514,0.16279069767441862,0.0998062015503876
20:45802003:+,0.09699374699374701,0.09699374699374701,0.09699374699374701,0.09699374699374701,0.09699374699374701,0.09699374699374701
20:50876763:+,0.06818181818181818,0.06818181818181818,0.06818181818181818,0.06818181818181818,0.06818181818181818,0.06818181818181818
20:5195165:+,0.3076923076923077,0.3076923076923077,0.3076923076923077,0.3076923076923077,0.3076923076923077,0.3076923076923077
20:62813216:+,0.23333333333333334,0.23333333333333334,0.23333333333333334,0.23333333333333334,0.3,0.16666666666666666
21:33263910:+,0.2727272727272727,0.2727272727272727,0.2727272727272727,0.2727272727272727,0.2727272727272727,0.2727272727272727
21:33263997:+,0.2727272727272727,0.2727272727272727,0.2727272727272727,0.2727272727272727,0.2727272727272727,0.2727272727272727
21:33264782:+,0.28125,0.28125,0.28125,0.28125,0.28125,0.28125
21:33264843:+,0.17391304347826086,0.17391304347826086,0.17391304347826086,0.17391304347826086,0.17391304347826086,0.17391304347826086
21:33264853:+,0.23809523809523808,0.23809523809523808,0.23809523809523808,0.23809523809523808,0.23809523809523808,0.23809523809523808
21:33265139:+,0.08888888888888889,0.08888888888888889,0.08888888888888889,0.08888888888888889,0.08888888888888889,0.08888888888888889
21:33355908:+,0.15384615384615385,0.15384615384615385,0.15384615384615385,0.15384615384615385,0.15384615384615385,0.15384615384615385
21:33357801:+,0.28205128205128205,0.28205128205128205,0.28205128205128205,0.28205128205128205,0.28205128205128205,0.28205128205128205
21:33358770:+,0.125,0.125,0.125,0.125,0.125,0.125
21:33550441:+,0.09090909090909091,0.09090909090909091,0.09090909090909091,0.09090909090909091,0.09090909090909091,0.09090909090909091
21:33550481:+,0.07894736842105263,0.07894736842105263,0.07894736842105263,0.07894736842105263,0.07894736842105263,0.07894736842105263
21:33550852:+,0.11732013457556935,0.11732013457556935,0.11732013457556935,0.09375,0.11732013457556935,0.1408902691511387
21:33550949:+,0.0803705890283255,0.0803705890283255,0.05067625406608457,0.05542372881355932,0.0803705890283255,0.1350117842053326
21:33551012:+,0.07142857142857142,0.05277777777777778,0.05847943612751506,0.0917456234537464,0.07983214139677719,0.19621019053809052
21:33551528:+,0.0625,0.0625,0.0625,0.0625,0.0625,0.0625
21:33551798:+,0.06338235294117647,0.06676470588235295,0.06338235294117647,0.06,0.06338235294117647,0.06338235294117647
21:38302921:+,0.2784600389863548,0.2784600389863548,0.2784600389863548,0.2784600389863548,0.2784600389863548,0.2784600389863548
21:42909822:+,0.3,0.3,0.3,0.3,0.3,0.3
21:44224635:-,0.2,0.2,0.2,0.2,0.2,0.2
21:45512814:+,0.05,0.05,0.05,0.05,0.05,0.05
22:17110242:+,0.06459770884973538,0.06459770884973538,0.06459770884973538,0.06330251669234721,0.06459770884973538,0.06589290100712356
22:17110376:+,0.0968585762064023,0.0968585762064023,0.15,0.07500000000000001,0.0968585762064023,0.06557572861920688
22:17110777:+,0.17647058823529413,0.17647058823529413,0.17647058823529413,0.17647058823529413,0.17647058823529413,0.17647058823529413
22:17113267:+,0.2727272727272727,0.2727272727272727,0.2727272727272727,0.2727272727272727,0.2727272727272727,0.2727272727272727
22:17113310:+,0.21052631578947367,0.21052631578947367,0.21052631578947367,0.21052631578947367,0.21052631578947367,0.21052631578947367
22:17113448:+,0.16269841269841268,0.16269841269841268,0.16269841269841268,0.21428571428571427,0.16269841269841268,0.1111111111111111
22:17113458:+,0.23076923076923078,0.23076923076923078,0.23076923076923078,0.23076923076923078,0.23076923076923078,0.23076923076923078
22:17113470:+,0.17647058823529413,0.17647058823529413,0.17647058823529413,0.17647058823529413,0.17647058823529413,0.17647058823529413
22:17116946:-,0.1875,0.1875,0.1875,0.1875,0.1875,0.1875
22:17116947:-,0.21428571428571427,0.21428571428571427,0.21428571428571427,0.21428571428571427,0.21428571428571427,0.21428571428571427
22:18088707:+,0.25,0.25,0.25,0.25,0.25,0.25
22:20065601:+,0.13636363636363635,0.13636363636363635,0.13636363636363635,0.13636363636363635,0.13636363636363635,0.13636363636363635
22:21922604:-,0.07407407407407407,0.07407407407407407,0.07407407407407407,0.07407407407407407,0.07407407407407407,0.07407407407407407
22:24572666:+,0.13793103448275862,0.13793103448275862,0.13793103448275862,0.13793103448275862,0.13793103448275862,0.13793103448275862
22:24573002:+,0.18928571428571428,0.17857142857142858,0.18928571428571428,0.18928571428571428,0.2,0.18928571428571428
22:24573020:+,0.2727272727272727,0.25,0.26136363636363635,0.26136363636363635,0.26136363636363635,0.26136363636363635
22:24573082:+,0.25,0.25,0.25,0.25,0.25,0.25
22:24573092:+,0.23214285714285715,0.23214285714285715,0.23214285714285715,0.23214285714285715,0.23214285714285715,0.23214285714285715
22:24573123:+,0.3333333333333333,0.3333333333333333,0.3333333333333333,0.3333333333333333,0.3333333333333333,0.3333333333333333
22:24573190:+,0.3,0.3,0.3,0.3,0.3,0.3
22:24573659:+,0.0967741935483871,0.10714285714285714,0.11797235023041475,0.15,0.11797235023041475,0.11797235023041475
22:24573660:+,0.22770562770562772,0.22770562770562772,0.2554112554112554,0.22770562770562772,0.2,0.22770562770562772
22:24573786:+,0.3125,0.21428571428571427,0.18907563025210083,0.23862044817927172,0.23862044817927172,0.23862044817927172
22:24573813:+,0.22727272727272727,0.23076923076923078,0.25268065268065265,0.25268065268065265,0.3,0.25268065268065265
22:24574706:+,0.23529411764705882,0.23529411764705882,0.23529411764705882,0.23529411764705882,0.23529411764705882,0.23529411764705882
22:24574751:+,0.2727272727272727,0.2727272727272727,0.2727272727272727,0.2727272727272727,0.2727272727272727,0.2727272727272727
22:25724899:+,0.3333333333333333,0.3333333333333333,0.3333333333333333,0.3333333333333333,0.3333333333333333,0.3333333333333333
22:25725025:+,0.25,0.25,0.25,0.25,0.25,0.25
22:25725030:+,0.25,0.25,0.25,0.25,0.25,0.25
22:25725098:+,0.358974358974359,0.358974358974359,0.358974358974359,0.358974358974359,0.358974358974359,0.358974358974359
22:25725109:+,0.21726190476190477,0.21726190476190477,0.21726190476190477,0.21726190476190477,0.21726190476190477,0.21726190476190477
22:26522822:-,0.25,0.25,0.25,0.25,0.25,0.25
22:26522896:-,0.3,0.3,0.3,0.3,0.3,0.3
22:26523182:-,0.3,0.3,0.3,0.3,0.3,0.3
22:26523800:-,0.19047619047619047,0.19047619047619047,0.19047619047619047,0.19047619047619047,0.19047619047619047,0.19047619047619047
22:26524341:-,0.15384615384615385,0.15384615384615385,0.15384615384615385,0.15384615384615385,0.15384615384615385,0.15384615384615385
22:26524444:-,0.10526315789473684,0.10526315789473684,0.10526315789473684,0.10526315789473684,0.10526315789473684,0.10526315789473684
22:26524475:-,0.1650595238095238,0.1650595238095238,0.16666666666666666,0.1650595238095238,0.16345238095238093,0.1650595238095238
22:26524500:-,0.25,0.25,0.25,0.25,0.25,0.25
22:26524504:-,0.10714285714285714,0.10714285714285714,0.10714285714285714,0.10714285714285714,0.10714285714285714,0.10714285714285714
22:26525284:-,0.21052631578947367,0.21052631578947367,0.21052631578947367,0.21052631578947367,0.21052631578947367,0.21052631578947367
22:26525341:-,0.25,0.25,0.25,0.25,0.25,0.25
22:35659829:+,0.3,0.3,0.3,0.3,0.3,0.3
22:35659868:+,0.1875,0.1875,0.1875,0.1875,0.1875,0.1875
22:35659926:+,0.125,0.125,0.125,0.125,0.125,0.125
22:35659931:+,0.17647058823529413,0.17647058823529413,0.17647058823529413,0.17647058823529413,0.17647058823529413,0.17647058823529413
22:35659975:+,0.11137820512820513,0.11137820512820513,0.125,0.11137820512820513,0.09375,0.11538461538461539
22:35660344:+,0.1725,0.12,0.1725,0.1725,0.1725,0.225
22:35660361:+,0.1699386314168923,0.15,0.16,0.25,0.09859584859584859,0.1910973084886128
22:35660445:+,0.13055555555555554,0.13055555555555554,0.13055555555555554,0.13055555555555554,0.1111111111111111,0.15
22:35660498:+,0.12142857142857143,0.12142857142857143,0.12142857142857143,0.12142857142857143,0.1,0.14285714285714285
22:35660516:+,0.09375,0.09375,0.09375,0.09375,0.09375,0.09375
22:35660582:+,0.19038461538461537,0.19038461538461537,0.19038461538461537,0.19038461538461537,0.19038461538461537,0.19038461538461537
22:35660617:+,0.16129032258064516,0.16129032258064516,0.16129032258064516,0.16129032258064516,0.16129032258064516,0.16129032258064516
22:35660702:+,0.14285714285714285,0.14285714285714285,0.14285714285714285,0.14285714285714285,0.14285714285714285,0.14285714285714285
22:35661307:+,0.25,0.25,0.25,0.25,0.25,0.25
22:36266114:+,0.26666666666666666,0.26666666666666666,0.26666666666666666,0.26666666666666666,0.26666666666666666,0.26666666666666666
22:36266649:+,0.26666666666666666,0.26666666666666666,0.26666666666666666,0.26666666666666666,0.26666666666666666,0.26666666666666666
22:36266650:+,0.21428571428571427,0.21428571428571427,0.21428571428571427,0.21428571428571427,0.21428571428571427,0.21428571428571427
22:36266793:+,0.14285714285714285,0.14285714285714285,0.14285714285714285,0.14285714285714285,0.14285714285714285,0.14285714285714285
22:36266794:+,0.13043478260869565,0.13043478260869565,0.13043478260869565,0.13043478260869565,0.13043478260869565,0.13043478260869565
22:36266854:+,0.2063535826976687,0.2063535826976687,0.2063535826976687,0.2063535826976687,0.2063535826976687,0.2063535826976687
22:36266886:+,0.16666666666666666,0.16666666666666666,0.16666666666666666,0.16666666666666666,0.16666666666666666,0.16666666666666666
22:39018748:+,0.11528847364445191,0.13043478260869565,0.15625,0.10304054054054054,0.07142857142857142,0.11528847364445191
22:39018894:+,0.0967741935483871,0.0967741935483871,0.0967741935483871,0.0967741935483871,0.0967741935483871,0.0967741935483871
22:39018917:+,0.08108108108108109,0.08108108108108109,0.08108108108108109,0.08108108108108109,0.08108108108108109,0.08108108108108109
22:39019885:+,0.12,0.12,0.12,0.12,0.12,0.12
22:39019975:+,0.14464285714285716,0.14464285714285716,0.14464285714285716,0.2,0.08928571428571429,0.14464285714285716
22:39020029:+,0.11428571428571428,0.17481877141319865,0.21266968325791857,0.24074074074074073,0.13157894736842105,0.17481877141319865
22:39020057:+,0.06976744186046512,0.06976744186046512,0.06976744186046512,0.06976744186046512,0.06976744186046512,0.06976744186046512
22:39020075:+,0.19488684947663276,0.20202020202020202,0.3548387096774194,0.24777183600713015,0.19972222222222222,0.2398479638807213
22:39032721:+,0.26244343891402716,0.29788838612368024,0.29788838612368024,0.29788838612368024,0.3333333333333333,0.29788838612368024
22:41178990:+,0.08030199039121483,0.08030199039121483,0.08030199039121483,0.08030199039121483,0.08030199039121483,0.08030199039121483
22:41599255:-,0.25285085285085285,0.2823620823620823,0.3333333333333333,0.14285714285714285,0.25285085285085285,0.25285085285085285
22:41599279:-,0.15789473684210525,0.15789473684210525,0.15789473684210525,0.15789473684210525,0.15789473684210525,0.15789473684210525
22:42381237:-,0.2,0.2,0.2,0.2,0.2,0.2
22:42381262:-,0.25,0.25,0.25,0.25,0.25,0.25
22:42381369:-,0.10288453051657401,0.10288453051657401,0.10288453051657401,0.09259259259259259,0.10288453051657401,0.11317646844055543
22:42382830:-,0.07696570408226094,0.07696570408226094,0.07696570408226094,0.07696570408226094,0.07696570408226094,0.07696570408226094
22:42382869:-,0.05181347150259067,0.05181347150259067,0.05181347150259067,0.05181347150259067,0.05181347150259067,0.05181347150259067
22:42383474:-,0.10325067687851676,0.10325067687851676,0.10325067687851676,0.10638297872340426,0.10325067687851676,0.10011837503362926
22:42383480:-,0.08545492081997473,0.08545492081997473,0.08545492081997473,0.08545492081997473,0.08545492081997473,0.08545492081997473
22:42383500:-,0.05263157894736842,0.05263157894736842,0.05263157894736842,0.05263157894736842,0.05263157894736842,0.05263157894736842
22:42383504:-,0.08131127450980391,0.08131127450980391,0.08131127450980391,0.06458333333333333,0.08131127450980391,0.09803921568627451
22:42383532:-,0.20291429997911573,0.20291429997911573,0.20291429997911573,0.21526757171918462,0.20291429997911573,0.19056102823904683
22:42383533:-,0.10180242842906473,0.10180242842906473,0.10180242842906473,0.0991290282443698,0.10180242842906473,0.10447582861375966
22:42383582:-,0.08024469482269994,0.08024469482269994,0.08024469482269994,0.08024469482269994,0.08024469482269994,0.08024469482269994
22:42383646:-,0.06450659850022107,0.06450659850022107,0.06450659850022107,0.06450659850022107,0.06450659850022107,0.06450659850022107
22:42383670:-,0.06557377049180328,0.06557377049180328,0.06557377049180328,0.06557377049180328,0.06557377049180328,0.06557377049180328
22:50623950:-,0.31666666666666665,0.3333333333333333,0.3,0.31666666666666665,0.31666666666666665,0.31666666666666665
22:50624024:-,0.16666666666666666,0.16666666666666666,0.16666666666666666,0.16666666666666666,0.16666666666666666,0.16666666666666666
22:50624361:-,0.2,0.2,0.2,0.2,0.2,0.2
2:128193936:+,0.2,0.2,0.2,0.2,0.2,0.2
2:152120203:-,0.2727272727272727,0.2727272727272727,0.2727272727272727,0.2727272727272727,0.2727272727272727,0.2727272727272727
2:159769457:-,0.08407079646017698,0.08407079646017698,0.08407079646017698,0.08407079646017698,0.08407079646017698,0.08407079646017698
2:159769988:-,0.06252713851498046,0.06252713851498046,0.06252713851498046,0.06252713851498046,0.06252713851498046,0.06252713851498046
2:159770082:-,0.1578876279283691,0.1578876279283691,0.1578876279283691,0.1052615049018108,0.1578876279283691,0.21051375095492741
2:159770173:-,0.18803851759516782,0.18803851759516782,0.18803851759516782,0.07687279115850544,0.18803851759516782,0.2992042440318302
2:200977710:-,0.20644122383252816,0.20644122383252816,0.20644122383252816,0.20644122383252816,0.20644122383252816,0.20644122383252816
2:200977768:-,0.23529411764705882,0.23529411764705882,0.23529411764705882,0.23529411764705882,0.23529411764705882,0.23529411764705882
2:200977820:-,0.15,0.15,0.15,0.15,0.15,0.15
2:200978571:-,0.1875,0.1875,0.1875,0.1875,0.1875,0.1875
2:201164009:+,0.09082989183874139,0.09082989183874139,0.1111111111111111,0.09082989183874139,0.09082989183874139,0.07054867256637168
2:201164040:+,0.07401647967685704,0.09401709401709402,0.07401647967685704,0.07401647967685704,0.07142857142857142,0.05660377358490566
2:201164055:+,0.06976744186046512,0.06976744186046512,0.06976744186046512,0.06976744186046512,0.06976744186046512,0.06976744186046512
2:201164079:+,0.06,0.06,0.06,0.06,0.06,0.06
2:201164087:+,0.0713166144200627,0.0713166144200627,0.0713166144200627,0.09090909090909091,0.0713166144200627,0.05172413793103448
2:201164143:+,0.1786728886471549,0.18,0.20833333333333331,0.18181818181818182,0.1584023464458247,0.16481058163843465
2:201165370:+,0.12477943236231212,0.12477943236231212,0.12477943236231212,0.12477943236231212,0.17857142857142855,0.07098743615319568
2:201165387:+,0.12288239270444112,0.12288239270444112,0.12288239270444112,0.12288239270444112,0.12288239270444112,0.12288239270444112
2:201165399:+,0.05084745762711865,0.05084745762711865,0.05084745762711865,0.05084745762711865,0.05084745762711865,0.05084745762711865
2:201165409:+,0.05333333333333334,0.05333333333333334,0.05333333333333334,0.05333333333333334,0.05333333333333334,0.05333333333333334
2:201165444:+,0.058448815007146104,0.058448815007146104,0.058448815007146104,0.058448815007146104,0.058448815007146104,0.058448815007146104
2:201165450:+,0.12179487179487179,0.12179487179487179,0.12179487179487179,0.12179487179487179,0.16666666666666666,0.07692307692307693
2:201165480:+,0.127046783625731,0.2,0.127046783625731,0.127046783625731,0.127046783625731,0.054093567251461985
2:201165514:+,0.06943833567909923,0.06943833567909923,0.06943833567909923,0.06943833567909923,0.06943833567909923,0.06943833567909923
2:201165533:+,0.06666666666666667,0.06666666666666667,0.06666666666666667,0.06666666666666667,0.06666666666666667,0.06666666666666667
2:201165545:+,0.08888888888888888,0.08888888888888888,0.08888888888888888,0.08888888888888888,0.08888888888888888,0.08888888888888888
2:201175413:+,0.3,0.3,0.3,0.3,0.3,0.3
2:201218006:+,0.25,0.25,0.25,0.25,0.25,0.25
2:201219148:+,0.2727272727272727,0.2727272727272727,0.2727272727272727,0.2727272727272727,0.2727272727272727,0.2727272727272727
2:201219251:+,0.21428571428571427,0.21428571428571427,0.21428571428571427,0.21428571428571427,0.21428571428571427,0.21428571428571427
2:201286638:+,0.16666666666666666,0.2195299289214984,0.16889051808406647,0.2777777777777778,0.2088023088023088,0.2962901934873927
2:201286665:+,0.05660377358490566,0.05660377358490566,0.05660377358490566,0.05660377358490566,0.05660377358490566,0.05660377358490566
2:201286714:+,0.11428571428571428,0.11428571428571428,0.11428571428571428,0.11428571428571428,0.11428571428571428,0.11428571428571428
2:201286732:+,0.06477732793522267,0.07692307692307693,0.06477732793522267,0.06477732793522267,0.06477732793522267,0.05263157894736842
2:201287274:+,0.06184327798104888,0.06184327798104888,0.06308049535603716,0.06184327798104888,0.06184327798104888,0.06060606060606061
2:201287277:+,0.1364277009197623,0.09730781201369436,0.07982958327785915,0.2608695652173913,0.08896740267572523,0.15516414141414142
2:201287293:+,0.08268025078369906,0.08268025078369906,0.08268025078369906,0.08268025078369906,0.08268025078369906,0.08268025078369906
2:201287299:+,0.11538461538461539,0.07818327505827506,0.0803030303030303,0.07818327505827506,0.05454545454545454,0.0625
2:201287323:+,0.07084415584415583,0.07084415584415583,0.07084415584415583,0.07084415584415583,0.05454545454545454,0.08714285714285713
2:201287338:+,0.125,0.14835796387520525,0.20769230769230768,0.25,0.1330371383002962,0.18640873015873016
2:201287346:+,0.1,0.1,0.1,0.1,0.1,0.1
2:201287354:+,0.1625,0.10344827586206896,0.12582345191040845,0.15,0.08452380952380953,0.11422413793103448
2:201287362:+,0.12085921325051759,0.10714285714285714,0.13043478260869565,0.12085921325051759,0.125,0.12085921325051759
2:201287367:+,0.2727272727272727,0.2727272727272727,0.2727272727272727,0.2727272727272727,0.2727272727272727,0.2727272727272727
2:201287384:+,0.17015827922077922,0.23011363636363635,0.16233766233766234,0.17015827922077922,0.12818181818181817,0.16
2:216501791:+,0.75,0.75,0.75,0.75,0.75,0.75
2:219172105:-,0.08323863636363636,0.08323863636363636,0.08323863636363636,0.08323863636363636,0.08323863636363636,0.08323863636363636
2:230167361:-,0.09463652482269504,0.09463652482269504,0.09463652482269504,0.09463652482269504,0.09463652482269504,0.09463652482269504
2:230167390:-,0.075,0.08356625258799172,0.08356625258799172,0.08356625258799172,0.08356625258799172,0.09213250517598343
2:230167981:-,0.18903396598914166,0.18903396598914166,0.18903396598914166,0.18903396598914166,0.18903396598914166,0.18903396598914166
2:230168008:-,0.3333333333333333,0.3393640350877193,0.3393640350877193,0.3393640350877193,0.3393640350877193,0.34539473684210525
2:3541907:-,0.17647058823529413,0.2,0.19375,0.19017419467787114,0.19047619047619047,0.19017419467787114
2:3541930:-,0.17647058823529413,0.17647058823529413,0.17647058823529413,0.17647058823529413,0.17647058823529413,0.17647058823529413
2:3543850:-,0.21428571428571427,0.2435064935064935,0.2435064935064935,0.2727272727272727,0.2435064935064935,0.2435064935064935
2:3545011:-,0.2727272727272727,0.2727272727272727,0.2727272727272727,0.2727272727272727,0.2727272727272727,0.2727272727272727
2:3545046:-,0.25,0.25,0.25,0.25,0.25,0.25
2:3545047:-,0.2727272727272727,0.2727272727272727,0.2727272727272727,0.2727272727272727,0.2727272727272727,0.2727272727272727
2:37100425:-,0.14285714285714285,0.14285714285714285,0.14285714285714285,0.14285714285714285,0.14285714285714285,0.14285714285714285
2:37100445:-,0.2727272727272727,0.25215756465756467,0.25215756465756467,0.25215756465756467,0.23076923076923078,0.25297619047619047
2:37100446:-,0.2572720471747932,0.2572720471747932,0.2572720471747932,0.2572720471747932,0.2572720471747932,0.2572720471747932
2:37100872:-,0.2727272727272727,0.2727272727272727,0.2727272727272727,0.2727272727272727,0.2727272727272727,0.2727272727272727
2:37100938:-,0.6363636363636364,0.6363636363636364,0.6363636363636364,0.6363636363636364,0.6363636363636364,0.6363636363636364
2:37100988:-,0.22499999999999998,0.22499999999999998,0.22499999999999998,0.22499999999999998,0.22499999999999998,0.22499999999999998
2:37101247:-,0.1481241565452092,0.1481241565452092,0.1481241565452092,0.1481241565452092,0.1481241565452092,0.1481241565452092
2:37101539:-,0.2510673038630028,0.2510673038630028,0.2510673038630028,0.2777777777777778,0.2510673038630028,0.2243568299482278
2:37101620:-,0.12842190016103058,0.12842190016103058,0.12842190016103058,0.12842190016103058,0.12842190016103058,0.12842190016103058
2:37101656:-,0.19047619047619047,0.3,0.20755323868677902,0.20755323868677902,0.20755323868677902,0.1321835255841467
2:37101910:-,0.11764705882352941,0.11764705882352941,0.11764705882352941,0.11764705882352941,0.11764705882352941,0.11764705882352941
2:37102036:-,0.11538461538461539,0.11538461538461539,0.11538461538461539,0.11538461538461539,0.11538461538461539,0.11538461538461539
2:37102070:-,0.19021739130434784,0.19021739130434784,0.19021739130434784,0.19021739130434784,0.19021739130434784,0.19021739130434784
2:37102094:-,0.36363636363636365,0.36363636363636365,0.36363636363636365,0.36363636363636365,0.36363636363636365,0.36363636363636365
2:37102163:-,0.23958333333333331,0.23958333333333331,0.23958333333333331,0.23958333333333331,0.23958333333333331,0.23958333333333331
2:37103894:-,0.2746031746031746,0.2746031746031746,0.2746031746031746,0.3,0.2746031746031746,0.2492063492063492
2:37103921:-,0.2513888888888889,0.2513888888888889,0.2513888888888889,0.2513888888888889,0.2513888888888889,0.2513888888888889
2:37103933:-,0.19642857142857142,0.19642857142857142,0.19642857142857142,0.19642857142857142,0.19642857142857142,0.19642857142857142
2:37103975:-,0.32857142857142857,0.32857142857142857,0.32857142857142857,0.3,0.32857142857142857,0.35714285714285715
2:37104381:-,0.2549019607843137,0.2549019607843137,0.2549019607843137,0.3333333333333333,0.2549019607843137,0.17647058823529413
2:37104411:-,0.17647058823529413,0.17647058823529413,0.17647058823529413,0.17647058823529413,0.17647058823529413,0.17647058823529413
2:37104785:-,0.2716346153846154,0.2716346153846154,0.2716346153846154,0.2716346153846154,0.2716346153846154,0.2716346153846154
2:37104872:-,0.2727272727272727,0.2727272727272727,0.2727272727272727,0.2727272727272727,0.2727272727272727,0.2727272727272727
2:37104880:-,0.2132034632034632,0.2132034632034632,0.2132034632034632,0.2132034632034632,0.2132034632034632,0.2132034632034632
2:37104898:-,0.10810810810810811,0.10810810810810811,0.10810810810810811,0.10810810810810811,0.10810810810810811,0.10810810810810811
2:37202382:+,0.3333333333333333,0.3333333333333333,0.3333333333333333,0.3333333333333333,0.3333333333333333,0.3333333333333333
2:37204341:+,0.25,0.25,0.25,0.25,0.25,0.25
2:68180525:-,0.11782382468656978,0.11782382468656978,0.11782382468656978,0.11428571428571428,0.11782382468656978,0.12136193508742528
2:68180529:-,0.10403242147922999,0.10403242147922999,0.10403242147922999,0.10403242147922999,0.10403242147922999,0.10403242147922999
2:69461662:-,0.3333333333333333,0.3333333333333333,0.3333333333333333,0.3333333333333333,0.3333333333333333,0.3333333333333333
2:69462637:-,0.21428571428571427,0.21428571428571427,0.21428571428571427,0.21428571428571427,0.21428571428571427,0.21428571428571427
2:69463444:-,0.21428571428571427,0.21428571428571427,0.21428571428571427,0.21428571428571427,0.21428571428571427,0.21428571428571427
2:85319249:-,0.08647051872858325,0.0967741935483871,0.07692307692307693,0.08647051872858325,0.08647051872858325,0.08571428571428572
2:85319274:-,0.05970149253731343,0.05970149253731343,0.05970149253731343,0.05970149253731343,0.05970149253731343,0.05970149253731343
2:85319302:-,0.08333333333333333,0.08333333333333333,0.08333333333333333,0.08333333333333333,0.08333333333333333,0.08333333333333333
2:85319333:-,0.058333333333333334,0.06666666666666667,0.058333333333333334,0.05,0.058333333333333334,0.058333333333333334
2:85319448:-,0.08333333333333333,0.08333333333333333,0.08333333333333333,0.08333333333333333,0.08333333333333333,0.08333333333333333
2:96249499:-,0.25,0.25,0.25,0.25,0.25,0.25
2:96249574:-,0.1459033613445378,0.1459033613445378,0.1459033613445378,0.1715686274509804,0.1459033613445378,0.12023809523809523
2:98623011:-,0.2692307692307693,0.2692307692307693,0.2692307692307693,0.2692307692307693,0.2692307692307693,0.2692307692307693
3:10150923:+,0.28717948717948716,0.28717948717948716,0.28717948717948716,0.3076923076923077,0.26666666666666666,0.28717948717948716
3:10151019:+,0.17857142857142858,0.17857142857142858,0.17857142857142858,0.17857142857142858,0.17857142857142858,0.17857142857142858
3:10151032:+,0.08823529411764706,0.11229946524064172,0.13636363636363635,0.11229946524064172,0.11229946524064172,0.11229946524064172
3:10151939:+,0.12151162790697674,0.15,0.12151162790697674,0.09302325581395349,0.12151162790697674,0.12151162790697674
3:10152047:+,0.1875,0.2,0.22007575757575756,0.22007575757575756,0.2727272727272727,0.22007575757575756
3:10152221:+,0.20557598039215685,0.26785714285714285,0.23274101307189543,0.23274101307189543,0.22478991596638653,0.23274101307189543
3:10152293:+,0.16118113912231558,0.2554112554112554,0.23436853002070393,0.21698697485142496,0.21698697485142496,0.21698697485142496
3:10152309:+,0.10191834507943931,0.24655047204066807,0.15192307692307694,0.17235009946007387,0.14872473205806538,0.1642933451122647
3:10152313:+,0.05631578947368421,0.05631578947368421,0.05631578947368421,0.05631578947368421,0.05631578947368421,0.05631578947368421
3:10152320:+,0.06451054998270495,0.15625,0.10969953820072911,0.13695652173913042,0.08108108108108109,0.10969953820072911
3:10152325:+,0.11764705882352941,0.11239495798319327,0.11239495798319327,0.10714285714285714,0.11239495798319327,0.11239495798319327
3:10152355:+,0.125,0.16666666666666666,0.14722222222222223,0.14722222222222223,0.15,0.14722222222222223
3:10152621:+,0.1892361111111111,0.21000267094017094,0.21000267094017094,0.21000267094017094,0.23076923076923078,0.21000267094017094
3:10152631:+,0.18333333333333335,0.30438842203548083,0.26136363636363635,0.27060468126644593,0.3333333333333333,0.27060468126644593
3:10152671:+,0.22115384615384615,0.22115384615384615,0.22115384615384615,0.22115384615384615,0.22115384615384615,0.22115384615384615
3:10152750:+,0.1875,0.1875,0.1875,0.1875,0.1875,0.1875
3:10152763:+,0.19886363636363635,0.19886363636363635,0.19886363636363635,0.19886363636363635,0.19886363636363635,0.19886363636363635
3:10152870:+,0.1590437788018433,0.2,0.35714285714285715,0.20833333333333334,0.20476190476190476,0.22585637480798773
3:10152908:+,0.126105216622458,0.13123442649304717,0.13123442649304717,0.13123442649304717,0.13636363636363635,0.13123442649304717
3:10152956:+,0.23076923076923078,0.23076923076923078,0.23076923076923078,0.23076923076923078,0.23076923076923078,0.23076923076923078
3:10153020:+,0.21428571428571427,0.21428571428571427,0.21428571428571427,0.21428571428571427,0.21428571428571427,0.21428571428571427
3:10153059:+,0.3,0.3,0.3,0.3,0.3,0.3
3:10153099:+,0.13636363636363635,0.2727272727272727,0.20779220779220778,0.21428571428571427,0.20779220779220778,0.20779220779220778
3:10153156:+,0.11199294532627867,0.14155844155844155,0.1182471540804874,0.1253246753246753,0.0941125541125541,0.1182471540804874
3:10153166:+,0.05660377358490566,0.05660377358490566,0.05660377358490566,0.05660377358490566,0.05660377358490566,0.05660377358490566
3:10153197:+,0.12387387387387387,0.150172231054584,0.150172231054584,0.150172231054584,0.17647058823529413,0.150172231054584
3:10153198:+,0.23076923076923078,0.23076923076923078,0.23076923076923078,0.23076923076923078,0.23076923076923078,0.23076923076923078
3:10153205:+,0.22580645161290322,0.11785714285714285,0.16666666666666666,0.16329685099846392,0.14285714285714285,0.16329685099846392
3:10153222:+,0.11764705882352941,0.11764705882352941,0.11764705882352941,0.11764705882352941,0.11764705882352941,0.11764705882352941
3:10153237:+,0.08571428571428572,0.08571428571428572,0.08571428571428572,0.08571428571428572,0.08571428571428572,0.08571428571428572
3:10153248:+,0.1111111111111111,0.13664596273291924,0.12387853692201517,0.12387853692201517,0.12387853692201517,0.12387853692201517
3:10153303:+,0.2631578947368421,0.2631578947368421,0.2631578947368421,0.2631578947368421,0.2631578947368421,0.2631578947368421
3:10153348:+,0.05063291139240506,0.07142857142857142,0.17142857142857143,0.11749016062121051,0.17647058823529413,0.11749016062121051
3:10153349:+,0.15555555555555556,0.1,0.26666666666666666,0.1,0.15555555555555556,0.15555555555555556
3:10153411:+,0.16174566174566177,0.1962574462574463,0.23076923076923078,0.1962574462574463,0.1962574462574463,0.1962574462574463
3:10153418:+,0.1625,0.125,0.2,0.1625,0.1625,0.1625
3:122573486:+,0.1563845050215208,0.1563845050215208,0.1563845050215208,0.1563845050215208,0.1563845050215208,0.1563845050215208
3:128071405:+,0.16855016123838096,0.11812397372742199,0.16,0.0914450142826646,0.10954545454545454,0.36363636363636365
3:141948496:-,0.3,0.3,0.3,0.3,0.3,0.3
3:141949876:-,0.16666666666666666,0.16666666666666666,0.16666666666666666,0.16666666666666666,0.16666666666666666,0.16666666666666666
3:141950025:-,0.3,0.3,0.3,0.3,0.3,0.3
3:142160239:-,0.2,0.2,0.2,0.2,0.2,0.2
3:142160838:-,0.14814814814814814,0.14814814814814814,0.14814814814814814,0.14814814814814814,0.14814814814814814,0.14814814814814814
3:142160922:-,0.14285714285714285,0.14285714285714285,0.14285714285714285,0.14285714285714285,0.14285714285714285,0.14285714285714285
3:142160967:-,0.288961038961039,0.288961038961039,0.288961038961039,0.288961038961039,0.288961038961039,0.288961038961039
3:142161013:-,0.21428571428571427,0.21428571428571427,0.21428571428571427,0.21428571428571427,0.21428571428571427,0.21428571428571427
3:142163777:-,0.21428571428571427,0.21428571428571427,0.21428571428571427,0.21428571428571427,0.21428571428571427,0.21428571428571427
3:150627663:+,0.25892931229048427,0.25892931229048427,0.25892931229048427,0.25892931229048427,0.25892931229048427,0.25892931229048427
3:15072147:-,0.2727272727272727,0.2727272727272727,0.2727272727272727,0.2727272727272727,0.2727272727272727,0.2727272727272727
3:15072186:-,0.3,0.3,0.3,0.3,0.3,0.3
3:156541439:-,0.2595990066578302,0.2540106951871658,0.25555555555555554,0.2692307692307692,0.2595990066578302,0.2595990066578302
3:156541617:-,0.3333333333333333,0.3333333333333333,0.3333333333333333,0.3333333333333333,0.3333333333333333,0.3333333333333333
3:179397622:-,0.17264206885525257,0.17264206885525257,0.17264206885525257,0.0967741935483871,0.17264206885525257,0.24850994416211805
3:179397782:-,0.21830357142857143,0.21830357142857143,0.21830357142857143,0.21830357142857143,0.21830357142857143,0.21830357142857143
3:179398209:-,0.275,0.275,0.275,0.25,0.275,0.3
3:183491237:-,0.3,0.3,0.3,0.3,0.3,0.3
3:183491273:-,0.21428571428571427,0.21428571428571427,0.21428571428571427,0.21428571428571427,0.21428571428571427,0.21428571428571427
3:32955481:+,0.25,0.25,0.25,0.25,0.25,0.25
3:32955738:+,0.2316017316017316,0.2316017316017316,0.2316017316017316,0.2316017316017316,0.2316017316017316,0.2316017316017316
3:32955793:+,0.19047619047619047,0.19047619047619047,0.19047619047619047,0.19047619047619047,0.19047619047619047,0.19047619047619047
3:32956061:+,0.1111111111111111,0.1111111111111111,0.1111111111111111,0.1111111111111111,0.1111111111111111,0.1111111111111111
3:38140548:+,0.07352941176470588,0.07352941176470588,0.07352941176470588,0.07352941176470588,0.07352941176470588,0.07352941176470588
3:45680343:+,0.6153846153846154,0.6153846153846154,0.6153846153846154,0.6153846153846154,0.6153846153846154,0.6153846153846154
3:45680550:+,0.23076923076923078,0.23076923076923078,0.23076923076923078,0.23076923076923078,0.23076923076923078,0.23076923076923078
3:45680562:+,0.3076923076923077,0.3076923076923077,0.3076923076923077,0.3076923076923077,0.3076923076923077,0.3076923076923077
3:48750422:-,0.4636363636363636,0.7272727272727273,0.4636363636363636,0.36363636363636365,0.3,0.4636363636363636
3:49415395:+,0.16666666666666666,0.16666666666666666,0.16666666666666666,0.16666666666666666,0.16666666666666666,0.16666666666666666
3:49423877:-,0.25,0.25,0.25,0.25,0.25,0.25
4:1386786:+,0.1875,0.1875,0.1875,0.1875,0.1875,0.1875
4:139045646:+,0.18518518518518517,0.18518518518518517,0.18518518518518517,0.18518518518518517,0.18518518518518517,0.18518518518518517
4:152622846:-,0.0625,0.0625,0.0625,0.0625,0.0625,0.0625
4:152622851:-,0.06521739130434782,0.06521739130434782,0.06521739130434782,0.06521739130434782,0.06521739130434782,0.06521739130434782
4:152622852:-,0.08291841909945571,0.08291841909945571,0.08291841909945571,0.08291841909945571,0.08291841909945571,0.08291841909945571
4:152622853:-,0.11781363708274006,0.11781363708274006,0.11781363708274006,0.11781363708274006,0.11781363708274006,0.11781363708274006
4:152622865:-,0.08676739926739925,0.08676739926739925,0.08676739926739925,0.08676739926739925,0.08676739926739925,0.08676739926739925
4:152622928:-,0.10729646697388633,0.10729646697388633,0.10729646697388633,0.10729646697388633,0.10729646697388633,0.10729646697388633
4:152622938:-,0.16297236520381306,0.16297236520381306,0.16297236520381306,0.16297236520381306,0.16297236520381306,0.16297236520381306
4:152622951:-,0.11831470939630333,0.11831470939630333,0.11831470939630333,0.11831470939630333,0.11831470939630333,0.11831470939630333
4:152622980:-,0.15789473684210525,0.15789473684210525,0.15789473684210525,0.15789473684210525,0.15789473684210525,0.15789473684210525
4:152623028:-,0.20350877192982456,0.20350877192982456,0.20350877192982456,0.20350877192982456,0.20350877192982456,0.20350877192982456
4:152623053:-,0.2346949285214024,0.2346949285214024,0.2346949285214024,0.2346949285214024,0.2346949285214024,0.2346949285214024
4:152623067:-,0.09928940568475451,0.09928940568475451,0.09928940568475451,0.09928940568475451,0.09928940568475451,0.09928940568475451
4:152623117:-,0.1020583944171984,0.1020583944171984,0.1020583944171984,0.1020583944171984,0.1020583944171984,0.1020583944171984
4:152623606:-,0.06034482758620689,0.06034482758620689,0.06034482758620689,0.06034482758620689,0.06034482758620689,0.06034482758620689
4:152623661:-,0.19627649039413744,0.19627649039413744,0.19627649039413744,0.19627649039413744,0.19627649039413744,0.19627649039413744
4:152623707:-,0.21036967418546362,0.21036967418546362,0.21036967418546362,0.21036967418546362,0.21036967418546362,0.21036967418546362
4:152623713:-,0.1318840579710145,0.1318840579710145,0.1318840579710145,0.1318840579710145,0.1318840579710145,0.1318840579710145
4:152623824:-,0.12195121951219512,0.12195121951219512,0.12195121951219512,0.12195121951219512,0.12195121951219512,0.12195121951219512
4:152623848:-,0.12,0.12,0.12,0.12,0.12,0.12
4:152624381:-,0.10372994717054122,0.10372994717054122,0.10372994717054122,0.10372994717054122,0.10372994717054122,0.10372994717054122
4:152624427:-,0.10649562425878216,0.10649562425878216,0.10649562425878216,0.10649562425878216,0.10649562425878216,0.10649562425878216
4:152624478:-,0.06493506493506493,0.06493506493506493,0.06493506493506493,0.06493506493506493,0.06493506493506493,0.06493506493506493
4:152624561:-,0.07692307692307693,0.07692307692307693,0.07692307692307693,0.07692307692307693,0.07692307692307693,0.07692307692307693
4:15732397:+,0.17647058823529413,0.17647058823529413,0.17647058823529413,0.17647058823529413,0.17647058823529413,0.17647058823529413
4:15849225:+,0.25,0.25,0.25,0.25,0.25,0.25
4:17626093:+,0.25,0.25,0.25,0.25,0.25,0.25
4:17801265:-,0.1875,0.1875,0.1875,0.1875,0.1875,0.1875
4:17801266:-,0.23076923076923078,0.23076923076923078,0.23076923076923078,0.23076923076923078,0.23076923076923078,0.23076923076923078
4:17801355:-,0.2857142857142857,0.2857142857142857,0.2857142857142857,0.2857142857142857,0.2857142857142857,0.2857142857142857
4:17801395:-,0.36363636363636365,0.36363636363636365,0.36363636363636365,0.36363636363636365,0.36363636363636365,0.36363636363636365
4:17802038:-,0.25,0.25,0.25,0.25,0.25,0.25
4:2833828:+,0.1147167761369604,0.1147167761369604,0.11538461538461539,0.1147167761369604,0.05263157894736842,0.17613413407889736
4:2839660:+,0.35714285714285715,0.31746031746031744,0.31746031746031744,0.2777777777777778,0.31746031746031744,0.31746031746031744
4:2839706:+,0.125,0.125,0.125,0.125,0.125,0.125
4:2839792:+,0.25101010101010096,0.22024410774410774,0.22024410774410774,0.22024410774410774,0.2222222222222222,0.1875
4:2839963:+,0.16228070175438597,0.1600877192982456,0.1600877192982456,0.1600877192982456,0.1600877192982456,0.15789473684210525
4:2839970:+,0.2643532422170193,0.2643532422170193,0.2643532422170193,0.28787878787878785,0.22894736842105262,0.27623357035121743
4:2840077:+,0.2,0.225,0.225,0.25,0.225,0.225
4:2840165:+,0.18181818181818182,0.14090909090909093,0.14090909090909093,0.1,0.14090909090909093,0.14090909090909093
4:2840202:+,0.2,0.2,0.2,0.15,0.2,0.25
4:2938337:-,0.2727272727272727,0.2727272727272727,0.2727272727272727,0.2727272727272727,0.2727272727272727,0.2727272727272727
4:2938397:-,0.3,0.3,0.3,0.3,0.3,0.3
4:2938702:-,0.1111111111111111,0.1111111111111111,0.1111111111111111,0.1111111111111111,0.1111111111111111,0.1111111111111111
4:39549050:-,0.23529411764705882,0.23529411764705882,0.23529411764705882,0.23529411764705882,0.23529411764705882,0.23529411764705882
4:39549082:-,0.24,0.24,0.24,0.24,0.24,0.24
4:39549094:-,0.09811912225705328,0.09811912225705328,0.09811912225705328,0.09811912225705328,0.09811912225705328,0.09811912225705328
4:39549155:-,0.30449604743083003,0.30449604743083003,0.30449604743083003,0.30449604743083003,0.30449604743083003,0.30449604743083003
4:39549166:-,0.15384615384615385,0.15384615384615385,0.15384615384615385,0.15384615384615385,0.15384615384615385,0.15384615384615385
4:39549346:-,0.19047619047619047,0.19047619047619047,0.19047619047619047,0.19047619047619047,0.19047619047619047,0.19047619047619047
4:39549410:-,0.16666666666666666,0.16666666666666666,0.16666666666666666,0.16666666666666666,0.16666666666666666,0.16666666666666666
4:57110067:-,0.13515651015651015,0.13515651015651015,0.13515651015651015,0.10714285714285714,0.16317016317016317,0.13515651015651015
4:73057696:-,0.25,0.25,0.25,0.25,0.25,0.25
4:73057731:-,0.7,0.7,0.7,0.7,0.7,0.7
4:73742584:+,0.05044136191677175,0.05044136191677175,0.05044136191677175,0.05044136191677175,0.05044136191677175,0.05044136191677175
4:73742712:+,0.06204379562043796,0.06204379562043796,0.06204379562043796,0.06204379562043796,0.06204379562043796,0.06204379562043796
4:73742730:+,0.07873929268585142,0.07873929268585142,0.07873929268585142,0.0758620786956761,0.07873929268585142,0.08161650667602673
4:77048531:-,0.0715097784993712,0.0715097784993712,0.0715097784993712,0.0715097784993712,0.0715097784993712,0.0715097784993712
4:77056010:-,0.0660532584118571,0.0660532584118571,0.0660532584118571,0.0660532584118571,0.0660532584118571,0.0660532584118571
4:77058526:-,0.15440374888722555,0.05728696793242024,0.15440374888722555,0.15440374888722555,0.15440374888722555,0.2515205298420309
4:83294325:-,0.45769230769230773,0.45769230769230773,0.45769230769230773,0.45769230769230773,0.45769230769230773,0.45769230769230773
4:83294527:-,0.17647058823529413,0.17647058823529413,0.17647058823529413,0.17647058823529413,0.17647058823529413,0.17647058823529413
4:83294564:-,0.27314814814814814,0.27314814814814814,0.27314814814814814,0.27314814814814814,0.27314814814814814,0.27314814814814814
4:83294643:-,0.24,0.24,0.24,0.24,0.24,0.24
4:83294650:-,0.1111111111111111,0.1111111111111111,0.1111111111111111,0.1111111111111111,0.1111111111111111,0.1111111111111111
4:83294697:-,0.18214285714285713,0.18214285714285713,0.18214285714285713,0.18214285714285713,0.18214285714285713,0.18214285714285713
4:83294757:-,0.12121212121212122,0.12121212121212122,0.12121212121212122,0.12121212121212122,0.12121212121212122,0.12121212121212122
4:83294836:-,0.15384615384615385,0.15384615384615385,0.15384615384615385,0.15384615384615385,0.15384615384615385,0.15384615384615385
4:83294883:-,0.16666666666666666,0.16666666666666666,0.16666666666666666,0.16666666666666666,0.16666666666666666,0.16666666666666666
4:83294981:-,0.3333333333333333,0.3333333333333333,0.3333333333333333,0.3333333333333333,0.3333333333333333,0.3333333333333333
4:83295015:-,0.33272058823529416,0.33272058823529416,0.33272058823529416,0.33272058823529416,0.33272058823529416,0.33272058823529416
5:109335496:-,0.07120262778157516,0.07120262778157516,0.07120262778157516,0.07120262778157516,0.07120262778157516,0.07120262778157516
5:119394842:+,0.21428571428571427,0.2777777777777778,0.24603174603174605,0.24603174603174605,0.24603174603174605,0.24603174603174605
5:119394868:+,0.25,0.25,0.25,0.25,0.25,0.25
5:131201061:+,0.2727272727272727,0.2727272727272727,0.2727272727272727,0.2727272727272727,0.2727272727272727,0.2727272727272727
5:131202580:+,0.3333333333333333,0.3333333333333333,0.3333333333333333,0.3333333333333333,0.3333333333333333,0.3333333333333333
5:143225440:+,0.25,0.25,0.25,0.25,0.25,0.25
5:143225870:+,0.2826545530492899,0.2826545530492899,0.2826545530492899,0.2826545530492899,0.2826545530492899,0.2826545530492899
5:143226114:+,0.12121212121212122,0.12121212121212122,0.12121212121212122,0.12121212121212122,0.12121212121212122,0.12121212121212122
5:150402140:-,0.12873512504785212,0.12873512504785212,0.12873512504785212,0.12873512504785212,0.12873512504785212,0.12873512504785212
5:151268175:+,0.22064777327935223,0.22064777327935223,0.22064777327935223,0.22064777327935223,0.22064777327935223,0.22064777327935223
5:157309799:+,0.05714285714285714,0.05714285714285714,0.05714285714285714,0.05714285714285714,0.05714285714285714,0.05714285714285714
5:157477824:-,0.07317073170731707,0.13033536585365854,0.13033536585365854,0.13033536585365854,0.13033536585365854,0.1875
5:157477844:-,0.2,0.2,0.2,0.2,0.2,0.2
5:157477920:-,0.11314427372779774,0.11314427372779774,0.11314427372779774,0.11314427372779774,0.11314427372779774,0.11314427372779774
5:157477936:-,0.05102040816326531,0.05102040816326531,0.05102040816326531,0.05102040816326531,0.05102040816326531,0.05102040816326531
5:157477938:-,0.07421164096224388,0.07421164096224388,0.07421164096224388,0.07421164096224388,0.07421164096224388,0.07421164096224388
5:157477941:-,0.06666666666666667,0.11538461538461539,0.1083028083028083,0.1083028083028083,0.1083028083028083,0.14285714285714285
5:157478364:-,0.07037037037037036,0.07037037037037036,0.07037037037037036,0.07037037037037036,0.07037037037037036,0.07037037037037036
5:157478387:-,0.14335560185539162,0.14335560185539162,0.14335560185539162,0.14335560185539162,0.14335560185539162,0.14335560185539162
5:157478389:-,0.13255494505494506,0.13255494505494506,0.13255494505494506,0.13255494505494506,0.13255494505494506,0.13255494505494506
5:157478402:-,0.11354001059883413,0.11354001059883413,0.11354001059883413,0.11354001059883413,0.11354001059883413,0.11354001059883413
5:157478436:-,0.30434782608695654,0.30434782608695654,0.30434782608695654,0.30434782608695654,0.30434782608695654,0.30434782608695654
5:157478484:-,0.06097560975609756,0.06097560975609756,0.06097560975609756,0.06097560975609756,0.06097560975609756,0.06097560975609756
5:157478552:-,0.1111111111111111,0.1111111111111111,0.1111111111111111,0.1111111111111111,0.1111111111111111,0.1111111111111111
5:157478557:-,0.10375168928844232,0.10375168928844232,0.10375168928844232,0.10375168928844232,0.10375168928844232,0.10375168928844232
5:172043056:-,0.125,0.125,0.125,0.125,0.125,0.125
5:55940134:+,0.15159914712153516,0.15159914712153516,0.15159914712153516,0.15159914712153516,0.15159914712153516,0.15159914712153516
5:65668352:-,0.2,0.2,0.2,0.2,0.2,0.2
5:65668392:-,0.21052631578947367,0.21052631578947367,0.21052631578947367,0.21052631578947367,0.21052631578947367,0.21052631578947367
5:69280912:-,0.14285714285714285,0.14285714285714285,0.14285714285714285,0.14285714285714285,0.14285714285714285,0.14285714285714285
5:79685799:+,0.17488851727982163,0.17488851727982163,0.17488851727982163,0.17488851727982163,0.17488851727982163,0.17488851727982163
5:96917784:+,0.06666666666666667,0.06666666666666667,0.06666666666666667,0.06666666666666667,0.06666666666666667,0.06666666666666667
6:109463123:-,0.2857142857142857,0.2857142857142857,0.2857142857142857,0.2857142857142857,0.2857142857142857,0.2857142857142857
6:134170114:-,0.12669327501366867,0.12669327501366867,0.12669327501366867,0.12669327501366867,0.12669327501366867,0.12669327501366867
6:149449356:-,0.14814814814814814,0.15789473684210525,0.1530214424951267,0.1530214424951267,0.1530214424951267,0.1530214424951267
6:149449360:-,0.23168276972624796,0.17647058823529413,0.2727272727272727,0.22696021022960491,0.22696021022960491,0.22696021022960491
6:149449361:-,0.19871175523349435,0.15789473684210525,0.1783032460377998,0.1783032460377998,0.1783032460377998,0.1783032460377998
6:149449381:-,0.26666666666666666,0.2692307692307693,0.267948717948718,0.267948717948718,0.267948717948718,0.267948717948718
6:149449710:-,0.1875,0.20833333333333334,0.19791666666666669,0.19791666666666669,0.19791666666666669,0.19791666666666669
6:149591170:+,0.19047619047619047,0.19047619047619047,0.19047619047619047,0.19047619047619047,0.19047619047619047,0.19047619047619047
6:25986438:+,0.14814814814814814,0.14814814814814814,0.14814814814814814,0.14814814814814814,0.14814814814814814,0.14814814814814814
6:35575355:-,0.10227272727272727,0.10227272727272727,0.10227272727272727,0.10227272727272727,0.10227272727272727,0.10227272727272727
6:36140564:+,0.08899521531100478,0.08899521531100478,0.08899521531100478,0.08899521531100478,0.08899521531100478,0.08899521531100478
6:36140914:+,0.14285714285714285,0.2857142857142857,0.2403846153846154,0.2356663398330065,0.2356663398330065,0.27370931537598203
6:36141022:+,0.2029468365317422,0.23076923076923078,0.2029468365317422,0.2029468365317422,0.2,0.17807127882599583
6:36141035:+,0.13352272727272727,0.13352272727272727,0.13352272727272727,0.13352272727272727,0.13352272727272727,0.13352272727272727
6:36141062:+,0.23704304954304953,0.23704304954304953,0.23704304954304953,0.23704304954304953,0.23704304954304953,0.23704304954304953
6:36141666:+,0.13333333333333333,0.13333333333333333,0.13333333333333333,0.13333333333333333,0.13333333333333333,0.13333333333333333
6:36144101:+,0.057692307692307696,0.057692307692307696,0.057692307692307696,0.057692307692307696,0.057692307692307696,0.057692307692307696
6:36495067:-,0.125,0.125,0.125,0.125,0.125,0.125
6:37028685:+,0.05128205128205128,0.05128205128205128,0.05128205128205128,0.05128205128205128,0.05128205128205128,0.05128205128205128
6:407707:+,0.07692307692307693,0.07692307692307693,0.07692307692307693,0.07692307692307693,0.07692307692307693,0.07692307692307693
6:42079687:+,0.25,0.25,0.25,0.25,0.25,0.25
6:42080537:+,0.3,0.3,0.3,0.3,0.3,0.3
6:42256770:-,0.18823529411764706,0.18823529411764706,0.18823529411764706,0.18823529411764706,0.18823529411764706,0.18823529411764706
6:42691943:+,0.10344827586206896,0.10344827586206896,0.10344827586206896,0.10344827586206896,0.10344827586206896,0.10344827586206896
6:42888240:+,0.3,0.3,0.3,0.3,0.3,0.3
6:42888591:+,0.2,0.2,0.2,0.2,0.2,0.2
6:42889397:+,0.3333333333333333,0.3333333333333333,0.3333333333333333,0.3333333333333333,0.3333333333333333,0.3333333333333333
6:63211926:+,0.15392720306513408,0.15392720306513408,0.15392720306513408,0.12729885057471263,0.15392720306513408,0.18055555555555555
7:100399967:+,0.057867957626541316,0.057867957626541316,0.057867957626541316,0.057867957626541316,0.057867957626541316,0.057867957626541316
7:101092132:+,0.25,0.25,0.25,0.25,0.25,0.25
7:102448589:+,0.058333333333333334,0.058333333333333334,0.058333333333333334,0.058333333333333334,0.058333333333333334,0.058333333333333334
7:102449381:+,0.0625,0.0625,0.0625,0.0625,0.0625,0.0625
7:102449810:+,0.06818181818181818,0.06818181818181818,0.06818181818181818,0.06818181818181818,0.06818181818181818,0.06818181818181818
7:102449913:+,0.05714285714285714,0.05714285714285714,0.05714285714285714,0.05714285714285714,0.05714285714285714,0.05714285714285714
7:102451079:+,0.07017543859649122,0.07017543859649122,0.07017543859649122,0.07017543859649122,0.07017543859649122,0.07017543859649122
7:102452878:+,0.3,0.3,0.3,0.3,0.3,0.3
7:102452937:+,0.25,0.21428571428571427,0.21428571428571427,0.21428571428571427,0.21428571428571427,0.17857142857142855
7:102453345:+,0.19090909090909092,0.19090909090909092,0.19090909090909092,0.19090909090909092,0.19090909090909092,0.19090909090909092
7:102454179:+,0.25,0.25,0.25,0.25,0.25,0.25
7:102454184:+,0.3333333333333333,0.3333333333333333,0.3333333333333333,0.3333333333333333,0.3333333333333333,0.3333333333333333
7:102454913:+,0.3,0.3,0.3,0.3,0.3,0.3
7:102456453:+,0.3,0.3,0.3,0.3,0.3,0.3
7:102637153:-,0.08,0.08,0.08,0.08,0.08,0.08
7:102637213:-,0.1,0.1,0.1,0.1,0.1,0.1
7:102637230:-,0.15651072124756335,0.1530214424951267,0.16,0.15651072124756335,0.15651072124756335,0.15651072124756335
7:102637274:-,0.08571428571428572,0.15824175824175823,0.15824175824175823,0.15824175824175823,0.15824175824175823,0.23076923076923078
7:102637284:-,0.13793103448275862,0.14285714285714285,0.1637714977097917,0.1637714977097917,0.21052631578947367,0.1637714977097917
7:102637313:-,0.14285714285714285,0.14285714285714285,0.14285714285714285,0.14285714285714285,0.14285714285714285,0.14285714285714285
7:102637333:-,0.17647058823529413,0.17647058823529413,0.17647058823529413,0.17647058823529413,0.17647058823529413,0.17647058823529413
7:139047444:-,0.23529411764705882,0.23529411764705882,0.23529411764705882,0.23529411764705882,0.23529411764705882,0.23529411764705882
7:156970053:+,0.3,0.3,0.3,0.3,0.3,0.3
7:17344729:+,0.13386135141454292,0.13386135141454292,0.13386135141454292,0.13386135141454292,0.13386135141454292,0.13386135141454292
7:17344812:+,0.060565168096224,0.060565168096224,0.060565168096224,0.060565168096224,0.060565168096224,0.060565168096224
7:17344889:+,0.15789473684210525,0.15789473684210525,0.15789473684210525,0.15789473684210525,0.15789473684210525,0.15789473684210525
7:17345061:+,0.14285714285714285,0.14285714285714285,0.14285714285714285,0.14285714285714285,0.14285714285714285,0.14285714285714285
7:17345105:+,0.12238733488733487,0.12238733488733487,0.12238733488733487,0.12238733488733487,0.12238733488733487,0.12238733488733487
7:17345149:+,0.11426804189962085,0.11426804189962085,0.11426804189962085,0.11426804189962085,0.11426804189962085,0.11426804189962085
7:17345193:+,0.17651695456809752,0.17651695456809752,0.2727272727272727,0.08030663640892234,0.17651695456809752,0.17651695456809752
7:17345255:+,0.09172932330827067,0.09172932330827067,0.09172932330827067,0.09172932330827067,0.09172932330827067,0.09172932330827067
7:17345257:+,0.21658249158249157,0.21658249158249157,0.3333333333333333,0.09983164983164983,0.21658249158249157,0.21658249158249157
7:17345262:+,0.18591926793556707,0.2777777777777778,0.18591926793556707,0.09406075809335634,0.18591926793556707,0.18591926793556707
7:35633383:-,0.1,0.1,0.1,0.1,0.1,0.1
7:39950702:+,0.07142857142857142,0.07142857142857142,0.07142857142857142,0.07142857142857142,0.07142857142857142,0.07142857142857142
7:39950744:+,0.1875,0.15178571428571427,0.125,0.15178571428571427,0.14285714285714285,0.15178571428571427
7:39950927:+,0.14375,0.228125,0.3125,0.228125,0.228125,0.228125
7:39950978:+,0.1,0.1,0.1,0.1,0.1,0.1
7:39950990:+,0.1411172420298057,0.12121212121212122,0.18518518518518517,0.16545006567820658,0.21428571428571427,0.16545006567820658
7:44578827:-,0.05357142857142857,0.05357142857142857,0.05357142857142857,0.05357142857142857,0.05357142857142857,0.05357142857142857
7:44801787:+,0.16666666666666666,0.16666666666666666,0.16666666666666666,0.16666666666666666,0.16666666666666666,0.16666666666666666
7:44801919:+,0.2702702702702703,0.14393939393939392,0.17647058823529413,0.1968934174816528,0.1968934174816528,0.1968934174816528
7:44801989:+,0.10499431656720659,0.09456983923578752,0.16815856777493604,0.12,0.2727272727272727,0.15208999926104055
7:44802248:+,0.3333333333333333,0.26339285714285715,0.3333333333333333,0.26785714285714285,0.44405594405594406,0.32839452214452214
7:44802257:+,0.25,0.25,0.25,0.25,0.25,0.25
7:44802331:+,0.14285714285714285,0.14285714285714285,0.14285714285714285,0.14285714285714285,0.14285714285714285,0.14285714285714285
7:44802370:+,0.0975609756097561,0.0975609756097561,0.0975609756097561,0.0975609756097561,0.0975609756097561,0.0975609756097561
7:44802499:+,0.13462885154061624,0.2407261448640759,0.21689081615552203,0.2703005115089514,0.22217365967365968,0.21694399674856504
7:44832905:-,0.2727272727272727,0.2727272727272727,0.2727272727272727,0.2727272727272727,0.2727272727272727,0.2727272727272727
7:44833227:-,0.21428571428571427,0.21428571428571427,0.21428571428571427,0.21428571428571427,0.21428571428571427,0.21428571428571427
7:44833452:-,0.3333333333333333,0.3333333333333333,0.3333333333333333,0.3333333333333333,0.3333333333333333,0.3333333333333333
7:5621314:-,0.06,0.06,0.06,0.06,0.06,0.06
7:5622560:-,0.14811162173832582,0.06976744186046512,0.10256410256410256,0.14811162173832582,0.10344827586206896,0.31666666666666665
7:66153558:+,0.13636363636363635,0.13636363636363635,0.13636363636363635,0.13636363636363635,0.13636363636363635,0.13636363636363635
7:66153601:+,0.13636363636363635,0.13636363636363635,0.13636363636363635,0.13636363636363635,0.13636363636363635,0.13636363636363635
7:66153798:+,0.36363636363636365,0.36363636363636365,0.36363636363636365,0.36363636363636365,0.36363636363636365,0.36363636363636365
7:66153992:+,0.13636363636363635,0.13636363636363635,0.13636363636363635,0.13636363636363635,0.13636363636363635,0.13636363636363635
7:66154040:+,0.17647058823529413,0.17647058823529413,0.17647058823529413,0.17647058823529413,0.17647058823529413,0.17647058823529413
7:66154341:+,0.22857142857142856,0.22857142857142856,0.22857142857142856,0.25,0.20714285714285713,0.22857142857142856
7:66154378:+,0.2333333333333333,0.2333333333333333,0.2,0.2,0.2333333333333333,0.3
7:7245841:+,0.25,0.25,0.25,0.25,0.25,0.25
7:7246187:+,0.08571428571428572,0.16666666666666666,0.1261904761904762,0.1261904761904762,0.1261904761904762,0.1261904761904762
7:7246204:+,0.23076923076923078,0.23076923076923078,0.23076923076923078,0.23076923076923078,0.23076923076923078,0.23076923076923078
7:88277747:-,0.060240963855421686,0.060240963855421686,0.060240963855421686,0.060240963855421686,0.060240963855421686,0.060240963855421686
7:99574489:+,0.13043478260869565,0.25,0.16666666666666666,0.19233091787439613,0.2222222222222222,0.19233091787439613
7:99574502:+,0.10714285714285714,0.10714285714285714,0.10714285714285714,0.10714285714285714,0.10714285714285714,0.10714285714285714
7:99574503:+,0.28295548654244307,0.21732026143790847,0.26401958242462137,0.28108974358974365,0.18823529411764706,0.24672407362247273
7:99575318:+,0.21428571428571427,0.21428571428571427,0.21428571428571427,0.21428571428571427,0.21428571428571427,0.21428571428571427
8:102829408:-,0.10503168003168004,0.07692307692307693,0.10503168003168004,0.10503168003168004,0.10503168003168004,0.13314028314028314
8:11842703:-,0.1395118230358505,0.1395118230358505,0.1395118230358505,0.1395118230358505,0.1395118230358505,0.1395118230358505
8:11842708:-,0.075,0.075,0.075,0.075,0.075,0.075
8:11842721:-,0.14039656432748537,0.14039656432748537,0.14039656432748537,0.14039656432748537,0.14039656432748537,0.14039656432748537
8:11842733:-,0.067629179331307,0.067629179331307,0.067629179331307,0.067629179331307,0.067629179331307,0.067629179331307
8:11842741:-,0.08695652173913043,0.08695652173913043,0.08695652173913043,0.08695652173913043,0.08695652173913043,0.08695652173913043
8:11842744:-,0.06,0.06,0.06,0.06,0.06,0.06
8:11842751:-,0.13323275124122583,0.13323275124122583,0.13323275124122583,0.13323275124122583,0.13323275124122583,0.13323275124122583
8:11842774:-,0.11764705882352941,0.11764705882352941,0.11764705882352941,0.11764705882352941,0.11764705882352941,0.11764705882352941
8:11842853:-,0.2065664670486832,0.2727272727272727,0.2065664670486832,0.14040566137009367,0.2065664670486832,0.2065664670486832
8:11842863:-,0.10526315789473684,0.10526315789473684,0.10526315789473684,0.10526315789473684,0.10526315789473684,0.10526315789473684
8:11842909:-,0.2692307692307692,0.2692307692307692,0.2692307692307692,0.2692307692307692,0.2692307692307692,0.2692307692307692
8:11843016:-,0.13793103448275862,0.13793103448275862,0.13793103448275862,0.13793103448275862,0.13793103448275862,0.13793103448275862
8:11843166:-,0.18833193127558429,0.2,0.18833193127558429,0.17666386255116856,0.18833193127558429,0.18833193127558429
8:11843167:-,0.26666666666666666,0.26666666666666666,0.26666666666666666,0.26666666666666666,0.26666666666666666,0.26666666666666666
8:11843175:-,0.125,0.125,0.125,0.125,0.125,0.125
8:11843813:-,0.2,0.2,0.2,0.2,0.2,0.2
8:11843847:-,0.19659224441833137,0.2,0.19659224441833137,0.19318448883666273,0.19659224441833137,0.19659224441833137
8:11843909:-,0.19545454545454544,0.3,0.19545454545454544,0.09090909090909091,0.19545454545454544,0.19545454545454544
8:11843919:-,0.1808897017155221,0.14285714285714285,0.1808897017155221,0.21892226057390138,0.1808897017155221,0.1808897017155221
8:11843931:-,0.16193394024276375,0.1746031746031746,0.16193394024276375,0.14926470588235294,0.16193394024276375,0.16193394024276375
8:11843948:-,0.2106055402930403,0.14285714285714285,0.2106055402930403,0.27835393772893774,0.2106055402930403,0.2106055402930403
8:11843970:-,0.0967741935483871,0.0967741935483871,0.0967741935483871,0.0967741935483871,0.0967741935483871,0.0967741935483871
8:11843994:-,0.1,0.1,0.1,0.1,0.1,0.1
8:11843999:-,0.09052631578947368,0.09052631578947368,0.09052631578947368,0.09052631578947368,0.09052631578947368,0.09052631578947368
8:11844020:-,0.07695906432748538,0.07695906432748538,0.07695906432748538,0.07695906432748538,0.07695906432748538,0.07695906432748538
8:11844026:-,0.18970217640320733,0.18970217640320733,0.18970217640320733,0.07940435280641467,0.18970217640320733,0.3
8:30678435:-,0.2146375718626358,0.2146375718626358,0.2146375718626358,0.21153846153846156,0.16521739130434782,0.26715686274509803
8:30678462:-,0.25299623369854896,0.20089285714285715,0.25299623369854896,0.3498885172798216,0.15789473684210525,0.3033088235294118
8:30678560:-,0.3333333333333333,0.3,0.27140740298546356,0.17285379618527563,0.2512254901960784,0.2996243952126305
8:30678607:-,0.1882832080200501,0.21428571428571427,0.1882832080200501,0.1882832080200501,0.1882832080200501,0.16228070175438597
8:30678892:-,0.2222222222222222,0.2222222222222222,0.2222222222222222,0.2222222222222222,0.2222222222222222,0.2222222222222222
8:30678932:-,0.19940476190476192,0.19940476190476192,0.19940476190476192,0.19940476190476192,0.19940476190476192,0.19940476190476192
8:30679085:-,0.2727272727272727,0.2727272727272727,0.2727272727272727,0.2727272727272727,0.2727272727272727,0.2727272727272727
8:38264244:-,0.06382978723404255,0.06382978723404255,0.06382978723404255,0.06382978723404255,0.06382978723404255,0.06382978723404255
8:38970717:+,0.05714285714285714,0.05714285714285714,0.05714285714285714,0.05714285714285714,0.05714285714285714,0.05714285714285714
8:38970747:+,0.055248927676005276,0.1121281529371788,0.1121281529371788,0.1121281529371788,0.10256410256410256,0.17857142857142855
8:38971691:+,0.16666666666666666,0.16666666666666666,0.16666666666666666,0.16666666666666666,0.16666666666666666,0.16666666666666666
8:38971700:+,0.10714285714285714,0.10714285714285714,0.10714285714285714,0.10714285714285714,0.10714285714285714,0.10714285714285714
8:38971825:+,0.11243182283430694,0.25,0.2727272727272727,0.19383279591329275,0.15384615384615385,0.18015873015873016
8:38971933:+,0.23809523809523808,0.23809523809523808,0.23809523809523808,0.23809523809523808,0.23809523809523808,0.23809523809523808
8:38972217:+,0.10644973343845056,0.15,0.23660714285714285,0.1952759616262222,0.1515151515151515,0.3318077803203661
8:38972234:+,0.17778625643367285,0.3125,0.25,0.24188974592660004,0.22727272727272727,0.24188974592660004
8:38972255:+,0.09306434599156117,0.14682468782235603,0.14682468782235603,0.14682468782235603,0.13150062656641603,0.2159090909090909
8:38972290:+,0.06316727687838536,0.06316727687838536,0.06316727687838536,0.06316727687838536,0.06316727687838536,0.06316727687838536
8:38972458:+,0.06666666666666667,0.06666666666666667,0.06666666666666667,0.06666666666666667,0.06666666666666667,0.06666666666666667
8:38972976:+,0.13636363636363635,0.13636363636363635,0.13636363636363635,0.13636363636363635,0.13636363636363635,0.13636363636363635
8:38973016:+,0.14334239130434784,0.14334239130434784,0.14334239130434784,0.14334239130434784,0.15625,0.13043478260869565
8:38973066:+,0.06092941611234294,0.12,0.21428571428571427,0.2222222222222222,0.11064425770308123,0.23529411764705882
8:97728665:+,0.21428571428571427,0.21428571428571427,0.21428571428571427,0.21428571428571427,0.21428571428571427,0.21428571428571427
8:97728671:+,0.1875,0.1875,0.1875,0.1875,0.1875,0.1875
8:97729161:+,0.3,0.3,0.3,0.3,0.3,0.3
8:97729188:+,0.25,0.25,0.25,0.25,0.25,0.25
9:112224150:-,0.08346533031887723,0.08346533031887723,0.08346533031887723,0.08346533031887723,0.08346533031887723,0.08346533031887723
9:114337101:-,0.05466101694915254,0.05466101694915254,0.05466101694915254,0.05466101694915254,0.05466101694915254,0.05466101694915254
9:120601926:-,0.07511102036649482,0.07511102036649482,0.07511102036649482,0.07511102036649482,0.07511102036649482,0.07511102036649482
9:123380441:-,0.3,0.3,0.3,0.3,0.3,0.3
9:129809391:+,0.06779661016949153,0.06779661016949153,0.06779661016949153,0.06779661016949153,0.06779661016949153,0.06779661016949153
9:131497876:+,0.08125291531171452,0.0780159521435693,0.0975609756097561,0.08125291531171452,0.06818181818181818,0.08125291531171452
9:133362695:-,0.11787274699779411,0.08576822706173068,0.07660181578720904,0.0826571114231356,0.07856499935707856,0.26577158135981666
9:134905623:-,0.09779220779220779,0.09779220779220779,0.09779220779220779,0.09779220779220779,0.09779220779220779,0.09779220779220779
9:134906088:-,0.0967741935483871,0.0967741935483871,0.0967741935483871,0.0967741935483871,0.0967741935483871,0.0967741935483871
9:134906133:-,0.0998062015503876,0.0998062015503876,0.0998062015503876,0.0998062015503876,0.0998062015503876,0.0998062015503876
9:134906167:-,0.07692307692307693,0.07692307692307693,0.07692307692307693,0.07692307692307693,0.07692307692307693,0.07692307692307693
9:134906213:-,0.11435574229691876,0.11435574229691876,0.11435574229691876,0.11435574229691876,0.11435574229691876,0.11435574229691876
9:134906813:-,0.07692307692307693,0.07692307692307693,0.07692307692307693,0.07692307692307693,0.07692307692307693,0.07692307692307693
9:134906826:-,0.08064516129032258,0.08064516129032258,0.08064516129032258,0.08064516129032258,0.08064516129032258,0.08064516129032258
9:134907065:-,0.09090909090909091,0.09090909090909091,0.09090909090909091,0.09090909090909091,0.09090909090909091,0.09090909090909091
9:136441102:-,0.14545454545454545,0.09090909090909091,0.14545454545454545,0.14545454545454545,0.2,0.14545454545454545
9:136441170:-,0.23076923076923078,0.23076923076923078,0.23076923076923078,0.23076923076923078,0.23076923076923078,0.23076923076923078
9:32456319:-,0.27705627705627706,0.27705627705627706,0.27705627705627706,0.27705627705627706,0.27705627705627706,0.27705627705627706
9:32456414:-,0.23529411764705882,0.23529411764705882,0.23529411764705882,0.23529411764705882,0.23529411764705882,0.23529411764705882
9:32456450:-,0.3101851851851852,0.3101851851851852,0.3101851851851852,0.3101851851851852,0.3101851851851852,0.3101851851851852
9:32456454:-,0.2727272727272727,0.2727272727272727,0.2727272727272727,0.2727272727272727,0.2727272727272727,0.2727272727272727
9:37503348:+,0.21428571428571427,0.13692307692307693,0.1756043956043956,0.1756043956043956,0.1756043956043956,0.1756043956043956
9:37503369:+,0.10714285714285714,0.10714285714285714,0.10714285714285714,0.10714285714285714,0.10714285714285714,0.10714285714285714
9:37503394:+,0.12,0.21583850931677018,0.22906658126045334,0.1883016968590745,0.1883016968590745,0.1883016968590745
9:37503492:+,0.12,0.12,0.12,0.12,0.12,0.12
9:37503540:+,0.16666666666666666,0.16666666666666666,0.16666666666666666,0.16666666666666666,0.16666666666666666,0.16666666666666666
9:78272287:+,0.1875,0.1875,0.1875,0.1875,0.1875,0.1875
9:86027282:-,0.29411764705882354,0.29411764705882354,0.29411764705882354,0.29411764705882354,0.29411764705882354,0.29411764705882354
X:101009677:-,0.3,0.3,0.3,0.3,0.3,0.3
X:101009678:-,0.17647058823529413,0.2,0.18823529411764706,0.18823529411764706,0.18823529411764706,0.18823529411764706
X:101010295:-,0.2727272727272727,0.2091346153846154,0.24093094405594406,0.24093094405594406,0.24093094405594406,0.24093094405594406
X:101010359:-,0.23076923076923078,0.23076923076923078,0.23076923076923078,0.23076923076923078,0.23076923076923078,0.23076923076923078
X:108077913:+,0.7,0.7,0.7,0.7,0.7,0.7
X:110174104:+,0.1786039451091171,0.1786039451091171,0.1786039451091171,0.1786039451091171,0.1786039451091171,0.1786039451091171
X:119539274:-,0.2727272727272727,0.2727272727272727,0.2727272727272727,0.2727272727272727,0.2727272727272727,0.2727272727272727
X:123913014:+,0.25,0.25,0.25,0.25,0.25,0.25
X:123913261:+,0.38461538461538464,0.38461538461538464,0.38461538461538464,0.38461538461538464,0.38461538461538464,0.38461538461538464
X:123913275:+,0.3333333333333333,0.3333333333333333,0.3333333333333333,0.3333333333333333,0.3333333333333333,0.3333333333333333
X:123913444:+,0.3157894736842105,0.3,0.3078947368421052,0.3078947368421052,0.3078947368421052,0.3078947368421052
X:12922710:+,0.10203809598121397,0.10203809598121397,0.10203809598121397,0.10203809598121397,0.10203809598121397,0.10203809598121397
X:12922721:+,0.08403361344537816,0.08403361344537816,0.08403361344537816,0.08403361344537816,0.08403361344537816,0.08403361344537816
X:12922725:+,0.06629903496678782,0.06629903496678782,0.06629903496678782,0.06629903496678782,0.06629903496678782,0.06629903496678782
X:154011114:-,0.05405405405405406,0.05405405405405406,0.05405405405405406,0.05405405405405406,0.05405405405405406,0.05405405405405406
X:154011235:-,0.07142857142857142,0.07142857142857142,0.07142857142857142,0.07142857142857142,0.07142857142857142,0.07142857142857142
X:154011308:-,0.05,0.05,0.05,0.05,0.05,0.05
X:154011335:-,0.05172413793103448,0.05172413793103448,0.05172413793103448,0.05172413793103448,0.05172413793103448,0.05172413793103448
X:154351581:-,0.16737902235323018,0.10869565217391304,0.06666666666666667,0.11424711373126996,0.11424711373126996,0.11424711373126996
X:154351588:-,0.05084745762711865,0.05084745762711865,0.05084745762711865,0.05084745762711865,0.05084745762711865,0.05084745762711865
X:15782971:+,0.19038461538461537,0.15,0.19038461538461537,0.19038461538461537,0.23076923076923078,0.19038461538461537
X:24077207:+,0.08297413793103448,0.08297413793103448,0.08297413793103448,0.08297413793103448,0.08297413793103448,0.08297413793103448
X:24077265:+,0.05970149253731343,0.05970149253731343,0.05970149253731343,0.05970149253731343,0.05970149253731343,0.05970149253731343
X:2906197:-,0.2727272727272727,0.2727272727272727,0.2727272727272727,0.2727272727272727,0.2727272727272727,0.2727272727272727
X:46604578:-,0.23076923076923078,0.23076923076923078,0.23076923076923078,0.23076923076923078,0.23076923076923078,0.23076923076923078
X:46605078:-,0.2928571428571428,0.2928571428571428,0.2928571428571428,0.2928571428571428,0.2928571428571428,0.2928571428571428
X:46881375:+,0.08196721311475409,0.08196721311475409,0.08196721311475409,0.08196721311475409,0.08196721311475409,0.08196721311475409
X:48577959:+,0.06382978723404255,0.06382978723404255,0.06382978723404255,0.06382978723404255,0.06382978723404255,0.06382978723404255
X:54563646:+,0.3,0.3,0.3,0.3,0.3,0.3
X:77827509:-,0.2727272727272727,0.2727272727272727,0.2727272727272727,0.2727272727272727,0.2727272727272727,0.2727272727272727
X:77828076:-,0.13043478260869565,0.13043478260869565,0.13043478260869565,0.13043478260869565,0.13043478260869565,0.13043478260869565
X:77828077:-,0.2,0.2,0.2,0.2,0.2,0.2
X:77828119:-,0.3076923076923077,0.3076923076923077,0.3076923076923077,0.3076923076923077,0.3076923076923077,0.3076923076923077
X:77828225:-,0.3333333333333333,0.3333333333333333,0.3333333333333333,0.3333333333333333,0.3333333333333333,0.3333333333333333
X:77828466:-,0.3333333333333333,0.3333333333333333,0.3333333333333333,0.3333333333333333,0.3333333333333333,0.3333333333333333
X:77828483:-,0.17391304347826086,0.17391304347826086,0.17391304347826086,0.17391304347826086,0.17391304347826086,0.17391304347826086
X:77828503:-,0.2727272727272727,0.1875,0.3333333333333333,0.16366041366041365,0.2222222222222222,0.23588864838864837
X:77828544:-,0.3,0.3,0.3,0.3,0.3,0.3
